"employee_id","business_unit","department","job_level","manager_status","work_arrangement","location_region","hire_date","tenure_years","tenure_group"
"EMP0001","Client Operations","Customer Support","Professional","Individual Contributor","On-site","South",2020-11-25,4.89,"3-5 years"
"EMP0002","Client Operations","Customer Support","Entry Level","Individual Contributor","On-site","South",2024-11-25,0.89,"Less than 1 year"
"EMP0003","Client Operations","Customer Support","Manager","People Manager","Remote","Northeast",2024-02-27,1.63,"1-2 years"
"EMP0004","Client Operations","Customer Support","Professional","Individual Contributor","Hybrid","Northeast",2025-07-29,0.21,"Less than 1 year"
"EMP0005","Client Operations","Customer Support","Professional","Individual Contributor","On-site","Northeast",2007-03-14,18.59,"11 or more years"
"EMP0006","Client Operations","Customer Support","Professional","Individual Contributor","On-site","Northeast",2019-12-26,5.8,"3-5 years"
"EMP0007","Client Operations","Customer Support","Professional","Individual Contributor","On-site","Midwest",2023-11-23,1.89,"1-2 years"
"EMP0008","Client Operations","Customer Support","Entry Level","Individual Contributor","On-site","South",2024-10-29,0.96,"Less than 1 year"
"EMP0009","Client Operations","Customer Support","Entry Level","Individual Contributor","On-site","Northeast",2018-07-03,7.29,"6-10 years"
"EMP0010","Client Operations","Customer Support","Entry Level","Individual Contributor","On-site","Northeast",2024-08-21,1.15,"1-2 years"
"EMP0011","Client Operations","Customer Support","Director and Above","Individual Contributor","Hybrid","West",2006-06-01,19.37,"11 or more years"
"EMP0012","Client Operations","Customer Support","Professional","Individual Contributor","On-site","West",2022-11-26,2.89,"1-2 years"
"EMP0013","Client Operations","Customer Support","Manager","Individual Contributor","On-site","Northeast",2019-02-26,6.63,"6-10 years"
"EMP0014","Client Operations","Customer Support","Entry Level","Individual Contributor","On-site","West",2016-03-30,9.54,"6-10 years"
"EMP0015","Client Operations","Customer Support","Senior Professional","Individual Contributor","On-site","Midwest",2019-11-07,5.94,"3-5 years"
"EMP0016","Client Operations","Customer Support","Entry Level","Individual Contributor","On-site","Midwest",2025-09-10,0.1,"Less than 1 year"
"EMP0017","Client Operations","Customer Support","Manager","People Manager","On-site","Midwest",2020-12-12,4.84,"3-5 years"
"EMP0018","Client Operations","Customer Support","Entry Level","Individual Contributor","On-site","South",2021-06-24,4.31,"3-5 years"
"EMP0019","Client Operations","Customer Support","Entry Level","Individual Contributor","Hybrid","Midwest",2024-04-26,1.47,"1-2 years"
"EMP0020","Client Operations","Customer Support","Senior Professional","Individual Contributor","Hybrid","Northeast",2008-08-18,17.16,"11 or more years"
"EMP0021","Client Operations","Customer Support","Entry Level","Individual Contributor","On-site","Northeast",2025-07-24,0.23,"Less than 1 year"
"EMP0022","Client Operations","Customer Support","Senior Professional","Individual Contributor","Hybrid","West",2015-03-05,10.61,"6-10 years"
"EMP0023","Client Operations","Customer Support","Senior Professional","Individual Contributor","On-site","Northeast",2018-09-23,7.06,"6-10 years"
"EMP0024","Client Operations","Customer Support","Senior Professional","Individual Contributor","Hybrid","Midwest",2009-07-22,16.23,"11 or more years"
"EMP0025","Client Operations","Customer Support","Senior Professional","Individual Contributor","On-site","West",2018-06-24,7.31,"6-10 years"
"EMP0026","Client Operations","Customer Support","Entry Level","Individual Contributor","On-site","South",2015-06-25,10.31,"6-10 years"
"EMP0027","Client Operations","Customer Support","Entry Level","Individual Contributor","On-site","Northeast",2024-09-20,1.07,"1-2 years"
"EMP0028","Client Operations","Customer Support","Entry Level","Individual Contributor","On-site","South",2018-12-18,6.83,"6-10 years"
"EMP0029","Client Operations","Customer Support","Professional","Individual Contributor","On-site","West",2021-10-13,4.01,"3-5 years"
"EMP0030","Client Operations","Customer Support","Professional","Individual Contributor","On-site","Northeast",2021-07-15,4.25,"3-5 years"
"EMP0031","Client Operations","Customer Support","Entry Level","Individual Contributor","Hybrid","Northeast",2012-05-27,13.39,"11 or more years"
"EMP0032","Client Operations","Customer Support","Professional","Individual Contributor","On-site","Northeast",2006-10-02,19.04,"11 or more years"
"EMP0033","Client Operations","Customer Support","Professional","Individual Contributor","On-site","Midwest",2016-04-15,9.5,"6-10 years"
"EMP0034","Client Operations","Customer Support","Professional","Individual Contributor","On-site","Northeast",2025-02-05,0.69,"Less than 1 year"
"EMP0035","Client Operations","Customer Support","Entry Level","Individual Contributor","On-site","South",2021-02-10,4.68,"3-5 years"
"EMP0036","Client Operations","Customer Support","Senior Professional","People Manager","On-site","Northeast",2024-08-12,1.17,"1-2 years"
"EMP0037","Client Operations","Customer Support","Entry Level","Individual Contributor","On-site","Midwest",2025-08-07,0.19,"Less than 1 year"
"EMP0038","Client Operations","Customer Support","Senior Professional","Individual Contributor","Hybrid","Midwest",2020-08-18,5.16,"3-5 years"
"EMP0039","Client Operations","Customer Support","Entry Level","Individual Contributor","Remote","South",2023-08-25,2.14,"1-2 years"
"EMP0040","Client Operations","Customer Support","Entry Level","Individual Contributor","On-site","Midwest",2021-02-10,4.68,"3-5 years"
"EMP0041","Client Operations","Customer Support","Professional","Individual Contributor","On-site","West",2022-01-29,3.71,"3-5 years"
"EMP0042","Client Operations","Customer Support","Entry Level","Individual Contributor","Hybrid","Northeast",2024-02-02,1.7,"1-2 years"
"EMP0043","Client Operations","Customer Support","Professional","Individual Contributor","Remote","West",2023-06-27,2.3,"1-2 years"
"EMP0044","Client Operations","Customer Support","Entry Level","Individual Contributor","On-site","Northeast",2023-05-12,2.43,"1-2 years"
"EMP0045","Client Operations","Customer Support","Senior Professional","Individual Contributor","Remote","Midwest",2021-09-04,4.11,"3-5 years"
"EMP0046","Client Operations","Customer Support","Professional","Individual Contributor","On-site","Northeast",2021-08-23,4.15,"3-5 years"
"EMP0047","Client Operations","Customer Support","Professional","Individual Contributor","On-site","Northeast",2022-03-23,3.56,"3-5 years"
"EMP0048","Client Operations","Customer Support","Professional","Individual Contributor","On-site","Northeast",2023-07-23,2.23,"1-2 years"
"EMP0049","Client Operations","Customer Support","Professional","Individual Contributor","On-site","South",2021-12-05,3.86,"3-5 years"
"EMP0050","Client Operations","Customer Support","Entry Level","Individual Contributor","On-site","South",2025-07-21,0.24,"Less than 1 year"
"EMP0051","Client Operations","Customer Support","Professional","Individual Contributor","On-site","South",2022-01-21,3.73,"3-5 years"
"EMP0052","Client Operations","Customer Support","Entry Level","Individual Contributor","Hybrid","Northeast",2022-10-29,2.96,"1-2 years"
"EMP0053","Client Operations","Customer Support","Entry Level","Individual Contributor","Remote","Northeast",2025-08-10,0.18,"Less than 1 year"
"EMP0054","Client Operations","Customer Support","Entry Level","Individual Contributor","On-site","Midwest",2020-10-06,5.02,"3-5 years"
"EMP0055","Client Operations","Customer Support","Professional","Individual Contributor","Hybrid","South",2017-08-28,8.13,"6-10 years"
"EMP0056","Client Operations","Customer Support","Senior Professional","Individual Contributor","Hybrid","Northeast",2021-07-17,4.25,"3-5 years"
"EMP0057","Client Operations","Customer Support","Entry Level","Individual Contributor","On-site","West",2020-12-24,4.81,"3-5 years"
"EMP0058","Client Operations","Customer Support","Entry Level","Individual Contributor","On-site","South",2024-12-12,0.84,"Less than 1 year"
"EMP0059","Client Operations","Customer Support","Entry Level","Individual Contributor","Hybrid","Northeast",2025-09-15,0.08,"Less than 1 year"
"EMP0060","Client Operations","Customer Support","Entry Level","Individual Contributor","On-site","Midwest",2022-11-15,2.92,"1-2 years"
"EMP0061","Client Operations","Customer Support","Professional","Individual Contributor","On-site","Midwest",2019-05-07,6.44,"6-10 years"
"EMP0062","Client Operations","Customer Support","Professional","Individual Contributor","On-site","Midwest",2020-09-05,5.11,"3-5 years"
"EMP0063","Client Operations","Customer Support","Professional","Individual Contributor","On-site","South",2024-06-07,1.36,"1-2 years"
"EMP0064","Client Operations","Customer Support","Professional","People Manager","On-site","Northeast",2020-01-23,5.73,"3-5 years"
"EMP0065","Client Operations","Customer Support","Professional","Individual Contributor","On-site","South",2025-08-19,0.16,"Less than 1 year"
"EMP0066","Client Operations","Customer Support","Manager","People Manager","Hybrid","Midwest",2024-09-27,1.05,"1-2 years"
"EMP0067","Client Operations","Customer Support","Entry Level","Individual Contributor","On-site","South",2025-08-09,0.18,"Less than 1 year"
"EMP0068","Client Operations","Customer Support","Entry Level","Individual Contributor","Remote","Northeast",2025-04-29,0.46,"Less than 1 year"
"EMP0069","Client Operations","Customer Support","Entry Level","Individual Contributor","On-site","Midwest",2025-08-21,0.15,"Less than 1 year"
"EMP0070","Client Operations","Customer Support","Entry Level","Individual Contributor","Remote","Midwest",2024-02-27,1.63,"1-2 years"
"EMP0071","Client Operations","Customer Support","Entry Level","Individual Contributor","On-site","Northeast",2025-04-22,0.48,"Less than 1 year"
"EMP0072","Client Operations","Customer Support","Senior Professional","People Manager","Remote","South",2018-09-11,7.09,"6-10 years"
"EMP0073","Client Operations","Customer Support","Entry Level","Individual Contributor","On-site","Midwest",2018-12-18,6.83,"6-10 years"
"EMP0074","Client Operations","Customer Support","Manager","People Manager","Hybrid","Midwest",2019-10-23,5.98,"3-5 years"
"EMP0075","Client Operations","Customer Support","Professional","Individual Contributor","On-site","Northeast",2024-03-15,1.59,"1-2 years"
"EMP0076","Client Operations","Customer Support","Professional","Individual Contributor","On-site","South",2020-08-14,5.17,"3-5 years"
"EMP0077","Client Operations","Customer Support","Professional","Individual Contributor","On-site","Midwest",2024-02-03,1.7,"1-2 years"
"EMP0078","Client Operations","Customer Support","Professional","Individual Contributor","Remote","Northeast",2015-06-12,10.34,"6-10 years"
"EMP0079","Client Operations","Customer Support","Entry Level","Individual Contributor","On-site","South",2023-06-06,2.36,"1-2 years"
"EMP0080","Client Operations","Customer Support","Professional","Individual Contributor","Hybrid","Midwest",2020-07-27,5.22,"3-5 years"
"EMP0081","Client Operations","Customer Support","Professional","Individual Contributor","Hybrid","South",2020-02-17,5.66,"3-5 years"
"EMP0082","Client Operations","Customer Support","Entry Level","Individual Contributor","On-site","Northeast",2017-12-07,7.85,"6-10 years"
"EMP0083","Client Operations","Customer Support","Entry Level","Individual Contributor","On-site","Midwest",2023-02-15,2.66,"1-2 years"
"EMP0084","Client Operations","Customer Support","Entry Level","Individual Contributor","Hybrid","South",2025-05-07,0.44,"Less than 1 year"
"EMP0085","Client Operations","Customer Support","Professional","Individual Contributor","On-site","South",2020-11-20,4.9,"3-5 years"
"EMP0086","Client Operations","Customer Support","Professional","Individual Contributor","On-site","Northeast",2024-09-20,1.07,"1-2 years"
"EMP0087","Client Operations","Customer Support","Senior Professional","Individual Contributor","On-site","South",2010-04-02,15.54,"11 or more years"
"EMP0088","Client Operations","Customer Support","Entry Level","Individual Contributor","On-site","Midwest",2025-02-05,0.69,"Less than 1 year"
"EMP0089","Client Operations","Customer Support","Entry Level","Individual Contributor","Hybrid","Midwest",2024-11-17,0.91,"Less than 1 year"
"EMP0090","Client Operations","Customer Support","Senior Professional","Individual Contributor","On-site","Midwest",2022-03-31,3.54,"3-5 years"
"EMP0091","Client Operations","Customer Support","Senior Professional","Individual Contributor","Remote","South",2021-08-19,4.16,"3-5 years"
"EMP0092","Client Operations","Customer Support","Senior Professional","Individual Contributor","On-site","Northeast",2017-08-02,8.2,"6-10 years"
"EMP0093","Client Operations","Customer Support","Professional","Individual Contributor","On-site","Midwest",2024-09-28,1.05,"1-2 years"
"EMP0094","Client Operations","Customer Support","Manager","People Manager","Hybrid","South",2016-06-09,9.35,"6-10 years"
"EMP0095","Client Operations","Customer Support","Entry Level","Individual Contributor","On-site","Northeast",2023-05-30,2.38,"1-2 years"
"EMP0096","Client Operations","Customer Support","Entry Level","Individual Contributor","On-site","Northeast",2022-03-13,3.59,"3-5 years"
"EMP0097","Client Operations","Customer Support","Entry Level","Individual Contributor","Remote","West",2025-03-02,0.62,"Less than 1 year"
"EMP0098","Client Operations","Customer Support","Professional","Individual Contributor","On-site","Northeast",2020-04-24,5.48,"3-5 years"
"EMP0099","Client Operations","Customer Support","Professional","Individual Contributor","On-site","South",2024-06-14,1.34,"1-2 years"
"EMP0100","Client Operations","Customer Support","Senior Professional","Individual Contributor","On-site","Northeast",2023-10-20,1.99,"1-2 years"
"EMP0101","Client Operations","Customer Support","Senior Professional","Individual Contributor","Hybrid","Northeast",2017-09-30,8.04,"6-10 years"
"EMP0102","Client Operations","Customer Support","Senior Professional","Individual Contributor","On-site","South",2024-06-21,1.32,"1-2 years"
"EMP0103","Client Operations","Customer Support","Entry Level","Individual Contributor","Hybrid","Northeast",2024-08-12,1.17,"1-2 years"
"EMP0104","Client Operations","Customer Support","Professional","Individual Contributor","Remote","South",2010-10-21,14.98,"11 or more years"
"EMP0105","Client Operations","Customer Support","Professional","Individual Contributor","On-site","Midwest",2024-09-27,1.05,"1-2 years"
"EMP0106","Client Operations","Customer Support","Professional","Individual Contributor","On-site","Midwest",2024-11-02,0.95,"Less than 1 year"
"EMP0107","Client Operations","Customer Support","Senior Professional","Individual Contributor","Hybrid","Midwest",2010-03-28,15.55,"11 or more years"
"EMP0108","Client Operations","Customer Support","Professional","Individual Contributor","Hybrid","South",2016-06-09,9.35,"6-10 years"
"EMP0109","Client Operations","Customer Support","Professional","Individual Contributor","Remote","Northeast",2024-09-13,1.09,"1-2 years"
"EMP0110","Client Operations","Customer Support","Director and Above","People Manager","On-site","Northeast",2020-01-23,5.73,"3-5 years"
"EMP0111","Client Operations","Customer Support","Professional","Individual Contributor","On-site","South",2005-06-08,20.35,"11 or more years"
"EMP0112","Client Operations","Customer Support","Professional","Individual Contributor","On-site","South",2024-09-30,1.04,"1-2 years"
"EMP0113","Client Operations","Customer Support","Senior Professional","Individual Contributor","On-site","Northeast",2019-10-29,5.96,"3-5 years"
"EMP0114","Client Operations","Customer Support","Professional","Individual Contributor","On-site","South",2013-01-18,12.74,"11 or more years"
"EMP0115","Client Operations","Customer Support","Professional","Individual Contributor","Hybrid","South",2016-12-16,8.83,"6-10 years"
"EMP0116","Client Operations","Customer Support","Entry Level","Individual Contributor","On-site","Midwest",2021-12-24,3.81,"3-5 years"
"EMP0117","Client Operations","Customer Support","Professional","Individual Contributor","Remote","South",2023-04-24,2.48,"1-2 years"
"EMP0118","Client Operations","Customer Support","Senior Professional","Individual Contributor","On-site","West",2010-02-03,15.7,"11 or more years"
"EMP0119","Client Operations","Customer Support","Entry Level","Individual Contributor","On-site","Northeast",2016-04-22,9.48,"6-10 years"
"EMP0120","Client Operations","Customer Support","Entry Level","Individual Contributor","On-site","West",2024-04-08,1.52,"1-2 years"
"EMP0121","Client Operations","Customer Support","Professional","Individual Contributor","On-site","Midwest",2018-09-03,7.12,"6-10 years"
"EMP0122","Client Operations","Customer Support","Professional","Individual Contributor","Hybrid","Midwest",2022-11-09,2.93,"1-2 years"
"EMP0123","Client Operations","Customer Support","Professional","Individual Contributor","On-site","Midwest",2024-08-18,1.16,"1-2 years"
"EMP0124","Client Operations","Customer Support","Professional","Individual Contributor","On-site","Northeast",2020-06-06,5.36,"3-5 years"
"EMP0125","Client Operations","Customer Support","Entry Level","Individual Contributor","On-site","West",2023-12-01,1.87,"1-2 years"
"EMP0126","Client Operations","Customer Support","Senior Professional","Individual Contributor","Remote","Northeast",2005-09-19,20.07,"11 or more years"
"EMP0127","Client Operations","Customer Support","Professional","Individual Contributor","On-site","Midwest",2020-03-18,5.58,"3-5 years"
"EMP0128","Client Operations","Customer Support","Professional","Individual Contributor","Hybrid","South",2020-03-06,5.61,"3-5 years"
"EMP0129","Client Operations","Customer Support","Professional","Individual Contributor","On-site","Midwest",2021-03-12,4.59,"3-5 years"
"EMP0130","Client Operations","Customer Support","Senior Professional","Individual Contributor","On-site","Northeast",2014-11-08,10.93,"6-10 years"
"EMP0131","Client Operations","Customer Support","Professional","Individual Contributor","On-site","West",2015-10-05,10.03,"6-10 years"
"EMP0132","Client Operations","Customer Support","Entry Level","Individual Contributor","On-site","Northeast",2025-08-19,0.16,"Less than 1 year"
"EMP0133","Client Operations","Customer Support","Professional","Individual Contributor","On-site","Midwest",2019-09-03,6.12,"6-10 years"
"EMP0134","Client Operations","Customer Support","Senior Professional","Individual Contributor","On-site","Northeast",2017-08-11,8.18,"6-10 years"
"EMP0135","Client Operations","Customer Support","Entry Level","Individual Contributor","On-site","Midwest",2023-10-08,2.02,"1-2 years"
"EMP0136","Client Operations","Customer Support","Senior Professional","Individual Contributor","Remote","Midwest",2014-11-26,10.89,"6-10 years"
"EMP0137","Client Operations","Customer Support","Professional","Individual Contributor","On-site","Midwest",2025-03-01,0.62,"Less than 1 year"
"EMP0138","Client Operations","Customer Support","Entry Level","Individual Contributor","On-site","Midwest",2025-04-30,0.46,"Less than 1 year"
"EMP0139","Client Operations","Customer Support","Senior Professional","Individual Contributor","On-site","Northeast",2006-06-22,19.32,"11 or more years"
"EMP0140","Client Operations","Customer Support","Entry Level","Individual Contributor","Hybrid","West",2023-01-17,2.74,"1-2 years"
"EMP0141","Client Operations","Customer Support","Entry Level","Individual Contributor","On-site","South",2024-01-28,1.71,"1-2 years"
"EMP0142","Client Operations","Customer Support","Professional","Individual Contributor","On-site","South",2024-09-03,1.11,"1-2 years"
"EMP0143","Client Operations","Customer Support","Entry Level","Individual Contributor","Hybrid","Northeast",2020-07-16,5.25,"3-5 years"
"EMP0144","Client Operations","Customer Support","Manager","People Manager","Hybrid","Northeast",2022-05-17,3.41,"3-5 years"
"EMP0145","Client Operations","Customer Support","Professional","Individual Contributor","On-site","South",2025-04-29,0.46,"Less than 1 year"
"EMP0146","Client Operations","Customer Support","Director and Above","People Manager","Remote","West",2022-08-08,3.19,"3-5 years"
"EMP0147","Client Operations","Customer Support","Manager","People Manager","Hybrid","South",2020-05-24,5.39,"3-5 years"
"EMP0148","Client Operations","Customer Support","Manager","People Manager","Hybrid","Northeast",2020-09-14,5.08,"3-5 years"
"EMP0149","Client Operations","Customer Support","Senior Professional","People Manager","On-site","South",2021-10-07,4.02,"3-5 years"
"EMP0150","Client Operations","Customer Support","Manager","People Manager","Remote","Midwest",2019-04-02,6.54,"6-10 years"
"EMP0151","Client Operations","Customer Support","Entry Level","Individual Contributor","On-site","Northeast",2025-04-12,0.51,"Less than 1 year"
"EMP0152","Client Operations","Customer Support","Professional","Individual Contributor","On-site","South",2023-12-24,1.81,"1-2 years"
"EMP0153","Client Operations","Customer Support","Professional","People Manager","Hybrid","Northeast",2024-02-25,1.64,"1-2 years"
"EMP0154","Client Operations","Customer Support","Professional","Individual Contributor","On-site","Midwest",2020-11-14,4.92,"3-5 years"
"EMP0155","Client Operations","Customer Support","Professional","Individual Contributor","On-site","Midwest",2019-12-02,5.87,"3-5 years"
"EMP0156","Client Operations","Customer Support","Professional","Individual Contributor","Hybrid","Northeast",2023-01-20,2.74,"1-2 years"
"EMP0157","Client Operations","Customer Support","Senior Professional","Individual Contributor","On-site","Northeast",2016-05-27,9.39,"6-10 years"
"EMP0158","Client Operations","Customer Support","Senior Professional","Individual Contributor","On-site","Northeast",2020-06-22,5.31,"3-5 years"
"EMP0159","Client Operations","Customer Support","Entry Level","Individual Contributor","On-site","Northeast",2024-09-16,1.08,"1-2 years"
"EMP0160","Client Operations","Customer Support","Professional","Individual Contributor","Remote","Midwest",2020-06-27,5.3,"3-5 years"
"EMP0161","Client Operations","Customer Support","Professional","Individual Contributor","On-site","Northeast",2023-08-11,2.18,"1-2 years"
"EMP0162","Client Operations","Customer Support","Entry Level","Individual Contributor","On-site","South",2023-09-20,2.07,"1-2 years"
"EMP0163","Client Operations","Customer Support","Professional","Individual Contributor","Remote","South",2017-12-23,7.81,"6-10 years"
"EMP0164","Client Operations","Customer Support","Entry Level","Individual Contributor","On-site","Northeast",2024-01-23,1.73,"1-2 years"
"EMP0165","Client Operations","Customer Support","Professional","Individual Contributor","On-site","Midwest",2024-10-13,1,"1-2 years"
"EMP0166","Client Operations","Customer Support","Senior Professional","Individual Contributor","Hybrid","Northeast",2024-07-18,1.24,"1-2 years"
"EMP0167","Client Operations","Customer Support","Professional","Individual Contributor","On-site","South",2015-02-18,10.66,"6-10 years"
"EMP0168","Client Operations","Customer Support","Manager","People Manager","On-site","Midwest",2019-12-03,5.87,"3-5 years"
"EMP0169","Client Operations","Customer Support","Entry Level","Individual Contributor","Hybrid","Northeast",2024-07-15,1.25,"1-2 years"
"EMP0170","Client Operations","Customer Support","Senior Professional","People Manager","On-site","South",2022-06-06,3.36,"3-5 years"
"EMP0171","Client Operations","Customer Support","Senior Professional","Individual Contributor","Hybrid","Northeast",2018-01-20,7.73,"6-10 years"
"EMP0172","Client Operations","Customer Support","Entry Level","Individual Contributor","On-site","Northeast",2022-10-06,3.03,"3-5 years"
"EMP0173","Client Operations","Customer Support","Entry Level","Individual Contributor","On-site","Midwest",2024-11-28,0.88,"Less than 1 year"
"EMP0174","Client Operations","Customer Support","Professional","Individual Contributor","Hybrid","Midwest",2015-11-14,9.92,"6-10 years"
"EMP0175","Client Operations","Customer Support","Entry Level","Individual Contributor","On-site","West",2017-02-04,8.69,"6-10 years"
"EMP0176","Client Operations","Customer Support","Senior Professional","Individual Contributor","Hybrid","Midwest",2015-07-10,10.27,"6-10 years"
"EMP0177","Client Operations","Customer Support","Professional","Individual Contributor","On-site","Midwest",2022-10-20,2.99,"1-2 years"
"EMP0178","Client Operations","Customer Support","Director and Above","People Manager","On-site","South",2023-09-24,2.06,"1-2 years"
"EMP0179","Client Operations","Customer Support","Entry Level","Individual Contributor","On-site","South",2025-06-14,0.34,"Less than 1 year"
"EMP0180","Client Operations","Customer Support","Professional","Individual Contributor","Hybrid","West",2017-09-16,8.08,"6-10 years"
"EMP0181","Client Operations","Customer Support","Entry Level","Individual Contributor","Hybrid","South",2025-05-06,0.44,"Less than 1 year"
"EMP0182","Client Operations","Customer Support","Entry Level","Individual Contributor","Hybrid","Northeast",2023-07-10,2.27,"1-2 years"
"EMP0183","Client Operations","Customer Support","Professional","Individual Contributor","Remote","West",2017-11-16,7.91,"6-10 years"
"EMP0184","Client Operations","Customer Support","Professional","Individual Contributor","Hybrid","Midwest",2020-03-21,5.57,"3-5 years"
"EMP0185","Client Operations","Customer Support","Professional","Individual Contributor","On-site","Midwest",2018-07-02,7.29,"6-10 years"
"EMP0186","Client Operations","Customer Support","Professional","People Manager","On-site","West",2022-11-13,2.92,"1-2 years"
"EMP0187","Client Operations","Customer Support","Professional","Individual Contributor","On-site","West",2021-10-17,3.99,"3-5 years"
"EMP0188","Client Operations","Customer Support","Director and Above","People Manager","Remote","South",2014-11-23,10.89,"6-10 years"
"EMP0189","Client Operations","Customer Support","Manager","People Manager","Hybrid","Midwest",2012-04-03,13.53,"11 or more years"
"EMP0190","Client Operations","Customer Support","Professional","Individual Contributor","On-site","West",2012-03-02,13.62,"11 or more years"
"EMP0191","Client Operations","Customer Support","Professional","Individual Contributor","Hybrid","Northeast",2020-04-01,5.54,"3-5 years"
"EMP0192","Client Operations","Customer Support","Senior Professional","Individual Contributor","Remote","Midwest",2024-08-16,1.16,"1-2 years"
"EMP0193","Client Operations","Customer Support","Senior Professional","People Manager","On-site","Northeast",2007-09-10,18.1,"11 or more years"
"EMP0194","Client Operations","Customer Support","Senior Professional","Individual Contributor","On-site","Midwest",2017-10-04,8.03,"6-10 years"
"EMP0195","Client Operations","Customer Support","Entry Level","Individual Contributor","Hybrid","West",2008-06-28,17.3,"11 or more years"
"EMP0196","Client Operations","Customer Support","Professional","Individual Contributor","Hybrid","West",2022-10-22,2.98,"1-2 years"
"EMP0197","Client Operations","Customer Support","Professional","Individual Contributor","Hybrid","Midwest",2024-06-13,1.34,"1-2 years"
"EMP0198","Client Operations","Customer Support","Senior Professional","People Manager","On-site","South",2016-05-22,9.4,"6-10 years"
"EMP0199","Client Operations","Customer Support","Professional","Individual Contributor","Remote","Northeast",2020-06-25,5.31,"3-5 years"
"EMP0200","Client Operations","Customer Support","Professional","Individual Contributor","On-site","Northeast",2017-11-05,7.94,"6-10 years"
"EMP0201","Client Operations","Customer Support","Senior Professional","Individual Contributor","Remote","South",2022-01-13,3.75,"3-5 years"
"EMP0202","Client Operations","Customer Support","Manager","People Manager","On-site","Northeast",2007-04-08,18.52,"11 or more years"
"EMP0203","Client Operations","Customer Support","Senior Professional","Individual Contributor","Hybrid","West",2018-06-29,7.3,"6-10 years"
"EMP0204","Client Operations","Customer Support","Entry Level","Individual Contributor","On-site","South",2023-02-14,2.67,"1-2 years"
"EMP0205","Client Operations","Customer Support","Entry Level","Individual Contributor","Hybrid","Midwest",2024-04-18,1.49,"1-2 years"
"EMP0206","Client Operations","Customer Support","Entry Level","Individual Contributor","On-site","Northeast",2025-05-09,0.44,"Less than 1 year"
"EMP0207","Client Operations","Customer Support","Professional","Individual Contributor","Hybrid","South",2024-06-21,1.32,"1-2 years"
"EMP0208","Client Operations","Customer Support","Professional","Individual Contributor","On-site","Northeast",2020-09-29,5.04,"3-5 years"
"EMP0209","Client Operations","Customer Support","Entry Level","Individual Contributor","On-site","Northeast",2020-09-01,5.12,"3-5 years"
"EMP0210","Client Operations","Customer Support","Professional","Individual Contributor","On-site","West",2020-11-27,4.88,"3-5 years"
"EMP0211","Client Operations","Customer Support","Professional","Individual Contributor","Remote","Midwest",2022-11-15,2.92,"1-2 years"
"EMP0212","Client Operations","Customer Support","Senior Professional","Individual Contributor","On-site","West",2022-03-01,3.62,"3-5 years"
"EMP0213","Client Operations","Customer Support","Manager","People Manager","On-site","Midwest",2021-03-18,4.58,"3-5 years"
"EMP0214","Client Operations","Customer Support","Entry Level","Individual Contributor","On-site","Midwest",2017-03-22,8.57,"6-10 years"
"EMP0215","Client Operations","Customer Support","Professional","Individual Contributor","Hybrid","West",2022-06-19,3.32,"3-5 years"
"EMP0216","Client Operations","Customer Support","Manager","People Manager","On-site","Midwest",2016-06-18,9.33,"6-10 years"
"EMP0217","Client Operations","Customer Support","Entry Level","Individual Contributor","On-site","West",2022-12-11,2.84,"1-2 years"
"EMP0218","Client Operations","Customer Support","Entry Level","Individual Contributor","On-site","Northeast",2023-02-25,2.64,"1-2 years"
"EMP0219","Client Operations","Customer Support","Entry Level","Individual Contributor","Remote","West",2025-03-24,0.56,"Less than 1 year"
"EMP0220","Client Operations","Customer Support","Professional","Individual Contributor","On-site","West",2009-02-14,16.67,"11 or more years"
"EMP0221","Client Operations","Customer Support","Entry Level","Individual Contributor","On-site","West",2020-05-14,5.42,"3-5 years"
"EMP0222","Client Operations","Customer Support","Senior Professional","Individual Contributor","Remote","South",2013-06-25,12.31,"11 or more years"
"EMP0223","Client Operations","Customer Support","Professional","People Manager","On-site","Midwest",2015-07-23,10.23,"6-10 years"
"EMP0224","Client Operations","Customer Support","Professional","Individual Contributor","On-site","Northeast",2019-01-20,6.74,"6-10 years"
"EMP0225","Client Operations","Customer Support","Professional","Individual Contributor","On-site","Midwest",2020-10-16,5,"3-5 years"
"EMP0226","Client Operations","Customer Support","Manager","People Manager","Hybrid","West",2022-12-14,2.84,"1-2 years"
"EMP0227","Client Operations","Customer Support","Entry Level","Individual Contributor","On-site","West",2023-11-25,1.89,"1-2 years"
"EMP0228","Client Operations","Customer Support","Professional","Individual Contributor","On-site","West",2016-01-30,9.71,"6-10 years"
"EMP0229","Client Operations","Customer Support","Professional","Individual Contributor","On-site","Midwest",2018-10-23,6.98,"6-10 years"
"EMP0230","Client Operations","Customer Support","Professional","People Manager","Remote","West",2013-07-16,12.25,"11 or more years"
"EMP0231","Client Operations","Customer Support","Professional","Individual Contributor","On-site","South",2017-12-11,7.84,"6-10 years"
"EMP0232","Client Operations","Customer Support","Professional","Individual Contributor","On-site","Midwest",2023-11-05,1.94,"1-2 years"
"EMP0233","Client Operations","Customer Support","Entry Level","Individual Contributor","On-site","Midwest",2024-02-01,1.7,"1-2 years"
"EMP0234","Client Operations","Customer Support","Senior Professional","Individual Contributor","On-site","Northeast",2021-07-26,4.22,"3-5 years"
"EMP0235","Client Operations","Customer Support","Manager","Individual Contributor","On-site","Midwest",2022-09-07,3.1,"3-5 years"
"EMP0236","Client Operations","Customer Support","Professional","Individual Contributor","Hybrid","Northeast",2023-12-06,1.86,"1-2 years"
"EMP0237","Client Operations","Customer Support","Entry Level","Individual Contributor","Hybrid","Midwest",2020-12-11,4.84,"3-5 years"
"EMP0238","Client Operations","Customer Support","Professional","Individual Contributor","Remote","West",2025-05-03,0.45,"Less than 1 year"
"EMP0239","Client Operations","Customer Support","Entry Level","Individual Contributor","On-site","Northeast",2022-05-15,3.42,"3-5 years"
"EMP0240","Client Operations","Customer Support","Entry Level","Individual Contributor","On-site","Midwest",2025-10-12,0.01,"Less than 1 year"
"EMP0241","Client Operations","Customer Support","Professional","Individual Contributor","On-site","Midwest",2024-10-12,1.01,"1-2 years"
"EMP0242","Client Operations","Customer Support","Professional","Individual Contributor","Hybrid","South",2015-09-01,10.12,"6-10 years"
"EMP0243","Client Operations","Customer Support","Professional","Individual Contributor","On-site","Northeast",2021-03-26,4.56,"3-5 years"
"EMP0244","Client Operations","Customer Support","Professional","Individual Contributor","On-site","Northeast",2016-04-20,9.49,"6-10 years"
"EMP0245","Client Operations","Customer Support","Professional","Individual Contributor","On-site","South",2023-11-15,1.92,"1-2 years"
"EMP0246","Client Operations","Customer Support","Manager","Individual Contributor","On-site","West",2018-07-25,7.23,"6-10 years"
"EMP0247","Client Operations","Customer Support","Entry Level","Individual Contributor","On-site","Midwest",2024-09-12,1.09,"1-2 years"
"EMP0248","Client Operations","Customer Support","Professional","Individual Contributor","On-site","Northeast",2007-10-09,18.02,"11 or more years"
"EMP0249","Client Operations","Customer Support","Professional","Individual Contributor","On-site","Midwest",2008-08-03,17.2,"11 or more years"
"EMP0250","Client Operations","Customer Support","Senior Professional","Individual Contributor","Hybrid","West",2016-11-16,8.91,"6-10 years"
"EMP0251","Client Operations","Customer Support","Entry Level","Individual Contributor","On-site","Midwest",2019-11-11,5.93,"3-5 years"
"EMP0252","Client Operations","Customer Support","Entry Level","Individual Contributor","Remote","West",2021-11-19,3.9,"3-5 years"
"EMP0253","Client Operations","Customer Support","Professional","Individual Contributor","Hybrid","Northeast",2015-01-01,10.79,"6-10 years"
"EMP0254","Client Operations","Customer Support","Professional","Individual Contributor","On-site","South",2020-11-22,4.9,"3-5 years"
"EMP0255","Client Operations","Customer Support","Professional","Individual Contributor","On-site","Midwest",2024-05-06,1.44,"1-2 years"
"EMP0256","Client Operations","Customer Support","Professional","Individual Contributor","On-site","Midwest",2024-11-13,0.92,"Less than 1 year"
"EMP0257","Client Operations","Customer Support","Professional","Individual Contributor","On-site","South",2020-09-18,5.07,"3-5 years"
"EMP0258","Client Operations","Customer Support","Professional","Individual Contributor","On-site","West",2022-11-14,2.92,"1-2 years"
"EMP0259","Client Operations","Customer Support","Professional","Individual Contributor","Hybrid","South",2024-04-11,1.51,"1-2 years"
"EMP0260","Client Operations","Customer Support","Manager","People Manager","Hybrid","Midwest",2025-09-26,0.05,"Less than 1 year"
"EMP0261","Client Operations","Customer Support","Manager","People Manager","On-site","West",2009-09-12,16.09,"11 or more years"
"EMP0262","Client Operations","Customer Support","Entry Level","Individual Contributor","Remote","South",2024-12-31,0.79,"Less than 1 year"
"EMP0263","Client Operations","Customer Support","Professional","Individual Contributor","On-site","Midwest",2015-12-16,9.83,"6-10 years"
"EMP0264","Client Operations","Customer Support","Entry Level","Individual Contributor","Remote","Northeast",2013-05-23,12.4,"11 or more years"
"EMP0265","Client Operations","Customer Support","Professional","Individual Contributor","On-site","Midwest",2024-07-19,1.24,"1-2 years"
"EMP0266","Client Operations","Customer Support","Entry Level","Individual Contributor","Remote","South",2018-08-25,7.14,"6-10 years"
"EMP0267","Client Operations","Customer Support","Entry Level","Individual Contributor","On-site","Midwest",2024-02-11,1.68,"1-2 years"
"EMP0268","Client Operations","Customer Support","Entry Level","Individual Contributor","On-site","Midwest",2023-05-19,2.41,"1-2 years"
"EMP0269","Client Operations","Customer Support","Professional","Individual Contributor","On-site","South",2022-08-24,3.14,"3-5 years"
"EMP0270","Client Operations","Customer Support","Professional","Individual Contributor","Remote","Northeast",2024-10-08,1.02,"1-2 years"
"EMP0271","Client Operations","Customer Support","Entry Level","Individual Contributor","On-site","West",2024-11-12,0.92,"Less than 1 year"
"EMP0272","Client Operations","Customer Support","Manager","People Manager","On-site","West",2022-09-30,3.04,"3-5 years"
"EMP0273","Client Operations","Customer Support","Senior Professional","Individual Contributor","Hybrid","Midwest",2022-02-18,3.66,"3-5 years"
"EMP0274","Client Operations","Customer Support","Professional","Individual Contributor","On-site","West",2021-03-26,4.56,"3-5 years"
"EMP0275","Client Operations","Customer Support","Entry Level","Individual Contributor","On-site","South",2024-12-14,0.84,"Less than 1 year"
"EMP0276","Client Operations","Customer Support","Manager","People Manager","On-site","South",2018-09-21,7.07,"6-10 years"
"EMP0277","Client Operations","Customer Support","Professional","Individual Contributor","On-site","Midwest",2013-07-13,12.26,"11 or more years"
"EMP0278","Client Operations","Customer Support","Entry Level","Individual Contributor","On-site","Midwest",2023-08-05,2.2,"1-2 years"
"EMP0279","Client Operations","Customer Support","Senior Professional","Individual Contributor","On-site","South",2020-01-25,5.72,"3-5 years"
"EMP0280","Client Operations","Customer Support","Professional","Individual Contributor","Remote","Midwest",2019-09-14,6.09,"6-10 years"
"EMP0281","Client Operations","Customer Support","Entry Level","Individual Contributor","On-site","South",2025-07-29,0.21,"Less than 1 year"
"EMP0282","Client Operations","Customer Support","Entry Level","Individual Contributor","On-site","South",2021-08-04,4.2,"3-5 years"
"EMP0283","Client Operations","Customer Support","Senior Professional","Individual Contributor","Hybrid","West",2022-12-26,2.8,"1-2 years"
"EMP0284","Client Operations","Customer Support","Director and Above","People Manager","Hybrid","Midwest",2022-04-04,3.53,"3-5 years"
"EMP0285","Client Operations","Customer Support","Professional","Individual Contributor","Remote","South",2022-09-21,3.07,"3-5 years"
"EMP0286","Client Operations","Customer Support","Director and Above","People Manager","Hybrid","South",2024-02-08,1.68,"1-2 years"
"EMP0287","Client Operations","Customer Support","Professional","Individual Contributor","On-site","Midwest",2021-02-07,4.68,"3-5 years"
"EMP0288","Client Operations","Customer Support","Senior Professional","Individual Contributor","On-site","Northeast",2021-04-02,4.54,"3-5 years"
"EMP0289","Client Operations","Customer Support","Professional","Individual Contributor","Hybrid","Midwest",2020-11-29,4.88,"3-5 years"
"EMP0290","Client Operations","Customer Support","Professional","Individual Contributor","On-site","West",2019-07-14,6.26,"6-10 years"
"EMP0291","Client Operations","Customer Support","Professional","Individual Contributor","On-site","South",2020-06-26,5.3,"3-5 years"
"EMP0292","Client Operations","Customer Support","Professional","Individual Contributor","Hybrid","Midwest",2020-02-22,5.65,"3-5 years"
"EMP0293","Client Operations","Customer Support","Entry Level","Individual Contributor","Hybrid","West",2022-09-14,3.09,"3-5 years"
"EMP0294","Client Operations","Customer Support","Entry Level","Individual Contributor","On-site","Northeast",2025-05-06,0.44,"Less than 1 year"
"EMP0295","Client Operations","Customer Support","Entry Level","Individual Contributor","On-site","Midwest",2025-03-02,0.62,"Less than 1 year"
"EMP0296","Client Operations","Customer Support","Entry Level","Individual Contributor","On-site","South",2025-05-01,0.46,"Less than 1 year"
"EMP0297","Client Operations","Customer Support","Senior Professional","Individual Contributor","Hybrid","West",2012-02-22,13.65,"11 or more years"
"EMP0298","Client Operations","Customer Support","Senior Professional","Individual Contributor","On-site","Midwest",2021-11-08,3.93,"3-5 years"
"EMP0299","Client Operations","Customer Support","Professional","Individual Contributor","On-site","South",2022-06-29,3.3,"3-5 years"
"EMP0300","Client Operations","Customer Support","Professional","Individual Contributor","On-site","Northeast",2024-11-29,0.88,"Less than 1 year"
"EMP0301","Client Operations","Customer Support","Professional","Individual Contributor","Remote","Midwest",2025-03-04,0.62,"Less than 1 year"
"EMP0302","Client Operations","Customer Support","Professional","Individual Contributor","On-site","South",2022-09-29,3.04,"3-5 years"
"EMP0303","Client Operations","Customer Support","Entry Level","Individual Contributor","Hybrid","South",2025-01-13,0.75,"Less than 1 year"
"EMP0304","Client Operations","Customer Support","Director and Above","People Manager","On-site","Northeast",2015-04-15,10.5,"6-10 years"
"EMP0305","Client Operations","Customer Support","Professional","Individual Contributor","On-site","Northeast",2019-08-10,6.18,"6-10 years"
"EMP0306","Client Operations","Customer Support","Professional","Individual Contributor","Hybrid","South",2023-01-24,2.72,"1-2 years"
"EMP0307","Client Operations","Customer Support","Manager","People Manager","Hybrid","Northeast",2020-05-18,5.41,"3-5 years"
"EMP0308","Client Operations","Customer Support","Senior Professional","Individual Contributor","Remote","Northeast",2021-03-07,4.61,"3-5 years"
"EMP0309","Client Operations","Customer Support","Entry Level","Individual Contributor","On-site","West",2023-11-30,1.88,"1-2 years"
"EMP0310","Client Operations","Customer Support","Entry Level","Individual Contributor","Remote","Northeast",2023-11-06,1.94,"1-2 years"
"EMP0311","Client Operations","Customer Support","Senior Professional","Individual Contributor","On-site","South",2022-11-28,2.88,"1-2 years"
"EMP0312","Client Operations","Customer Support","Professional","Individual Contributor","On-site","Northeast",2022-12-24,2.81,"1-2 years"
"EMP0313","Client Operations","Customer Support","Professional","Individual Contributor","Hybrid","Northeast",2017-10-26,7.97,"6-10 years"
"EMP0314","Client Operations","Customer Support","Professional","Individual Contributor","Remote","Midwest",2020-01-15,5.75,"3-5 years"
"EMP0315","Client Operations","Customer Support","Professional","Individual Contributor","Remote","Northeast",2023-04-18,2.49,"1-2 years"
"EMP0316","Client Operations","Customer Support","Manager","People Manager","On-site","West",2025-08-16,0.16,"Less than 1 year"
"EMP0317","Client Operations","Customer Support","Professional","Individual Contributor","Remote","West",2025-05-23,0.4,"Less than 1 year"
"EMP0318","Client Operations","Customer Support","Entry Level","Individual Contributor","On-site","West",2019-10-19,5.99,"3-5 years"
"EMP0319","Client Operations","Customer Support","Professional","Individual Contributor","Hybrid","South",2024-06-09,1.35,"1-2 years"
"EMP0320","Client Operations","Customer Support","Professional","Individual Contributor","Hybrid","Northeast",2025-06-28,0.3,"Less than 1 year"
"EMP0321","Client Operations","Customer Support","Entry Level","Individual Contributor","On-site","Northeast",2025-06-22,0.31,"Less than 1 year"
"EMP0322","Client Operations","Customer Support","Senior Professional","Individual Contributor","On-site","Northeast",2021-10-26,3.97,"3-5 years"
"EMP0323","Client Operations","Customer Support","Manager","People Manager","On-site","Northeast",2020-08-05,5.19,"3-5 years"
"EMP0324","Client Operations","Customer Support","Professional","Individual Contributor","On-site","West",2015-12-09,9.85,"6-10 years"
"EMP0325","Client Operations","Customer Support","Professional","Individual Contributor","On-site","Northeast",2020-11-19,4.9,"3-5 years"
"EMP0326","Client Operations","Customer Support","Professional","Individual Contributor","On-site","Northeast",2020-12-19,4.82,"3-5 years"
"EMP0327","Client Operations","Customer Support","Professional","Individual Contributor","On-site","Midwest",2007-12-07,17.86,"11 or more years"
"EMP0328","Client Operations","Customer Support","Professional","Individual Contributor","On-site","South",2021-07-04,4.28,"3-5 years"
"EMP0329","Client Operations","Customer Support","Entry Level","Individual Contributor","Remote","Northeast",2022-11-12,2.92,"1-2 years"
"EMP0330","Client Operations","Customer Support","Professional","Individual Contributor","On-site","South",2008-02-18,17.66,"11 or more years"
"EMP0331","Client Operations","Customer Support","Senior Professional","Individual Contributor","Hybrid","Midwest",2016-09-11,9.09,"6-10 years"
"EMP0332","Client Operations","Customer Support","Professional","Individual Contributor","Hybrid","Northeast",2020-12-30,4.79,"3-5 years"
"EMP0333","Client Operations","Customer Support","Entry Level","Individual Contributor","On-site","West",2016-03-02,9.62,"6-10 years"
"EMP0334","Client Operations","Customer Support","Manager","Individual Contributor","Hybrid","West",2025-01-28,0.71,"Less than 1 year"
"EMP0335","Client Operations","Customer Support","Entry Level","Individual Contributor","Hybrid","South",2023-06-28,2.3,"1-2 years"
"EMP0336","Client Operations","Customer Support","Entry Level","Individual Contributor","On-site","Midwest",2023-11-26,1.89,"1-2 years"
"EMP0337","Client Operations","Customer Support","Director and Above","Individual Contributor","On-site","Northeast",2017-02-19,8.65,"6-10 years"
"EMP0338","Client Operations","Customer Support","Senior Professional","People Manager","Hybrid","West",2018-04-08,7.52,"6-10 years"
"EMP0339","Client Operations","Customer Support","Professional","Individual Contributor","Remote","Northeast",2016-10-10,9.01,"6-10 years"
"EMP0340","Client Operations","Customer Support","Entry Level","Individual Contributor","On-site","South",2008-06-13,17.34,"11 or more years"
"EMP0341","Client Operations","Customer Support","Senior Professional","Individual Contributor","On-site","South",2024-02-23,1.64,"1-2 years"
"EMP0342","Client Operations","Customer Support","Senior Professional","People Manager","Hybrid","South",2021-07-07,4.27,"3-5 years"
"EMP0343","Client Operations","Customer Support","Senior Professional","Individual Contributor","On-site","South",2023-02-04,2.69,"1-2 years"
"EMP0344","Client Operations","Customer Support","Professional","Individual Contributor","Remote","Midwest",2019-10-29,5.96,"3-5 years"
"EMP0345","Client Operations","Customer Support","Entry Level","Individual Contributor","On-site","Midwest",2023-01-25,2.72,"1-2 years"
"EMP0346","Client Operations","Customer Support","Professional","Individual Contributor","On-site","West",2024-07-27,1.22,"1-2 years"
"EMP0347","Client Operations","Customer Support","Professional","People Manager","On-site","West",2011-07-05,14.28,"11 or more years"
"EMP0348","Client Operations","Customer Support","Professional","Individual Contributor","On-site","West",2023-04-19,2.49,"1-2 years"
"EMP0349","Client Operations","Customer Support","Senior Professional","People Manager","On-site","South",2021-10-15,4,"3-5 years"
"EMP0350","Client Operations","Customer Support","Professional","Individual Contributor","Hybrid","Northeast",2016-02-23,9.64,"6-10 years"
"EMP0351","Client Operations","Customer Support","Entry Level","Individual Contributor","On-site","South",2020-05-05,5.45,"3-5 years"
"EMP0352","Client Operations","Customer Support","Entry Level","Individual Contributor","On-site","West",2007-01-18,18.74,"11 or more years"
"EMP0353","Client Operations","Customer Support","Professional","Individual Contributor","On-site","Midwest",2024-10-03,1.03,"1-2 years"
"EMP0354","Client Operations","Customer Support","Entry Level","Individual Contributor","On-site","Midwest",2022-04-18,3.49,"3-5 years"
"EMP0355","Client Operations","Customer Support","Director and Above","People Manager","On-site","South",2015-01-08,10.77,"6-10 years"
"EMP0356","Client Operations","Customer Support","Senior Professional","Individual Contributor","On-site","West",2007-05-05,18.45,"11 or more years"
"EMP0357","Client Operations","Customer Support","Professional","Individual Contributor","On-site","Northeast",2018-02-11,7.67,"6-10 years"
"EMP0358","Client Operations","Customer Support","Professional","Individual Contributor","Remote","Northeast",2022-11-27,2.88,"1-2 years"
"EMP0359","Client Operations","Customer Support","Entry Level","Individual Contributor","On-site","Midwest",2023-08-20,2.15,"1-2 years"
"EMP0360","Client Operations","Customer Support","Entry Level","Individual Contributor","On-site","South",2025-01-16,0.74,"Less than 1 year"
"EMP0361","Client Operations","Customer Support","Professional","Individual Contributor","On-site","Northeast",2021-09-24,4.06,"3-5 years"
"EMP0362","Client Operations","Customer Support","Entry Level","Individual Contributor","On-site","West",2021-12-28,3.8,"3-5 years"
"EMP0363","Client Operations","Customer Support","Professional","Individual Contributor","On-site","South",2025-05-20,0.41,"Less than 1 year"
"EMP0364","Client Operations","Customer Support","Entry Level","Individual Contributor","Hybrid","Midwest",2023-04-11,2.51,"1-2 years"
"EMP0365","Client Operations","Customer Support","Entry Level","Individual Contributor","On-site","South",2023-10-16,2,"1-2 years"
"EMP0366","Client Operations","Customer Support","Professional","Individual Contributor","On-site","South",2025-07-20,0.24,"Less than 1 year"
"EMP0367","Client Operations","Customer Support","Entry Level","Individual Contributor","Hybrid","Northeast",2021-04-14,4.5,"3-5 years"
"EMP0368","Client Operations","Customer Support","Senior Professional","Individual Contributor","On-site","Northeast",2022-08-05,3.2,"3-5 years"
"EMP0369","Client Operations","Customer Support","Entry Level","Individual Contributor","Hybrid","Midwest",2023-11-30,1.88,"1-2 years"
"EMP0370","Client Operations","Customer Support","Senior Professional","Individual Contributor","On-site","West",2024-03-30,1.54,"1-2 years"
"EMP0371","Client Operations","Customer Support","Manager","People Manager","On-site","West",2022-11-01,2.95,"1-2 years"
"EMP0372","Client Operations","Customer Support","Professional","Individual Contributor","On-site","South",2024-03-18,1.58,"1-2 years"
"EMP0373","Client Operations","Customer Support","Director and Above","People Manager","On-site","South",2025-01-11,0.76,"Less than 1 year"
"EMP0374","Client Operations","Customer Support","Entry Level","Individual Contributor","Hybrid","Midwest",2024-10-06,1.02,"1-2 years"
"EMP0375","Client Operations","Customer Support","Entry Level","Individual Contributor","On-site","Northeast",2023-02-12,2.67,"1-2 years"
"EMP0376","Client Operations","Customer Support","Senior Professional","Individual Contributor","On-site","Northeast",2007-12-02,17.87,"11 or more years"
"EMP0377","Client Operations","Customer Support","Entry Level","Individual Contributor","Hybrid","Midwest",2025-03-05,0.61,"Less than 1 year"
"EMP0378","Client Operations","Customer Support","Professional","Individual Contributor","On-site","West",2022-05-23,3.4,"3-5 years"
"EMP0379","Client Operations","Customer Support","Entry Level","Individual Contributor","On-site","Midwest",2023-06-07,2.36,"1-2 years"
"EMP0380","Client Operations","Customer Support","Manager","People Manager","On-site","South",2012-02-08,13.68,"11 or more years"
"EMP0381","Client Operations","Customer Support","Professional","Individual Contributor","On-site","Midwest",2018-10-23,6.98,"6-10 years"
"EMP0382","Client Operations","Customer Support","Professional","Individual Contributor","On-site","West",2025-08-31,0.12,"Less than 1 year"
"EMP0383","Client Operations","Customer Support","Professional","Individual Contributor","On-site","Midwest",2023-04-11,2.51,"1-2 years"
"EMP0384","Client Operations","Customer Support","Professional","Individual Contributor","On-site","South",2025-04-01,0.54,"Less than 1 year"
"EMP0385","Client Operations","Customer Support","Entry Level","Individual Contributor","On-site","Midwest",2024-02-19,1.65,"1-2 years"
"EMP0386","Client Operations","Customer Support","Manager","People Manager","On-site","South",2005-03-01,20.62,"11 or more years"
"EMP0387","Client Operations","Customer Support","Professional","Individual Contributor","On-site","West",2020-04-02,5.54,"3-5 years"
"EMP0388","Client Operations","Customer Support","Senior Professional","Individual Contributor","Hybrid","Midwest",2022-01-16,3.75,"3-5 years"
"EMP0389","Client Operations","Customer Support","Manager","Individual Contributor","On-site","Northeast",2022-02-01,3.7,"3-5 years"
"EMP0390","Client Operations","Customer Support","Professional","Individual Contributor","On-site","South",2020-07-21,5.23,"3-5 years"
"EMP0391","Client Operations","Customer Support","Director and Above","People Manager","On-site","Midwest",2006-12-11,18.84,"11 or more years"
"EMP0392","Client Operations","Customer Support","Entry Level","Individual Contributor","On-site","Northeast",2020-06-30,5.29,"3-5 years"
"EMP0393","Client Operations","Customer Support","Entry Level","Individual Contributor","On-site","Midwest",2015-01-01,10.79,"6-10 years"
"EMP0394","Client Operations","Customer Support","Entry Level","Individual Contributor","On-site","Northeast",2025-08-17,0.16,"Less than 1 year"
"EMP0395","Client Operations","Customer Support","Professional","Individual Contributor","On-site","South",2021-12-06,3.86,"3-5 years"
"EMP0396","Client Operations","Customer Support","Professional","Individual Contributor","Remote","Northeast",2020-10-04,5.03,"3-5 years"
"EMP0397","Client Operations","Customer Support","Manager","People Manager","On-site","South",2021-07-12,4.26,"3-5 years"
"EMP0398","Client Operations","Customer Support","Manager","People Manager","On-site","South",2022-08-12,3.18,"3-5 years"
"EMP0399","Client Operations","Customer Support","Professional","Individual Contributor","On-site","Northeast",2021-05-23,4.4,"3-5 years"
"EMP0400","Client Operations","Customer Support","Professional","Individual Contributor","On-site","Northeast",2008-09-17,17.08,"11 or more years"
"EMP0401","Client Operations","Customer Support","Professional","Individual Contributor","Hybrid","South",2012-09-24,13.06,"11 or more years"
"EMP0402","Client Operations","Customer Support","Manager","Individual Contributor","On-site","South",2022-05-15,3.42,"3-5 years"
"EMP0403","Client Operations","Customer Support","Manager","People Manager","On-site","West",2011-05-31,14.38,"11 or more years"
"EMP0404","Client Operations","Customer Support","Senior Professional","Individual Contributor","On-site","South",2017-11-27,7.88,"6-10 years"
"EMP0405","Client Operations","Customer Support","Senior Professional","Individual Contributor","On-site","Northeast",2023-08-01,2.21,"1-2 years"
"EMP0406","Client Operations","Customer Support","Professional","Individual Contributor","On-site","West",2024-06-08,1.35,"1-2 years"
"EMP0407","Client Operations","Customer Support","Professional","Individual Contributor","On-site","Northeast",2018-04-18,7.49,"6-10 years"
"EMP0408","Client Operations","Customer Support","Entry Level","Individual Contributor","Hybrid","South",2021-09-11,4.09,"3-5 years"
"EMP0409","Client Operations","Customer Support","Professional","Individual Contributor","On-site","Midwest",2024-04-06,1.52,"1-2 years"
"EMP0410","Client Operations","Customer Support","Professional","Individual Contributor","On-site","West",2018-08-07,7.19,"6-10 years"
"EMP0411","Client Operations","Customer Support","Entry Level","Individual Contributor","On-site","Midwest",2023-08-20,2.15,"1-2 years"
"EMP0412","Client Operations","Customer Support","Professional","Individual Contributor","On-site","South",2025-06-21,0.32,"Less than 1 year"
"EMP0413","Client Operations","Customer Support","Senior Professional","People Manager","Remote","Midwest",2020-12-09,4.85,"3-5 years"
"EMP0414","Client Operations","Customer Support","Senior Professional","Individual Contributor","On-site","South",2022-12-19,2.82,"1-2 years"
"EMP0415","Client Operations","Customer Support","Entry Level","Individual Contributor","On-site","Northeast",2022-07-10,3.27,"3-5 years"
"EMP0416","Client Operations","Customer Support","Entry Level","Individual Contributor","Remote","Midwest",2021-01-27,4.71,"3-5 years"
"EMP0417","Client Operations","Customer Support","Director and Above","Individual Contributor","On-site","West",2007-12-14,17.84,"11 or more years"
"EMP0418","Client Operations","Customer Support","Entry Level","Individual Contributor","On-site","South",2024-07-01,1.29,"1-2 years"
"EMP0419","Client Operations","Customer Support","Professional","Individual Contributor","On-site","Midwest",2024-09-06,1.11,"1-2 years"
"EMP0420","Client Operations","Customer Support","Manager","People Manager","On-site","Northeast",2021-08-21,4.15,"3-5 years"
"EMP0421","Client Operations","Customer Support","Entry Level","Individual Contributor","On-site","West",2023-08-04,2.2,"1-2 years"
"EMP0422","Client Operations","Customer Support","Professional","Individual Contributor","Remote","Midwest",2017-08-12,8.18,"6-10 years"
"EMP0423","Client Operations","Customer Support","Professional","Individual Contributor","On-site","Midwest",2018-11-14,6.92,"6-10 years"
"EMP0424","Client Operations","Customer Support","Entry Level","Individual Contributor","On-site","West",2022-11-01,2.95,"1-2 years"
"EMP0425","Client Operations","Customer Support","Professional","Individual Contributor","On-site","South",2025-03-14,0.59,"Less than 1 year"
"EMP0426","Client Operations","Customer Support","Manager","People Manager","Remote","Midwest",2015-03-17,10.58,"6-10 years"
"EMP0427","Client Operations","Customer Support","Entry Level","Individual Contributor","On-site","Northeast",2022-12-08,2.85,"1-2 years"
"EMP0428","Client Operations","Customer Support","Entry Level","Individual Contributor","Hybrid","South",2023-11-15,1.92,"1-2 years"
"EMP0429","Client Operations","Customer Support","Professional","Individual Contributor","On-site","South",2022-06-19,3.32,"3-5 years"
"EMP0430","Client Operations","Customer Support","Professional","Individual Contributor","On-site","Northeast",2025-04-27,0.47,"Less than 1 year"
"EMP0431","Client Operations","Customer Support","Professional","Individual Contributor","Hybrid","South",2008-01-21,17.73,"11 or more years"
"EMP0432","Client Operations","Customer Support","Professional","Individual Contributor","On-site","West",2016-02-09,9.68,"6-10 years"
"EMP0433","Client Operations","Customer Support","Entry Level","Individual Contributor","On-site","Midwest",2023-09-21,2.07,"1-2 years"
"EMP0434","Client Operations","Customer Support","Professional","Individual Contributor","On-site","Midwest",2007-09-18,18.08,"11 or more years"
"EMP0435","Client Operations","Customer Support","Professional","Individual Contributor","On-site","West",2021-05-15,4.42,"3-5 years"
"EMP0436","Client Operations","Customer Support","Professional","Individual Contributor","On-site","South",2017-11-21,7.9,"6-10 years"
"EMP0437","Client Operations","Customer Support","Professional","Individual Contributor","Hybrid","South",2021-11-23,3.89,"3-5 years"
"EMP0438","Client Operations","Customer Support","Senior Professional","Individual Contributor","On-site","Northeast",2022-10-23,2.98,"1-2 years"
"EMP0439","Client Operations","Customer Support","Professional","Individual Contributor","Hybrid","Northeast",2022-04-06,3.53,"3-5 years"
"EMP0440","Client Operations","Customer Support","Senior Professional","Individual Contributor","On-site","South",2021-10-19,3.99,"3-5 years"
"EMP0441","Client Operations","Customer Support","Manager","Individual Contributor","On-site","Northeast",2022-03-06,3.61,"3-5 years"
"EMP0442","Client Operations","Customer Support","Manager","People Manager","Hybrid","Midwest",2016-02-19,9.65,"6-10 years"
"EMP0443","Client Operations","Customer Support","Senior Professional","Individual Contributor","On-site","South",2016-01-09,9.77,"6-10 years"
"EMP0444","Client Operations","Customer Support","Professional","Individual Contributor","On-site","South",2020-07-15,5.25,"3-5 years"
"EMP0445","Client Operations","Customer Support","Entry Level","Individual Contributor","Remote","Midwest",2025-03-31,0.54,"Less than 1 year"
"EMP0446","Client Operations","Customer Support","Professional","Individual Contributor","On-site","West",2016-01-11,9.76,"6-10 years"
"EMP0447","Client Operations","Customer Support","Senior Professional","Individual Contributor","On-site","Midwest",2025-05-13,0.42,"Less than 1 year"
"EMP0448","Client Operations","Customer Support","Senior Professional","Individual Contributor","On-site","Northeast",2021-07-13,4.26,"3-5 years"
"EMP0449","Client Operations","Customer Support","Professional","Individual Contributor","Hybrid","South",2023-08-29,2.13,"1-2 years"
"EMP0450","Client Operations","Customer Support","Entry Level","Individual Contributor","On-site","West",2016-12-19,8.82,"6-10 years"
"EMP0451","Client Operations","Customer Support","Professional","Individual Contributor","Hybrid","Northeast",2024-08-30,1.13,"1-2 years"
"EMP0452","Client Operations","Customer Support","Professional","Individual Contributor","On-site","South",2024-08-12,1.17,"1-2 years"
"EMP0453","Client Operations","Customer Support","Professional","Individual Contributor","Remote","Northeast",2021-12-29,3.79,"3-5 years"
"EMP0454","Client Operations","Customer Support","Senior Professional","Individual Contributor","Hybrid","West",2021-11-16,3.91,"3-5 years"
"EMP0455","Client Operations","Customer Support","Professional","Individual Contributor","Remote","Midwest",2021-11-13,3.92,"3-5 years"
"EMP0456","Client Operations","Customer Support","Entry Level","Individual Contributor","Hybrid","Midwest",2024-12-23,0.81,"Less than 1 year"
"EMP0457","Client Operations","Customer Support","Professional","Individual Contributor","Hybrid","West",2025-09-28,0.05,"Less than 1 year"
"EMP0458","Client Operations","Customer Support","Professional","Individual Contributor","Hybrid","Midwest",2017-04-16,8.5,"6-10 years"
"EMP0459","Client Operations","Customer Support","Senior Professional","Individual Contributor","Hybrid","West",2022-09-01,3.12,"3-5 years"
"EMP0460","Client Operations","Customer Support","Professional","Individual Contributor","On-site","Northeast",2021-07-09,4.27,"3-5 years"
"EMP0461","Client Operations","Customer Support","Professional","Individual Contributor","On-site","South",2010-08-14,15.17,"11 or more years"
"EMP0462","Client Operations","Customer Support","Professional","Individual Contributor","On-site","South",2023-07-25,2.23,"1-2 years"
"EMP0463","Client Operations","Customer Support","Professional","Individual Contributor","Hybrid","West",2024-07-11,1.26,"1-2 years"
"EMP0464","Client Operations","Customer Support","Professional","Individual Contributor","Remote","South",2022-02-26,3.63,"3-5 years"
"EMP0465","Client Operations","Customer Support","Professional","Individual Contributor","On-site","Northeast",2015-06-14,10.34,"6-10 years"
"EMP0466","Client Operations","Customer Support","Entry Level","Individual Contributor","On-site","Northeast",2020-07-29,5.21,"3-5 years"
"EMP0467","Client Operations","Customer Support","Professional","Individual Contributor","Hybrid","West",2021-03-20,4.57,"3-5 years"
"EMP0468","Client Operations","Customer Support","Manager","People Manager","On-site","Northeast",2017-07-23,8.23,"6-10 years"
"EMP0469","Client Operations","Customer Support","Professional","Individual Contributor","On-site","Midwest",2022-01-01,3.79,"3-5 years"
"EMP0470","Client Operations","Customer Support","Professional","Individual Contributor","Hybrid","South",2025-04-14,0.5,"Less than 1 year"
"EMP0471","Client Operations","Customer Support","Professional","Individual Contributor","On-site","West",2020-02-15,5.66,"3-5 years"
"EMP0472","Client Operations","Customer Support","Entry Level","Individual Contributor","Hybrid","Northeast",2025-05-16,0.42,"Less than 1 year"
"EMP0473","Client Operations","Customer Support","Professional","Individual Contributor","On-site","Northeast",2023-06-13,2.34,"1-2 years"
"EMP0474","Client Operations","Customer Support","Entry Level","Individual Contributor","On-site","Northeast",2025-01-15,0.75,"Less than 1 year"
"EMP0475","Client Operations","Customer Support","Director and Above","People Manager","On-site","West",2016-04-15,9.5,"6-10 years"
"EMP0476","Client Operations","Customer Support","Senior Professional","Individual Contributor","On-site","Midwest",2024-02-28,1.63,"1-2 years"
"EMP0477","Client Operations","Customer Support","Senior Professional","Individual Contributor","On-site","Northeast",2016-12-13,8.84,"6-10 years"
"EMP0478","Client Operations","Customer Support","Professional","Individual Contributor","On-site","Midwest",2022-08-13,3.17,"3-5 years"
"EMP0479","Client Operations","Customer Support","Entry Level","Individual Contributor","Hybrid","South",2022-01-20,3.73,"3-5 years"
"EMP0480","Client Operations","Customer Support","Professional","Individual Contributor","On-site","South",2016-07-27,9.22,"6-10 years"
"EMP0481","Client Operations","Customer Support","Entry Level","Individual Contributor","On-site","Northeast",2020-08-07,5.19,"3-5 years"
"EMP0482","Client Operations","Customer Support","Entry Level","Individual Contributor","On-site","South",2024-10-30,0.96,"Less than 1 year"
"EMP0483","Client Operations","Customer Support","Senior Professional","People Manager","On-site","South",2024-08-24,1.14,"1-2 years"
"EMP0484","Client Operations","Customer Support","Senior Professional","Individual Contributor","On-site","West",2018-07-05,7.28,"6-10 years"
"EMP0485","Client Operations","Customer Support","Senior Professional","Individual Contributor","On-site","Midwest",2014-09-16,11.08,"11 or more years"
"EMP0486","Client Operations","Customer Support","Senior Professional","Individual Contributor","Hybrid","Northeast",2021-05-27,4.39,"3-5 years"
"EMP0487","Client Operations","Customer Support","Professional","Individual Contributor","Remote","Midwest",2022-04-26,3.47,"3-5 years"
"EMP0488","Client Operations","Customer Support","Professional","Individual Contributor","Hybrid","South",2015-08-18,10.16,"6-10 years"
"EMP0489","Client Operations","Customer Support","Professional","Individual Contributor","Remote","Northeast",2024-04-24,1.48,"1-2 years"
"EMP0490","Client Operations","Customer Support","Professional","Individual Contributor","On-site","West",2025-05-12,0.43,"Less than 1 year"
"EMP0491","Client Operations","Customer Support","Professional","Individual Contributor","On-site","South",2009-05-26,16.39,"11 or more years"
"EMP0492","Client Operations","Customer Support","Professional","Individual Contributor","On-site","South",2021-02-19,4.65,"3-5 years"
"EMP0493","Client Operations","Customer Support","Entry Level","Individual Contributor","On-site","Midwest",2023-07-03,2.29,"1-2 years"
"EMP0494","Client Operations","Customer Support","Senior Professional","Individual Contributor","Remote","Northeast",2014-12-05,10.86,"6-10 years"
"EMP0495","Client Operations","Customer Support","Entry Level","Individual Contributor","Hybrid","West",2022-07-24,3.23,"3-5 years"
"EMP0496","Client Operations","Customer Support","Senior Professional","Individual Contributor","Hybrid","South",2006-01-20,19.73,"11 or more years"
"EMP0497","Client Operations","Customer Support","Entry Level","Individual Contributor","Remote","Northeast",2022-07-07,3.27,"3-5 years"
"EMP0498","Client Operations","Customer Support","Entry Level","Individual Contributor","On-site","Northeast",2020-12-16,4.83,"3-5 years"
"EMP0499","Client Operations","Customer Support","Professional","Individual Contributor","On-site","Northeast",2017-12-30,7.79,"6-10 years"
"EMP0500","Client Operations","Customer Support","Professional","Individual Contributor","Remote","Northeast",2025-02-01,0.7,"Less than 1 year"
"EMP0501","Client Operations","Customer Support","Entry Level","Individual Contributor","On-site","Northeast",2023-10-28,1.97,"1-2 years"
"EMP0502","Client Operations","Customer Support","Senior Professional","Individual Contributor","Hybrid","Northeast",2023-12-18,1.83,"1-2 years"
"EMP0503","Client Operations","Customer Support","Professional","Individual Contributor","On-site","Northeast",2021-01-07,4.77,"3-5 years"
"EMP0504","Client Operations","Customer Support","Professional","Individual Contributor","On-site","Northeast",2020-11-09,4.93,"3-5 years"
"EMP0505","Client Operations","Customer Support","Professional","Individual Contributor","Hybrid","South",2022-12-07,2.86,"1-2 years"
"EMP0506","Client Operations","Customer Support","Senior Professional","People Manager","On-site","Northeast",2020-12-30,4.79,"3-5 years"
"EMP0507","Client Operations","Customer Support","Entry Level","Individual Contributor","Hybrid","Northeast",2023-10-08,2.02,"1-2 years"
"EMP0508","Client Operations","Customer Support","Entry Level","Individual Contributor","Remote","South",2024-08-07,1.19,"1-2 years"
"EMP0509","Client Operations","Customer Support","Professional","Individual Contributor","On-site","Northeast",2007-08-28,18.13,"11 or more years"
"EMP0510","Client Operations","Customer Support","Professional","Individual Contributor","On-site","West",2023-07-31,2.21,"1-2 years"
"EMP0511","Client Operations","Customer Support","Professional","Individual Contributor","Hybrid","Northeast",2023-07-17,2.25,"1-2 years"
"EMP0512","Client Operations","Customer Support","Manager","People Manager","Hybrid","South",2021-07-08,4.27,"3-5 years"
"EMP0513","Client Operations","Customer Support","Professional","Individual Contributor","Remote","West",2025-07-26,0.22,"Less than 1 year"
"EMP0514","Client Operations","Customer Support","Senior Professional","Individual Contributor","On-site","Northeast",2022-12-24,2.81,"1-2 years"
"EMP0515","Client Operations","Customer Support","Professional","Individual Contributor","On-site","South",2017-12-30,7.79,"6-10 years"
"EMP0516","Client Operations","Customer Support","Manager","People Manager","Hybrid","Northeast",2021-02-18,4.65,"3-5 years"
"EMP0517","Client Operations","Customer Support","Entry Level","Individual Contributor","Hybrid","South",2023-08-12,2.18,"1-2 years"
"EMP0518","Client Operations","Customer Support","Entry Level","Individual Contributor","On-site","Northeast",2025-03-01,0.62,"Less than 1 year"
"EMP0519","Client Operations","Customer Support","Senior Professional","Individual Contributor","Remote","Midwest",2021-06-21,4.32,"3-5 years"
"EMP0520","Client Operations","Customer Support","Professional","Individual Contributor","On-site","West",2025-02-12,0.67,"Less than 1 year"
"EMP0521","Client Operations","Customer Support","Professional","Individual Contributor","On-site","Northeast",2023-09-23,2.06,"1-2 years"
"EMP0522","Client Operations","Customer Support","Entry Level","Individual Contributor","On-site","West",2024-04-16,1.5,"1-2 years"
"EMP0523","Client Operations","Customer Support","Entry Level","Individual Contributor","Hybrid","West",2024-02-16,1.66,"1-2 years"
"EMP0524","Client Operations","Customer Support","Entry Level","Individual Contributor","On-site","Northeast",2021-01-15,4.75,"3-5 years"
"EMP0525","Client Operations","Customer Support","Professional","Individual Contributor","On-site","West",2023-02-18,2.66,"1-2 years"
"EMP0526","Client Operations","Customer Support","Senior Professional","Individual Contributor","On-site","Midwest",2015-11-05,9.94,"6-10 years"
"EMP0527","Client Operations","Customer Support","Manager","People Manager","Remote","Northeast",2005-11-02,19.95,"11 or more years"
"EMP0528","Client Operations","Customer Support","Professional","Individual Contributor","On-site","West",2020-09-23,5.06,"3-5 years"
"EMP0529","Client Operations","Customer Support","Professional","Individual Contributor","On-site","Northeast",2014-05-13,11.43,"11 or more years"
"EMP0530","Client Operations","Customer Support","Entry Level","Individual Contributor","Hybrid","Northeast",2024-07-26,1.22,"1-2 years"
"EMP0531","Client Operations","Customer Support","Entry Level","Individual Contributor","On-site","Midwest",2011-03-10,14.6,"11 or more years"
"EMP0532","Client Operations","Customer Support","Entry Level","Individual Contributor","Hybrid","Northeast",2017-08-08,8.19,"6-10 years"
"EMP0533","Client Operations","Customer Support","Professional","Individual Contributor","Hybrid","Midwest",2024-03-16,1.58,"1-2 years"
"EMP0534","Client Operations","Customer Support","Entry Level","Individual Contributor","On-site","Northeast",2025-06-11,0.34,"Less than 1 year"
"EMP0535","Client Operations","Customer Support","Entry Level","Individual Contributor","Hybrid","West",2021-12-22,3.81,"3-5 years"
"EMP0536","Client Operations","Customer Support","Senior Professional","Individual Contributor","On-site","Northeast",2016-03-26,9.56,"6-10 years"
"EMP0537","Client Operations","Customer Support","Professional","Individual Contributor","On-site","West",2023-10-17,2,"1-2 years"
"EMP0538","Client Operations","Customer Support","Entry Level","Individual Contributor","On-site","South",2025-02-21,0.65,"Less than 1 year"
"EMP0539","Client Operations","Customer Support","Entry Level","Individual Contributor","On-site","Midwest",2024-03-25,1.56,"1-2 years"
"EMP0540","Client Operations","Customer Support","Professional","Individual Contributor","On-site","West",2020-12-28,4.8,"3-5 years"
"EMP0541","Client Operations","Customer Support","Professional","Individual Contributor","Hybrid","South",2024-12-06,0.86,"Less than 1 year"
"EMP0542","Client Operations","Customer Support","Professional","Individual Contributor","Hybrid","South",2021-07-11,4.26,"3-5 years"
"EMP0543","Client Operations","Customer Support","Professional","Individual Contributor","Remote","South",2025-06-05,0.36,"Less than 1 year"
"EMP0544","Client Operations","Customer Support","Professional","Individual Contributor","On-site","Midwest",2022-01-26,3.72,"3-5 years"
"EMP0545","Client Operations","Customer Support","Professional","Individual Contributor","On-site","West",2025-01-12,0.76,"Less than 1 year"
"EMP0546","Client Operations","Customer Support","Senior Professional","Individual Contributor","Hybrid","South",2014-08-19,11.16,"11 or more years"
"EMP0547","Client Operations","Customer Support","Director and Above","People Manager","Hybrid","Northeast",2021-11-09,3.93,"3-5 years"
"EMP0548","Client Operations","Customer Support","Entry Level","Individual Contributor","On-site","Northeast",2025-05-07,0.44,"Less than 1 year"
"EMP0549","Client Operations","Customer Support","Professional","Individual Contributor","On-site","Northeast",2024-12-02,0.87,"Less than 1 year"
"EMP0550","Client Operations","Customer Support","Manager","Individual Contributor","Remote","Northeast",2024-02-04,1.69,"1-2 years"
"EMP0551","Client Operations","Customer Support","Entry Level","Individual Contributor","Remote","West",2024-05-27,1.39,"1-2 years"
"EMP0552","Client Operations","Customer Support","Entry Level","Individual Contributor","Remote","West",2021-04-20,4.49,"3-5 years"
"EMP0553","Client Operations","Customer Support","Professional","Individual Contributor","Hybrid","South",2019-09-23,6.06,"6-10 years"
"EMP0554","Client Operations","Customer Support","Professional","Individual Contributor","On-site","South",2025-10-07,0.02,"Less than 1 year"
"EMP0555","Client Operations","Customer Support","Manager","People Manager","On-site","Northeast",2023-10-21,1.98,"1-2 years"
"EMP0556","Client Operations","Customer Support","Senior Professional","Individual Contributor","On-site","Midwest",2014-12-26,10.8,"6-10 years"
"EMP0557","Client Operations","Customer Support","Professional","Individual Contributor","On-site","South",2014-10-22,10.98,"6-10 years"
"EMP0558","Client Operations","Customer Support","Entry Level","Individual Contributor","On-site","Northeast",2023-05-21,2.4,"1-2 years"
"EMP0559","Client Operations","Customer Support","Manager","People Manager","On-site","Midwest",2024-08-22,1.15,"1-2 years"
"EMP0560","Client Operations","Customer Support","Professional","Individual Contributor","On-site","West",2021-07-22,4.23,"3-5 years"
"EMP0561","Client Operations","Customer Support","Entry Level","Individual Contributor","Hybrid","Northeast",2022-01-07,3.77,"3-5 years"
"EMP0562","Client Operations","Customer Support","Manager","People Manager","Hybrid","South",2009-08-16,16.16,"11 or more years"
"EMP0563","Client Operations","Customer Support","Professional","Individual Contributor","Hybrid","South",2025-06-28,0.3,"Less than 1 year"
"EMP0564","Client Operations","Customer Support","Professional","Individual Contributor","On-site","Midwest",2020-01-04,5.78,"3-5 years"
"EMP0565","Client Operations","Customer Support","Professional","Individual Contributor","Hybrid","Northeast",2015-08-14,10.17,"6-10 years"
"EMP0566","Client Operations","Customer Support","Professional","Individual Contributor","On-site","South",2017-02-12,8.67,"6-10 years"
"EMP0567","Client Operations","Customer Support","Professional","Individual Contributor","On-site","Midwest",2024-04-06,1.52,"1-2 years"
"EMP0568","Client Operations","Customer Support","Professional","Individual Contributor","Hybrid","Northeast",2025-01-10,0.76,"Less than 1 year"
"EMP0569","Client Operations","Customer Support","Entry Level","Individual Contributor","On-site","South",2024-07-12,1.26,"1-2 years"
"EMP0570","Client Operations","Customer Support","Professional","Individual Contributor","Hybrid","West",2025-03-24,0.56,"Less than 1 year"
"EMP0571","Client Operations","Customer Support","Professional","People Manager","On-site","South",2015-04-23,10.48,"6-10 years"
"EMP0572","Client Operations","Customer Support","Professional","Individual Contributor","On-site","West",2011-12-06,13.86,"11 or more years"
"EMP0573","Client Operations","Customer Support","Senior Professional","Individual Contributor","On-site","Northeast",2019-01-15,6.75,"6-10 years"
"EMP0574","Client Operations","Customer Support","Professional","Individual Contributor","On-site","Northeast",2023-02-07,2.69,"1-2 years"
"EMP0575","Client Operations","Customer Support","Senior Professional","Individual Contributor","On-site","Midwest",2006-03-06,19.61,"11 or more years"
"EMP0576","Client Operations","Customer Support","Professional","Individual Contributor","On-site","Midwest",2015-07-29,10.21,"6-10 years"
"EMP0577","Client Operations","Customer Support","Entry Level","Individual Contributor","Hybrid","Midwest",2022-11-11,2.93,"1-2 years"
"EMP0578","Client Operations","Customer Support","Entry Level","Individual Contributor","Remote","Northeast",2019-11-04,5.95,"3-5 years"
"EMP0579","Client Operations","Customer Support","Professional","Individual Contributor","On-site","South",2014-10-29,10.96,"6-10 years"
"EMP0580","Client Operations","Customer Support","Professional","Individual Contributor","Hybrid","Midwest",2023-09-12,2.09,"1-2 years"
"EMP0581","Client Operations","Customer Support","Senior Professional","Individual Contributor","On-site","Midwest",2025-03-17,0.58,"Less than 1 year"
"EMP0582","Client Operations","Customer Support","Entry Level","Individual Contributor","Remote","Midwest",2025-01-19,0.74,"Less than 1 year"
"EMP0583","Client Operations","Customer Support","Professional","Individual Contributor","Hybrid","Northeast",2025-04-10,0.51,"Less than 1 year"
"EMP0584","Client Operations","Customer Support","Manager","People Manager","On-site","Northeast",2023-03-30,2.55,"1-2 years"
"EMP0585","Client Operations","Customer Support","Senior Professional","Individual Contributor","On-site","South",2025-08-24,0.14,"Less than 1 year"
"EMP0586","Client Operations","Customer Support","Professional","Individual Contributor","Hybrid","Northeast",2020-03-10,5.6,"3-5 years"
"EMP0587","Client Operations","Customer Support","Professional","Individual Contributor","Remote","West",2021-09-04,4.11,"3-5 years"
"EMP0588","Client Operations","Customer Support","Professional","Individual Contributor","On-site","Northeast",2015-02-13,10.67,"6-10 years"
"EMP0589","Client Operations","Customer Support","Professional","Individual Contributor","Remote","Midwest",2010-07-12,15.26,"11 or more years"
"EMP0590","Client Operations","Customer Support","Professional","Individual Contributor","On-site","South",2018-03-23,7.56,"6-10 years"
"EMP0591","Client Operations","Customer Support","Professional","Individual Contributor","On-site","Midwest",2024-02-07,1.69,"1-2 years"
"EMP0592","Client Operations","Customer Support","Manager","People Manager","On-site","Northeast",2020-05-06,5.44,"3-5 years"
"EMP0593","Client Operations","Customer Support","Professional","Individual Contributor","On-site","South",2009-09-28,16.05,"11 or more years"
"EMP0594","Client Operations","Customer Support","Entry Level","Individual Contributor","Hybrid","Midwest",2020-04-18,5.49,"3-5 years"
"EMP0595","Client Operations","Customer Support","Professional","Individual Contributor","Hybrid","Midwest",2021-02-19,4.65,"3-5 years"
"EMP0596","Client Operations","Customer Support","Entry Level","Individual Contributor","On-site","South",2025-05-08,0.44,"Less than 1 year"
"EMP0597","Client Operations","Customer Support","Entry Level","Individual Contributor","Remote","South",2023-04-09,2.52,"1-2 years"
"EMP0598","Client Operations","Customer Support","Senior Professional","Individual Contributor","Hybrid","South",2024-05-08,1.44,"1-2 years"
"EMP0599","Client Operations","Customer Support","Professional","Individual Contributor","Hybrid","South",2025-03-21,0.57,"Less than 1 year"
"EMP0600","Client Operations","Customer Support","Entry Level","Individual Contributor","Hybrid","Northeast",2021-08-06,4.19,"3-5 years"
"EMP0601","Client Operations","Customer Support","Entry Level","Individual Contributor","Hybrid","West",2021-01-19,4.74,"3-5 years"
"EMP0602","Client Operations","Customer Support","Professional","Individual Contributor","Remote","Midwest",2018-09-24,7.06,"6-10 years"
"EMP0603","Client Operations","Customer Support","Professional","Individual Contributor","Hybrid","West",2020-07-31,5.21,"3-5 years"
"EMP0604","Client Operations","Customer Support","Professional","Individual Contributor","On-site","Midwest",2023-03-31,2.54,"1-2 years"
"EMP0605","Client Operations","Customer Support","Professional","Individual Contributor","Hybrid","Midwest",2020-12-07,4.85,"3-5 years"
"EMP0606","Client Operations","Customer Support","Professional","Individual Contributor","Remote","South",2025-03-03,0.62,"Less than 1 year"
"EMP0607","Client Operations","Customer Support","Entry Level","Individual Contributor","Remote","South",2022-07-08,3.27,"3-5 years"
"EMP0608","Client Operations","Customer Support","Professional","Individual Contributor","On-site","South",2025-05-23,0.4,"Less than 1 year"
"EMP0609","Client Operations","Customer Support","Entry Level","Individual Contributor","Hybrid","Northeast",2024-01-19,1.74,"1-2 years"
"EMP0610","Client Operations","Customer Support","Entry Level","Individual Contributor","Hybrid","Northeast",2024-03-11,1.6,"1-2 years"
"EMP0611","Client Operations","Customer Support","Professional","Individual Contributor","On-site","Northeast",2016-03-04,9.62,"6-10 years"
"EMP0612","Client Operations","Customer Support","Entry Level","Individual Contributor","On-site","Northeast",2021-01-24,4.72,"3-5 years"
"EMP0613","Client Operations","Customer Support","Professional","Individual Contributor","On-site","West",2020-06-06,5.36,"3-5 years"
"EMP0614","Client Operations","Customer Support","Manager","People Manager","Hybrid","Northeast",2009-12-30,15.79,"11 or more years"
"EMP0615","Client Operations","Customer Support","Professional","Individual Contributor","On-site","South",2016-02-14,9.67,"6-10 years"
"EMP0616","Client Operations","Customer Support","Professional","Individual Contributor","On-site","Northeast",2025-02-18,0.65,"Less than 1 year"
"EMP0617","Client Operations","Customer Support","Professional","Individual Contributor","On-site","Northeast",2025-04-02,0.54,"Less than 1 year"
"EMP0618","Client Operations","Customer Support","Professional","Individual Contributor","Remote","Midwest",2025-01-21,0.73,"Less than 1 year"
"EMP0619","Client Operations","Customer Support","Senior Professional","Individual Contributor","Remote","Northeast",2012-04-23,13.48,"11 or more years"
"EMP0620","Client Operations","Customer Support","Entry Level","Individual Contributor","On-site","Midwest",2021-07-19,4.24,"3-5 years"
"EMP0621","Client Operations","Customer Support","Entry Level","Individual Contributor","On-site","Northeast",2011-01-04,14.78,"11 or more years"
"EMP0622","Client Operations","Customer Support","Entry Level","Individual Contributor","On-site","Northeast",2025-07-28,0.22,"Less than 1 year"
"EMP0623","Client Operations","Customer Support","Entry Level","Individual Contributor","Remote","South",2025-09-01,0.12,"Less than 1 year"
"EMP0624","Client Operations","Customer Support","Professional","Individual Contributor","On-site","Midwest",2023-10-08,2.02,"1-2 years"
"EMP0625","Client Operations","Customer Support","Professional","Individual Contributor","On-site","Midwest",2019-11-27,5.88,"3-5 years"
"EMP0626","Client Operations","Customer Support","Entry Level","Individual Contributor","On-site","Northeast",2023-06-16,2.33,"1-2 years"
"EMP0627","Client Operations","Customer Support","Professional","Individual Contributor","Hybrid","South",2022-04-02,3.54,"3-5 years"
"EMP0628","Client Operations","Customer Support","Entry Level","Individual Contributor","On-site","South",2024-12-17,0.83,"Less than 1 year"
"EMP0629","Client Operations","Customer Support","Entry Level","Individual Contributor","On-site","West",2022-12-29,2.8,"1-2 years"
"EMP0630","Client Operations","Customer Support","Senior Professional","Individual Contributor","Remote","South",2023-05-09,2.44,"1-2 years"
"EMP0631","Client Operations","Customer Support","Entry Level","Individual Contributor","On-site","West",2025-02-12,0.67,"Less than 1 year"
"EMP0632","Client Operations","Customer Support","Professional","Individual Contributor","On-site","Northeast",2024-12-01,0.87,"Less than 1 year"
"EMP0633","Client Operations","Customer Support","Professional","Individual Contributor","On-site","Northeast",2024-05-13,1.42,"1-2 years"
"EMP0634","Client Operations","Customer Support","Manager","Individual Contributor","Hybrid","Midwest",2014-11-25,10.89,"6-10 years"
"EMP0635","Client Operations","Customer Support","Entry Level","Individual Contributor","Hybrid","South",2020-02-09,5.68,"3-5 years"
"EMP0636","Client Operations","Customer Support","Senior Professional","Individual Contributor","Hybrid","South",2020-03-11,5.6,"3-5 years"
"EMP0637","Client Operations","Customer Support","Entry Level","Individual Contributor","Hybrid","West",2008-02-22,17.65,"11 or more years"
"EMP0638","Client Operations","Customer Support","Entry Level","Individual Contributor","On-site","Midwest",2025-05-09,0.44,"Less than 1 year"
"EMP0639","Client Operations","Customer Support","Professional","Individual Contributor","Hybrid","Northeast",2024-10-16,1,"1-2 years"
"EMP0640","Client Operations","Customer Support","Professional","Individual Contributor","On-site","West",2023-03-17,2.58,"1-2 years"
"EMP0641","Client Operations","Customer Support","Manager","People Manager","Hybrid","Northeast",2015-10-20,9.99,"6-10 years"
"EMP0642","Client Operations","Customer Support","Entry Level","Individual Contributor","On-site","Midwest",2025-01-13,0.75,"Less than 1 year"
"EMP0643","Client Operations","Customer Support","Professional","Individual Contributor","On-site","Midwest",2025-01-15,0.75,"Less than 1 year"
"EMP0644","Client Operations","Customer Support","Entry Level","Individual Contributor","Remote","West",2023-06-24,2.31,"1-2 years"
"EMP0645","Client Operations","Customer Support","Professional","Individual Contributor","Remote","Midwest",2021-06-14,4.34,"3-5 years"
"EMP0646","Client Operations","Customer Support","Professional","Individual Contributor","Hybrid","Midwest",2017-01-24,8.72,"6-10 years"
"EMP0647","Client Operations","Customer Support","Professional","Individual Contributor","On-site","Midwest",2016-10-17,8.99,"6-10 years"
"EMP0648","Client Operations","Customer Support","Professional","Individual Contributor","On-site","West",2019-11-22,5.9,"3-5 years"
"EMP0649","Client Operations","Customer Support","Entry Level","Individual Contributor","Hybrid","Midwest",2022-10-24,2.98,"1-2 years"
"EMP0650","Client Operations","Customer Support","Director and Above","People Manager","Hybrid","Northeast",2015-08-09,10.18,"6-10 years"
"EMP0651","Client Operations","Customer Support","Professional","Individual Contributor","On-site","West",2025-01-26,0.72,"Less than 1 year"
"EMP0652","Client Operations","Customer Support","Senior Professional","Individual Contributor","On-site","Midwest",2006-04-13,19.51,"11 or more years"
"EMP0653","Client Operations","Customer Support","Senior Professional","Individual Contributor","Hybrid","Northeast",2024-07-22,1.23,"1-2 years"
"EMP0654","Client Operations","Customer Support","Director and Above","Individual Contributor","On-site","Northeast",2016-08-21,9.15,"6-10 years"
"EMP0655","Client Operations","Customer Support","Entry Level","Individual Contributor","On-site","Northeast",2017-12-20,7.82,"6-10 years"
"EMP0656","Client Operations","Customer Support","Professional","Individual Contributor","Hybrid","Northeast",2025-01-28,0.71,"Less than 1 year"
"EMP0657","Client Operations","Customer Support","Professional","Individual Contributor","On-site","Northeast",2010-03-30,15.55,"11 or more years"
"EMP0658","Client Operations","Customer Support","Entry Level","Individual Contributor","Hybrid","South",2022-04-28,3.47,"3-5 years"
"EMP0659","Client Operations","Customer Support","Professional","Individual Contributor","Hybrid","Midwest",2022-12-15,2.83,"1-2 years"
"EMP0660","Client Operations","Customer Support","Professional","Individual Contributor","Remote","Midwest",2024-06-07,1.36,"1-2 years"
"EMP0661","Client Operations","Customer Support","Professional","Individual Contributor","On-site","Northeast",2024-10-27,0.97,"Less than 1 year"
"EMP0662","Client Operations","Customer Support","Professional","Individual Contributor","On-site","South",2025-09-16,0.08,"Less than 1 year"
"EMP0663","Client Operations","Customer Support","Professional","Individual Contributor","Remote","South",2022-05-19,3.41,"3-5 years"
"EMP0664","Client Operations","Customer Support","Senior Professional","People Manager","On-site","Northeast",2015-05-11,10.43,"6-10 years"
"EMP0665","Client Operations","Customer Support","Professional","Individual Contributor","On-site","Midwest",2020-02-17,5.66,"3-5 years"
"EMP0666","Client Operations","Customer Support","Senior Professional","Individual Contributor","On-site","West",2021-06-13,4.34,"3-5 years"
"EMP0667","Client Operations","Customer Support","Professional","Individual Contributor","On-site","Midwest",2010-05-05,15.45,"11 or more years"
"EMP0668","Client Operations","Customer Support","Senior Professional","Individual Contributor","Hybrid","South",2021-05-05,4.45,"3-5 years"
"EMP0669","Client Operations","Customer Support","Entry Level","Individual Contributor","On-site","South",2016-10-07,9.02,"6-10 years"
"EMP0670","Client Operations","Customer Support","Senior Professional","People Manager","On-site","Northeast",2020-07-27,5.22,"3-5 years"
"EMP0671","Client Operations","Customer Support","Senior Professional","Individual Contributor","On-site","South",2022-07-10,3.27,"3-5 years"
"EMP0672","Client Operations","Customer Support","Entry Level","Individual Contributor","On-site","Northeast",2024-02-15,1.66,"1-2 years"
"EMP0673","Client Operations","Customer Support","Professional","Individual Contributor","Hybrid","South",2021-11-09,3.93,"3-5 years"
"EMP0674","Client Operations","Customer Support","Professional","Individual Contributor","On-site","Northeast",2022-02-24,3.64,"3-5 years"
"EMP0675","Client Operations","Customer Support","Entry Level","Individual Contributor","On-site","West",2023-09-30,2.04,"1-2 years"
"EMP0676","Client Operations","Customer Support","Senior Professional","Individual Contributor","On-site","Midwest",2016-01-22,9.73,"6-10 years"
"EMP0677","Client Operations","Customer Support","Entry Level","Individual Contributor","On-site","Northeast",2025-04-14,0.5,"Less than 1 year"
"EMP0678","Client Operations","Customer Support","Professional","Individual Contributor","On-site","Midwest",2022-05-24,3.39,"3-5 years"
"EMP0679","Client Operations","Customer Support","Professional","Individual Contributor","On-site","West",2023-09-25,2.06,"1-2 years"
"EMP0680","Client Operations","Customer Support","Entry Level","Individual Contributor","On-site","Northeast",2024-07-13,1.26,"1-2 years"
"EMP0681","Client Operations","Customer Support","Entry Level","Individual Contributor","Remote","West",2018-10-30,6.96,"6-10 years"
"EMP0682","Client Operations","Customer Support","Professional","Individual Contributor","On-site","South",2019-09-04,6.11,"6-10 years"
"EMP0683","Client Operations","Customer Support","Professional","Individual Contributor","On-site","Midwest",2024-12-06,0.86,"Less than 1 year"
"EMP0684","Client Operations","Customer Support","Entry Level","Individual Contributor","Remote","South",2024-11-11,0.93,"Less than 1 year"
"EMP0685","Client Operations","Customer Support","Professional","Individual Contributor","On-site","South",2008-04-22,17.48,"11 or more years"
"EMP0686","Client Operations","Customer Support","Professional","Individual Contributor","Hybrid","West",2016-02-02,9.7,"6-10 years"
"EMP0687","Client Operations","Customer Support","Professional","Individual Contributor","Remote","Northeast",2022-11-23,2.89,"1-2 years"
"EMP0688","Client Operations","Customer Support","Manager","People Manager","Hybrid","West",2022-01-22,3.73,"3-5 years"
"EMP0689","Client Operations","Customer Support","Entry Level","Individual Contributor","Hybrid","Midwest",2024-05-13,1.42,"1-2 years"
"EMP0690","Client Operations","Customer Support","Entry Level","Individual Contributor","On-site","West",2020-01-07,5.77,"3-5 years"
"EMP0691","Client Operations","Customer Support","Manager","People Manager","On-site","Midwest",2021-12-28,3.8,"3-5 years"
"EMP0692","Client Operations","Customer Support","Professional","Individual Contributor","On-site","Northeast",2017-11-11,7.93,"6-10 years"
"EMP0693","Client Operations","Customer Support","Professional","Individual Contributor","On-site","West",2023-12-19,1.82,"1-2 years"
"EMP0694","Client Operations","Customer Support","Professional","Individual Contributor","On-site","South",2022-04-27,3.47,"3-5 years"
"EMP0695","Client Operations","Customer Support","Professional","Individual Contributor","Remote","South",2020-05-05,5.45,"3-5 years"
"EMP0696","Client Operations","Customer Support","Senior Professional","People Manager","Remote","Northeast",2017-05-02,8.45,"6-10 years"
"EMP0697","Client Operations","Customer Support","Professional","Individual Contributor","Hybrid","South",2020-06-16,5.33,"3-5 years"
"EMP0698","Client Operations","Customer Support","Professional","Individual Contributor","Remote","Northeast",2020-01-30,5.71,"3-5 years"
"EMP0699","Client Operations","Customer Support","Senior Professional","People Manager","On-site","South",2024-09-12,1.09,"1-2 years"
"EMP0700","Client Operations","Customer Support","Entry Level","Individual Contributor","Hybrid","Northeast",2022-11-27,2.88,"1-2 years"
"EMP0701","Client Operations","Implementation","Manager","People Manager","Hybrid","South",2025-04-18,0.49,"Less than 1 year"
"EMP0702","Client Operations","Implementation","Senior Professional","Individual Contributor","Hybrid","Northeast",2022-03-23,3.56,"3-5 years"
"EMP0703","Client Operations","Implementation","Senior Professional","Individual Contributor","Remote","Northeast",2020-01-09,5.77,"3-5 years"
"EMP0704","Client Operations","Implementation","Entry Level","Individual Contributor","On-site","South",2025-08-18,0.16,"Less than 1 year"
"EMP0705","Client Operations","Implementation","Professional","Individual Contributor","On-site","Midwest",2022-11-27,2.88,"1-2 years"
"EMP0706","Client Operations","Implementation","Manager","Individual Contributor","Remote","West",2015-11-20,9.9,"6-10 years"
"EMP0707","Client Operations","Implementation","Professional","Individual Contributor","Hybrid","South",2024-09-12,1.09,"1-2 years"
"EMP0708","Client Operations","Implementation","Professional","Individual Contributor","Hybrid","South",2023-10-08,2.02,"1-2 years"
"EMP0709","Client Operations","Implementation","Entry Level","Individual Contributor","Hybrid","Northeast",2021-04-11,4.51,"3-5 years"
"EMP0710","Client Operations","Implementation","Senior Professional","Individual Contributor","On-site","Midwest",2023-09-24,2.06,"1-2 years"
"EMP0711","Client Operations","Implementation","Director and Above","Individual Contributor","Remote","Midwest",2018-12-15,6.83,"6-10 years"
"EMP0712","Client Operations","Implementation","Senior Professional","Individual Contributor","On-site","Midwest",2023-08-05,2.2,"1-2 years"
"EMP0713","Client Operations","Implementation","Professional","Individual Contributor","Hybrid","Northeast",2018-03-09,7.6,"6-10 years"
"EMP0714","Client Operations","Implementation","Senior Professional","Individual Contributor","Hybrid","West",2018-11-06,6.94,"6-10 years"
"EMP0715","Client Operations","Implementation","Professional","Individual Contributor","Remote","Northeast",2023-02-05,2.69,"1-2 years"
"EMP0716","Client Operations","Implementation","Professional","Individual Contributor","Hybrid","Northeast",2024-08-21,1.15,"1-2 years"
"EMP0717","Client Operations","Implementation","Senior Professional","Individual Contributor","Hybrid","South",2022-05-28,3.38,"3-5 years"
"EMP0718","Client Operations","Implementation","Senior Professional","Individual Contributor","Hybrid","Northeast",2021-03-06,4.61,"3-5 years"
"EMP0719","Client Operations","Implementation","Senior Professional","Individual Contributor","On-site","South",2011-01-20,14.74,"11 or more years"
"EMP0720","Client Operations","Implementation","Professional","Individual Contributor","Hybrid","West",2021-02-19,4.65,"3-5 years"
"EMP0721","Client Operations","Implementation","Senior Professional","Individual Contributor","Hybrid","West",2022-11-23,2.89,"1-2 years"
"EMP0722","Client Operations","Implementation","Senior Professional","People Manager","Hybrid","West",2019-04-11,6.51,"6-10 years"
"EMP0723","Client Operations","Implementation","Professional","Individual Contributor","Remote","West",2015-01-24,10.72,"6-10 years"
"EMP0724","Client Operations","Implementation","Senior Professional","Individual Contributor","On-site","South",2025-03-27,0.55,"Less than 1 year"
"EMP0725","Client Operations","Implementation","Senior Professional","Individual Contributor","Remote","West",2015-09-07,10.11,"6-10 years"
"EMP0726","Client Operations","Implementation","Professional","Individual Contributor","Hybrid","Midwest",2025-09-14,0.08,"Less than 1 year"
"EMP0727","Client Operations","Implementation","Entry Level","Individual Contributor","On-site","Midwest",2025-01-24,0.72,"Less than 1 year"
"EMP0728","Client Operations","Implementation","Senior Professional","Individual Contributor","Remote","South",2015-01-05,10.78,"6-10 years"
"EMP0729","Client Operations","Implementation","Professional","Individual Contributor","Remote","Midwest",2025-01-05,0.77,"Less than 1 year"
"EMP0730","Client Operations","Implementation","Professional","Individual Contributor","Remote","Northeast",2022-06-03,3.37,"3-5 years"
"EMP0731","Client Operations","Implementation","Entry Level","Individual Contributor","Remote","Northeast",2024-02-11,1.68,"1-2 years"
"EMP0732","Client Operations","Implementation","Professional","Individual Contributor","Remote","Midwest",2025-01-01,0.79,"Less than 1 year"
"EMP0733","Client Operations","Implementation","Senior Professional","Individual Contributor","Remote","Northeast",2017-12-08,7.85,"6-10 years"
"EMP0734","Client Operations","Implementation","Professional","Individual Contributor","On-site","Northeast",2008-05-02,17.45,"11 or more years"
"EMP0735","Client Operations","Implementation","Senior Professional","People Manager","On-site","Northeast",2020-05-14,5.42,"3-5 years"
"EMP0736","Client Operations","Implementation","Senior Professional","Individual Contributor","Hybrid","South",2023-08-30,2.13,"1-2 years"
"EMP0737","Client Operations","Implementation","Senior Professional","Individual Contributor","Remote","South",2024-11-20,0.9,"Less than 1 year"
"EMP0738","Client Operations","Implementation","Manager","People Manager","Hybrid","Northeast",2011-10-02,14.04,"11 or more years"
"EMP0739","Client Operations","Implementation","Director and Above","People Manager","Hybrid","South",2023-07-24,2.23,"1-2 years"
"EMP0740","Client Operations","Implementation","Professional","Individual Contributor","On-site","Midwest",2021-11-29,3.88,"3-5 years"
"EMP0741","Client Operations","Implementation","Professional","Individual Contributor","Remote","Midwest",2007-07-03,18.29,"11 or more years"
"EMP0742","Client Operations","Implementation","Professional","Individual Contributor","Remote","Northeast",2020-05-22,5.4,"3-5 years"
"EMP0743","Client Operations","Implementation","Senior Professional","Individual Contributor","On-site","Midwest",2020-03-02,5.62,"3-5 years"
"EMP0744","Client Operations","Implementation","Professional","Individual Contributor","On-site","Northeast",2014-11-15,10.92,"6-10 years"
"EMP0745","Client Operations","Implementation","Professional","Individual Contributor","On-site","West",2023-06-13,2.34,"1-2 years"
"EMP0746","Client Operations","Implementation","Entry Level","Individual Contributor","Hybrid","Midwest",2024-08-03,1.2,"1-2 years"
"EMP0747","Client Operations","Implementation","Professional","Individual Contributor","Hybrid","West",2025-02-01,0.7,"Less than 1 year"
"EMP0748","Client Operations","Implementation","Professional","Individual Contributor","Hybrid","Midwest",2022-10-11,3.01,"3-5 years"
"EMP0749","Client Operations","Implementation","Senior Professional","Individual Contributor","Hybrid","Midwest",2019-10-07,6.02,"6-10 years"
"EMP0750","Client Operations","Implementation","Professional","Individual Contributor","On-site","Northeast",2012-04-18,13.49,"11 or more years"
"EMP0751","Client Operations","Implementation","Senior Professional","Individual Contributor","Remote","Midwest",2020-03-17,5.58,"3-5 years"
"EMP0752","Client Operations","Implementation","Professional","Individual Contributor","Remote","West",2020-12-04,4.86,"3-5 years"
"EMP0753","Client Operations","Implementation","Senior Professional","Individual Contributor","On-site","Midwest",2022-05-27,3.39,"3-5 years"
"EMP0754","Client Operations","Implementation","Senior Professional","Individual Contributor","Hybrid","West",2021-09-30,4.04,"3-5 years"
"EMP0755","Client Operations","Implementation","Professional","Individual Contributor","Hybrid","Northeast",2018-10-08,7.02,"6-10 years"
"EMP0756","Client Operations","Implementation","Senior Professional","Individual Contributor","Hybrid","Midwest",2024-04-01,1.54,"1-2 years"
"EMP0757","Client Operations","Implementation","Manager","Individual Contributor","On-site","Northeast",2024-02-08,1.68,"1-2 years"
"EMP0758","Client Operations","Implementation","Professional","Individual Contributor","Hybrid","Midwest",2025-09-07,0.1,"Less than 1 year"
"EMP0759","Client Operations","Implementation","Professional","Individual Contributor","Hybrid","Midwest",2021-01-18,4.74,"3-5 years"
"EMP0760","Client Operations","Implementation","Professional","Individual Contributor","Hybrid","South",2021-07-28,4.22,"3-5 years"
"EMP0761","Client Operations","Implementation","Senior Professional","Individual Contributor","Hybrid","Midwest",2024-01-20,1.74,"1-2 years"
"EMP0762","Client Operations","Implementation","Professional","Individual Contributor","On-site","South",2022-06-25,3.31,"3-5 years"
"EMP0763","Client Operations","Implementation","Professional","Individual Contributor","On-site","South",2019-10-09,6.02,"6-10 years"
"EMP0764","Client Operations","Implementation","Entry Level","Individual Contributor","Remote","South",2024-06-02,1.37,"1-2 years"
"EMP0765","Client Operations","Implementation","Professional","Individual Contributor","On-site","Midwest",2016-01-07,9.77,"6-10 years"
"EMP0766","Client Operations","Implementation","Manager","People Manager","Remote","South",2019-11-24,5.89,"3-5 years"
"EMP0767","Client Operations","Implementation","Senior Professional","Individual Contributor","Hybrid","Northeast",2022-09-15,3.08,"3-5 years"
"EMP0768","Client Operations","Implementation","Manager","People Manager","Hybrid","West",2023-04-01,2.54,"1-2 years"
"EMP0769","Client Operations","Implementation","Professional","Individual Contributor","On-site","Northeast",2016-10-22,8.98,"6-10 years"
"EMP0770","Client Operations","Implementation","Senior Professional","Individual Contributor","Hybrid","South",2015-11-17,9.91,"6-10 years"
"EMP0771","Client Operations","Implementation","Professional","Individual Contributor","Hybrid","South",2007-12-05,17.86,"11 or more years"
"EMP0772","Client Operations","Implementation","Professional","Individual Contributor","On-site","Northeast",2025-04-05,0.53,"Less than 1 year"
"EMP0773","Client Operations","Implementation","Manager","People Manager","Remote","South",2019-03-12,6.6,"6-10 years"
"EMP0774","Client Operations","Implementation","Professional","Individual Contributor","Hybrid","Midwest",2024-10-28,0.96,"Less than 1 year"
"EMP0775","Client Operations","Implementation","Entry Level","Individual Contributor","On-site","Midwest",2020-10-05,5.03,"3-5 years"
"EMP0776","Client Operations","Implementation","Professional","Individual Contributor","On-site","Northeast",2022-08-16,3.16,"3-5 years"
"EMP0777","Client Operations","Implementation","Professional","Individual Contributor","Hybrid","Midwest",2024-02-15,1.66,"1-2 years"
"EMP0778","Client Operations","Implementation","Professional","Individual Contributor","Hybrid","South",2024-05-08,1.44,"1-2 years"
"EMP0779","Client Operations","Implementation","Professional","Individual Contributor","Remote","Midwest",2018-06-27,7.3,"6-10 years"
"EMP0780","Client Operations","Implementation","Professional","Individual Contributor","Hybrid","Midwest",2025-08-26,0.14,"Less than 1 year"
"EMP0781","Client Operations","Implementation","Professional","Individual Contributor","Hybrid","South",2019-11-14,5.92,"3-5 years"
"EMP0782","Client Operations","Implementation","Professional","Individual Contributor","Hybrid","Midwest",2025-10-13,0.01,"Less than 1 year"
"EMP0783","Client Operations","Implementation","Senior Professional","Individual Contributor","Hybrid","West",2022-01-08,3.77,"3-5 years"
"EMP0784","Client Operations","Implementation","Manager","Individual Contributor","Hybrid","Midwest",2015-04-04,10.53,"6-10 years"
"EMP0785","Client Operations","Implementation","Professional","Individual Contributor","Hybrid","West",2025-02-02,0.7,"Less than 1 year"
"EMP0786","Client Operations","Implementation","Professional","Individual Contributor","Hybrid","Midwest",2024-07-18,1.24,"1-2 years"
"EMP0787","Client Operations","Implementation","Senior Professional","Individual Contributor","Remote","West",2020-05-28,5.38,"3-5 years"
"EMP0788","Client Operations","Implementation","Professional","Individual Contributor","On-site","Midwest",2021-04-03,4.53,"3-5 years"
"EMP0789","Client Operations","Implementation","Senior Professional","Individual Contributor","Hybrid","Northeast",2019-11-25,5.89,"3-5 years"
"EMP0790","Client Operations","Implementation","Manager","Individual Contributor","On-site","Midwest",2014-07-11,11.26,"11 or more years"
"EMP0791","Client Operations","Implementation","Senior Professional","Individual Contributor","Hybrid","Midwest",2006-05-01,19.46,"11 or more years"
"EMP0792","Client Operations","Implementation","Senior Professional","Individual Contributor","On-site","Midwest",2024-09-07,1.1,"1-2 years"
"EMP0793","Client Operations","Implementation","Manager","Individual Contributor","Hybrid","South",2019-12-15,5.83,"3-5 years"
"EMP0794","Client Operations","Implementation","Entry Level","Individual Contributor","Remote","Northeast",2023-05-01,2.46,"1-2 years"
"EMP0795","Client Operations","Implementation","Manager","People Manager","Remote","Northeast",2025-10-01,0.04,"Less than 1 year"
"EMP0796","Client Operations","Implementation","Professional","Individual Contributor","Remote","Northeast",2024-01-18,1.74,"1-2 years"
"EMP0797","Client Operations","Implementation","Professional","Individual Contributor","Hybrid","Northeast",2022-08-25,3.14,"3-5 years"
"EMP0798","Client Operations","Implementation","Senior Professional","Individual Contributor","Remote","Northeast",2021-06-07,4.36,"3-5 years"
"EMP0799","Client Operations","Implementation","Professional","Individual Contributor","Hybrid","South",2023-07-31,2.21,"1-2 years"
"EMP0800","Client Operations","Implementation","Professional","Individual Contributor","On-site","South",2022-07-05,3.28,"3-5 years"
"EMP0801","Client Operations","Implementation","Entry Level","Individual Contributor","Hybrid","Midwest",2024-03-09,1.6,"1-2 years"
"EMP0802","Client Operations","Implementation","Professional","Individual Contributor","On-site","South",2023-05-07,2.44,"1-2 years"
"EMP0803","Client Operations","Implementation","Professional","Individual Contributor","On-site","Midwest",2021-05-29,4.38,"3-5 years"
"EMP0804","Client Operations","Implementation","Entry Level","Individual Contributor","Hybrid","West",2020-01-11,5.76,"3-5 years"
"EMP0805","Client Operations","Implementation","Senior Professional","Individual Contributor","Hybrid","Northeast",2020-01-29,5.71,"3-5 years"
"EMP0806","Client Operations","Implementation","Senior Professional","Individual Contributor","Hybrid","Northeast",2007-10-29,17.96,"11 or more years"
"EMP0807","Client Operations","Implementation","Senior Professional","Individual Contributor","Hybrid","South",2024-03-26,1.56,"1-2 years"
"EMP0808","Client Operations","Implementation","Manager","People Manager","On-site","Northeast",2023-12-02,1.87,"1-2 years"
"EMP0809","Client Operations","Implementation","Manager","People Manager","Remote","South",2016-02-04,9.69,"6-10 years"
"EMP0810","Client Operations","Implementation","Professional","Individual Contributor","Hybrid","Northeast",2016-07-15,9.25,"6-10 years"
"EMP0811","Client Operations","Implementation","Professional","Individual Contributor","Hybrid","South",2019-11-11,5.93,"3-5 years"
"EMP0812","Client Operations","Implementation","Senior Professional","Individual Contributor","Hybrid","South",2018-11-07,6.94,"6-10 years"
"EMP0813","Client Operations","Implementation","Professional","Individual Contributor","Remote","South",2023-08-09,2.18,"1-2 years"
"EMP0814","Client Operations","Implementation","Professional","Individual Contributor","Hybrid","South",2025-02-01,0.7,"Less than 1 year"
"EMP0815","Client Operations","Implementation","Senior Professional","Individual Contributor","On-site","West",2025-06-13,0.34,"Less than 1 year"
"EMP0816","Client Operations","Implementation","Professional","Individual Contributor","On-site","Midwest",2020-12-26,4.8,"3-5 years"
"EMP0817","Client Operations","Implementation","Entry Level","Individual Contributor","Hybrid","West",2020-02-03,5.7,"3-5 years"
"EMP0818","Client Operations","Implementation","Professional","Individual Contributor","On-site","West",2020-05-19,5.41,"3-5 years"
"EMP0819","Client Operations","Implementation","Senior Professional","Individual Contributor","Remote","South",2019-05-18,6.41,"6-10 years"
"EMP0820","Client Operations","Implementation","Manager","People Manager","Hybrid","South",2016-10-26,8.97,"6-10 years"
"EMP0821","Client Operations","Implementation","Professional","Individual Contributor","Remote","Northeast",2019-05-25,6.39,"6-10 years"
"EMP0822","Client Operations","Implementation","Professional","Individual Contributor","Hybrid","South",2023-02-15,2.66,"1-2 years"
"EMP0823","Client Operations","Implementation","Professional","Individual Contributor","Hybrid","Midwest",2016-12-29,8.79,"6-10 years"
"EMP0824","Client Operations","Implementation","Professional","Individual Contributor","Hybrid","South",2014-04-11,11.51,"11 or more years"
"EMP0825","Client Operations","Implementation","Professional","Individual Contributor","Hybrid","South",2015-09-27,10.05,"6-10 years"
"EMP0826","Client Operations","Implementation","Professional","Individual Contributor","Remote","West",2021-11-02,3.95,"3-5 years"
"EMP0827","Client Operations","Implementation","Professional","Individual Contributor","Hybrid","South",2024-08-03,1.2,"1-2 years"
"EMP0828","Client Operations","Implementation","Professional","Individual Contributor","Hybrid","Northeast",2020-12-11,4.84,"3-5 years"
"EMP0829","Client Operations","Implementation","Professional","People Manager","Remote","South",2024-03-21,1.57,"1-2 years"
"EMP0830","Client Operations","Implementation","Professional","Individual Contributor","On-site","West",2018-11-23,6.89,"6-10 years"
"EMP0831","Client Operations","Implementation","Professional","People Manager","Hybrid","Northeast",2020-07-06,5.28,"3-5 years"
"EMP0832","Client Operations","Implementation","Professional","Individual Contributor","Remote","Midwest",2025-01-19,0.74,"Less than 1 year"
"EMP0833","Client Operations","Implementation","Professional","Individual Contributor","Hybrid","Northeast",2024-06-06,1.36,"1-2 years"
"EMP0834","Client Operations","Implementation","Entry Level","Individual Contributor","Hybrid","Midwest",2015-09-26,10.05,"6-10 years"
"EMP0835","Client Operations","Implementation","Senior Professional","Individual Contributor","On-site","Midwest",2017-03-10,8.6,"6-10 years"
"EMP0836","Client Operations","Implementation","Senior Professional","Individual Contributor","Hybrid","Midwest",2016-05-13,9.42,"6-10 years"
"EMP0837","Client Operations","Implementation","Senior Professional","Individual Contributor","Remote","South",2017-07-13,8.26,"6-10 years"
"EMP0838","Client Operations","Implementation","Senior Professional","Individual Contributor","Hybrid","West",2016-12-29,8.79,"6-10 years"
"EMP0839","Client Operations","Implementation","Manager","People Manager","Hybrid","West",2020-05-28,5.38,"3-5 years"
"EMP0840","Client Operations","Implementation","Manager","People Manager","Hybrid","West",2020-07-28,5.22,"3-5 years"
"EMP0841","Client Operations","Implementation","Professional","Individual Contributor","Remote","South",2008-05-02,17.45,"11 or more years"
"EMP0842","Client Operations","Implementation","Professional","Individual Contributor","Hybrid","West",2016-05-25,9.39,"6-10 years"
"EMP0843","Client Operations","Implementation","Professional","Individual Contributor","On-site","South",2018-03-07,7.61,"6-10 years"
"EMP0844","Client Operations","Implementation","Senior Professional","Individual Contributor","Hybrid","Northeast",2021-01-26,4.72,"3-5 years"
"EMP0845","Client Operations","Implementation","Professional","Individual Contributor","Hybrid","South",2016-08-12,9.17,"6-10 years"
"EMP0846","Client Operations","Implementation","Senior Professional","Individual Contributor","Hybrid","Midwest",2020-12-02,4.87,"3-5 years"
"EMP0847","Client Operations","Implementation","Entry Level","Individual Contributor","On-site","Northeast",2025-08-05,0.19,"Less than 1 year"
"EMP0848","Client Operations","Implementation","Senior Professional","Individual Contributor","Hybrid","Midwest",2021-06-24,4.31,"3-5 years"
"EMP0849","Client Operations","Implementation","Senior Professional","Individual Contributor","Hybrid","Midwest",2020-07-28,5.22,"3-5 years"
"EMP0850","Client Operations","Implementation","Professional","Individual Contributor","On-site","Midwest",2022-10-08,3.02,"3-5 years"
"EMP0851","Client Operations","Implementation","Professional","Individual Contributor","On-site","West",2023-09-09,2.1,"1-2 years"
"EMP0852","Client Operations","Implementation","Manager","Individual Contributor","Hybrid","South",2015-01-21,10.73,"6-10 years"
"EMP0853","Client Operations","Implementation","Professional","Individual Contributor","On-site","Northeast",2010-02-20,15.65,"11 or more years"
"EMP0854","Client Operations","Implementation","Manager","People Manager","On-site","Midwest",2016-09-06,9.11,"6-10 years"
"EMP0855","Client Operations","Implementation","Entry Level","Individual Contributor","Hybrid","Northeast",2023-11-17,1.91,"1-2 years"
"EMP0856","Client Operations","Implementation","Director and Above","People Manager","Hybrid","West",2023-09-05,2.11,"1-2 years"
"EMP0857","Client Operations","Implementation","Manager","Individual Contributor","Hybrid","West",2008-02-05,17.69,"11 or more years"
"EMP0858","Client Operations","Implementation","Professional","Individual Contributor","On-site","South",2021-01-11,4.76,"3-5 years"
"EMP0859","Client Operations","Implementation","Entry Level","Individual Contributor","Remote","South",2022-10-12,3.01,"3-5 years"
"EMP0860","Client Operations","Implementation","Entry Level","Individual Contributor","On-site","Midwest",2025-05-25,0.39,"Less than 1 year"
"EMP0861","Client Operations","Implementation","Entry Level","Individual Contributor","Hybrid","South",2023-09-26,2.05,"1-2 years"
"EMP0862","Client Operations","Implementation","Senior Professional","People Manager","Hybrid","Northeast",2020-03-24,5.56,"3-5 years"
"EMP0863","Client Operations","Implementation","Professional","Individual Contributor","Remote","West",2016-10-16,9,"6-10 years"
"EMP0864","Client Operations","Implementation","Manager","Individual Contributor","Remote","South",2023-02-22,2.64,"1-2 years"
"EMP0865","Client Operations","Implementation","Director and Above","People Manager","Hybrid","South",2017-01-22,8.73,"6-10 years"
"EMP0866","Client Operations","Implementation","Professional","Individual Contributor","On-site","Midwest",2022-01-11,3.76,"3-5 years"
"EMP0867","Client Operations","Implementation","Manager","People Manager","Hybrid","Midwest",2021-06-23,4.31,"3-5 years"
"EMP0868","Client Operations","Implementation","Professional","Individual Contributor","On-site","West",2021-03-23,4.56,"3-5 years"
"EMP0869","Client Operations","Implementation","Professional","Individual Contributor","On-site","West",2023-09-22,2.06,"1-2 years"
"EMP0870","Client Operations","Implementation","Professional","Individual Contributor","On-site","South",2024-04-12,1.51,"1-2 years"
"EMP0871","Client Operations","Implementation","Senior Professional","Individual Contributor","Hybrid","South",2022-01-17,3.74,"3-5 years"
"EMP0872","Client Operations","Implementation","Professional","Individual Contributor","Hybrid","South",2022-02-13,3.67,"3-5 years"
"EMP0873","Client Operations","Implementation","Professional","Individual Contributor","Hybrid","Midwest",2025-09-12,0.09,"Less than 1 year"
"EMP0874","Client Operations","Implementation","Professional","Individual Contributor","On-site","Northeast",2023-10-17,2,"1-2 years"
"EMP0875","Client Operations","Implementation","Professional","Individual Contributor","Hybrid","Midwest",2025-02-02,0.7,"Less than 1 year"
"EMP0876","Client Operations","Implementation","Senior Professional","Individual Contributor","Remote","West",2019-03-07,6.61,"6-10 years"
"EMP0877","Client Operations","Implementation","Entry Level","Individual Contributor","Remote","Midwest",2021-06-14,4.34,"3-5 years"
"EMP0878","Client Operations","Implementation","Manager","People Manager","Hybrid","Midwest",2016-03-04,9.62,"6-10 years"
"EMP0879","Client Operations","Implementation","Professional","Individual Contributor","On-site","Midwest",2025-09-19,0.07,"Less than 1 year"
"EMP0880","Client Operations","Implementation","Entry Level","Individual Contributor","Hybrid","South",2015-07-20,10.24,"6-10 years"
"EMP0881","Client Operations","Implementation","Professional","Individual Contributor","On-site","Northeast",2020-09-28,5.05,"3-5 years"
"EMP0882","Client Operations","Implementation","Professional","Individual Contributor","Hybrid","Midwest",2014-04-03,11.53,"11 or more years"
"EMP0883","Client Operations","Implementation","Professional","Individual Contributor","Hybrid","West",2017-05-22,8.4,"6-10 years"
"EMP0884","Client Operations","Implementation","Manager","People Manager","Remote","Midwest",2020-09-04,5.11,"3-5 years"
"EMP0885","Client Operations","Implementation","Manager","People Manager","Hybrid","South",2019-10-02,6.04,"6-10 years"
"EMP0886","Client Operations","Implementation","Professional","Individual Contributor","Hybrid","Midwest",2008-06-17,17.33,"11 or more years"
"EMP0887","Client Operations","Implementation","Professional","People Manager","Hybrid","Midwest",2024-02-28,1.63,"1-2 years"
"EMP0888","Client Operations","Implementation","Entry Level","Individual Contributor","Remote","West",2022-08-30,3.13,"3-5 years"
"EMP0889","Client Operations","Implementation","Professional","Individual Contributor","Hybrid","South",2022-09-30,3.04,"3-5 years"
"EMP0890","Client Operations","Implementation","Professional","Individual Contributor","Hybrid","Northeast",2022-03-28,3.55,"3-5 years"
"EMP0891","Client Operations","Implementation","Director and Above","People Manager","On-site","Northeast",2017-10-21,7.98,"6-10 years"
"EMP0892","Client Operations","Implementation","Entry Level","Individual Contributor","Hybrid","Northeast",2025-03-14,0.59,"Less than 1 year"
"EMP0893","Client Operations","Implementation","Manager","People Manager","Hybrid","West",2017-06-05,8.36,"6-10 years"
"EMP0894","Client Operations","Implementation","Professional","Individual Contributor","Hybrid","Midwest",2023-02-16,2.66,"1-2 years"
"EMP0895","Client Operations","Implementation","Professional","Individual Contributor","Hybrid","South",2025-06-06,0.36,"Less than 1 year"
"EMP0896","Client Operations","Implementation","Entry Level","Individual Contributor","Hybrid","South",2025-05-10,0.43,"Less than 1 year"
"EMP0897","Client Operations","Implementation","Professional","Individual Contributor","Hybrid","West",2021-03-03,4.62,"3-5 years"
"EMP0898","Client Operations","Implementation","Professional","Individual Contributor","Hybrid","Northeast",2023-03-09,2.6,"1-2 years"
"EMP0899","Client Operations","Implementation","Senior Professional","Individual Contributor","Hybrid","Midwest",2022-10-14,3,"3-5 years"
"EMP0900","Client Operations","Implementation","Professional","Individual Contributor","Remote","West",2025-05-12,0.43,"Less than 1 year"
"EMP0901","Client Operations","Implementation","Professional","Individual Contributor","Hybrid","West",2006-12-25,18.81,"11 or more years"
"EMP0902","Client Operations","Implementation","Entry Level","Individual Contributor","Hybrid","Midwest",2023-10-07,2.02,"1-2 years"
"EMP0903","Client Operations","Implementation","Professional","Individual Contributor","Hybrid","West",2025-06-15,0.33,"Less than 1 year"
"EMP0904","Client Operations","Implementation","Senior Professional","Individual Contributor","On-site","West",2017-02-23,8.64,"6-10 years"
"EMP0905","Client Operations","Implementation","Director and Above","People Manager","Hybrid","South",2019-07-08,6.27,"6-10 years"
"EMP0906","Client Operations","Implementation","Professional","Individual Contributor","On-site","Northeast",2024-05-30,1.38,"1-2 years"
"EMP0907","Client Operations","Implementation","Professional","Individual Contributor","Remote","South",2025-02-08,0.68,"Less than 1 year"
"EMP0908","Client Operations","Implementation","Professional","Individual Contributor","Hybrid","Northeast",2010-10-12,15.01,"11 or more years"
"EMP0909","Client Operations","Implementation","Entry Level","Individual Contributor","Hybrid","Midwest",2024-11-30,0.87,"Less than 1 year"
"EMP0910","Client Operations","Implementation","Senior Professional","Individual Contributor","Hybrid","South",2022-10-08,3.02,"3-5 years"
"EMP0911","Client Operations","Implementation","Manager","People Manager","Hybrid","Northeast",2019-10-24,5.98,"3-5 years"
"EMP0912","Client Operations","Implementation","Professional","Individual Contributor","Remote","South",2019-11-17,5.91,"3-5 years"
"EMP0913","Client Operations","Implementation","Professional","Individual Contributor","On-site","South",2025-04-03,0.53,"Less than 1 year"
"EMP0914","Client Operations","Implementation","Manager","Individual Contributor","Hybrid","Northeast",2018-11-21,6.9,"6-10 years"
"EMP0915","Client Operations","Implementation","Senior Professional","Individual Contributor","Remote","South",2024-06-09,1.35,"1-2 years"
"EMP0916","Client Operations","Implementation","Professional","Individual Contributor","Remote","Northeast",2014-08-21,11.15,"11 or more years"
"EMP0917","Client Operations","Implementation","Senior Professional","Individual Contributor","Remote","Midwest",2017-11-20,7.9,"6-10 years"
"EMP0918","Client Operations","Implementation","Professional","Individual Contributor","On-site","South",2023-06-27,2.3,"1-2 years"
"EMP0919","Client Operations","Implementation","Professional","Individual Contributor","Hybrid","West",2022-12-21,2.82,"1-2 years"
"EMP0920","Client Operations","Implementation","Professional","Individual Contributor","Hybrid","Northeast",2022-12-06,2.86,"1-2 years"
"EMP0921","Client Operations","Implementation","Professional","Individual Contributor","On-site","West",2025-08-17,0.16,"Less than 1 year"
"EMP0922","Client Operations","Implementation","Professional","Individual Contributor","Hybrid","Northeast",2022-10-04,3.03,"3-5 years"
"EMP0923","Client Operations","Implementation","Professional","Individual Contributor","Hybrid","Midwest",2023-06-09,2.35,"1-2 years"
"EMP0924","Client Operations","Implementation","Entry Level","Individual Contributor","Hybrid","West",2025-02-27,0.63,"Less than 1 year"
"EMP0925","Client Operations","Implementation","Professional","Individual Contributor","Remote","Northeast",2019-09-15,6.08,"6-10 years"
"EMP0926","Client Operations","Implementation","Professional","Individual Contributor","On-site","Northeast",2018-05-06,7.44,"6-10 years"
"EMP0927","Client Operations","Implementation","Director and Above","People Manager","Remote","Midwest",2024-03-17,1.58,"1-2 years"
"EMP0928","Client Operations","Implementation","Manager","Individual Contributor","Remote","Northeast",2016-04-29,9.46,"6-10 years"
"EMP0929","Client Operations","Implementation","Senior Professional","Individual Contributor","Hybrid","South",2022-01-25,3.72,"3-5 years"
"EMP0930","Client Operations","Implementation","Professional","Individual Contributor","On-site","Midwest",2025-01-31,0.7,"Less than 1 year"
"EMP0931","Client Operations","Implementation","Professional","Individual Contributor","Remote","Northeast",2025-10-14,0,"Less than 1 year"
"EMP0932","Client Operations","Implementation","Professional","Individual Contributor","Hybrid","Northeast",2022-03-09,3.6,"3-5 years"
"EMP0933","Client Operations","Implementation","Professional","Individual Contributor","On-site","Midwest",2024-11-12,0.92,"Less than 1 year"
"EMP0934","Client Operations","Implementation","Professional","Individual Contributor","Hybrid","Northeast",2019-02-21,6.65,"6-10 years"
"EMP0935","Client Operations","Implementation","Senior Professional","People Manager","Hybrid","Midwest",2009-08-02,16.2,"11 or more years"
"EMP0936","Client Operations","Implementation","Professional","Individual Contributor","On-site","Midwest",2021-12-13,3.84,"3-5 years"
"EMP0937","Client Operations","Implementation","Professional","Individual Contributor","Remote","Midwest",2024-08-30,1.13,"1-2 years"
"EMP0938","Client Operations","Implementation","Professional","Individual Contributor","Remote","Northeast",2025-05-21,0.4,"Less than 1 year"
"EMP0939","Client Operations","Implementation","Senior Professional","Individual Contributor","Hybrid","Midwest",2025-04-28,0.47,"Less than 1 year"
"EMP0940","Client Operations","Implementation","Professional","Individual Contributor","Hybrid","Midwest",2020-09-01,5.12,"3-5 years"
"EMP0941","Client Operations","Implementation","Senior Professional","Individual Contributor","Hybrid","West",2014-08-08,11.19,"11 or more years"
"EMP0942","Client Operations","Implementation","Professional","Individual Contributor","Hybrid","Northeast",2023-04-27,2.47,"1-2 years"
"EMP0943","Client Operations","Implementation","Professional","Individual Contributor","On-site","West",2023-04-10,2.52,"1-2 years"
"EMP0944","Client Operations","Implementation","Manager","People Manager","Hybrid","Northeast",2022-10-28,2.97,"1-2 years"
"EMP0945","Client Operations","Implementation","Professional","Individual Contributor","Hybrid","Midwest",2021-11-06,3.94,"3-5 years"
"EMP0946","Client Operations","Implementation","Professional","Individual Contributor","On-site","Midwest",2020-12-29,4.79,"3-5 years"
"EMP0947","Client Operations","Implementation","Professional","Individual Contributor","On-site","Northeast",2024-05-07,1.44,"1-2 years"
"EMP0948","Client Operations","Implementation","Entry Level","Individual Contributor","On-site","Midwest",2023-04-17,2.5,"1-2 years"
"EMP0949","Client Operations","Implementation","Entry Level","Individual Contributor","Hybrid","Northeast",2024-05-19,1.41,"1-2 years"
"EMP0950","Client Operations","Implementation","Entry Level","Individual Contributor","On-site","South",2023-06-22,2.32,"1-2 years"
"EMP0951","Client Operations","Implementation","Professional","Individual Contributor","Hybrid","South",2016-11-29,8.88,"6-10 years"
"EMP0952","Client Operations","Implementation","Professional","Individual Contributor","Remote","South",2022-05-01,3.46,"3-5 years"
"EMP0953","Client Operations","Implementation","Senior Professional","Individual Contributor","On-site","Northeast",2008-02-04,17.69,"11 or more years"
"EMP0954","Client Operations","Implementation","Professional","Individual Contributor","On-site","South",2021-02-26,4.63,"3-5 years"
"EMP0955","Client Operations","Implementation","Professional","Individual Contributor","Remote","Midwest",2024-06-18,1.33,"1-2 years"
"EMP0956","Client Operations","Implementation","Senior Professional","Individual Contributor","Remote","South",2007-12-26,17.8,"11 or more years"
"EMP0957","Client Operations","Implementation","Senior Professional","Individual Contributor","On-site","Northeast",2017-02-28,8.63,"6-10 years"
"EMP0958","Client Operations","Implementation","Senior Professional","Individual Contributor","Hybrid","West",2019-12-03,5.87,"3-5 years"
"EMP0959","Client Operations","Implementation","Manager","People Manager","On-site","South",2022-10-19,2.99,"1-2 years"
"EMP0960","Client Operations","Implementation","Professional","Individual Contributor","Remote","South",2024-08-16,1.16,"1-2 years"
"EMP0961","Client Operations","Implementation","Professional","Individual Contributor","Remote","Midwest",2022-10-16,3,"3-5 years"
"EMP0962","Client Operations","Implementation","Professional","Individual Contributor","Remote","West",2023-07-19,2.24,"1-2 years"
"EMP0963","Client Operations","Implementation","Senior Professional","Individual Contributor","Hybrid","Midwest",2018-01-02,7.78,"6-10 years"
"EMP0964","Client Operations","Implementation","Senior Professional","Individual Contributor","Remote","Northeast",2022-05-24,3.39,"3-5 years"
"EMP0965","Client Operations","Implementation","Senior Professional","Individual Contributor","On-site","West",2005-12-07,19.85,"11 or more years"
"EMP0966","Client Operations","Implementation","Senior Professional","Individual Contributor","On-site","South",2019-10-03,6.03,"6-10 years"
"EMP0967","Client Operations","Implementation","Senior Professional","Individual Contributor","Hybrid","Northeast",2023-11-28,1.88,"1-2 years"
"EMP0968","Client Operations","Implementation","Entry Level","Individual Contributor","On-site","West",2022-04-21,3.49,"3-5 years"
"EMP0969","Client Operations","Implementation","Entry Level","Individual Contributor","Remote","South",2025-01-12,0.76,"Less than 1 year"
"EMP0970","Client Operations","Implementation","Entry Level","Individual Contributor","Hybrid","Midwest",2024-09-16,1.08,"1-2 years"
"EMP0971","Client Operations","Implementation","Senior Professional","Individual Contributor","On-site","West",2025-09-17,0.08,"Less than 1 year"
"EMP0972","Client Operations","Implementation","Professional","Individual Contributor","On-site","Northeast",2019-12-06,5.86,"3-5 years"
"EMP0973","Client Operations","Implementation","Professional","Individual Contributor","On-site","Midwest",2025-08-18,0.16,"Less than 1 year"
"EMP0974","Client Operations","Implementation","Senior Professional","Individual Contributor","Remote","West",2021-12-16,3.83,"3-5 years"
"EMP0975","Client Operations","Implementation","Director and Above","People Manager","Hybrid","Northeast",2021-07-06,4.28,"3-5 years"
"EMP0976","Client Operations","Implementation","Senior Professional","Individual Contributor","Hybrid","Northeast",2017-09-25,8.05,"6-10 years"
"EMP0977","Client Operations","Implementation","Senior Professional","Individual Contributor","Hybrid","South",2011-07-16,14.25,"11 or more years"
"EMP0978","Client Operations","Implementation","Professional","Individual Contributor","Hybrid","Midwest",2022-09-30,3.04,"3-5 years"
"EMP0979","Client Operations","Implementation","Professional","Individual Contributor","On-site","Northeast",2023-05-15,2.42,"1-2 years"
"EMP0980","Client Operations","Implementation","Entry Level","Individual Contributor","Remote","West",2024-01-27,1.72,"1-2 years"
"EMP0981","Client Operations","Implementation","Manager","People Manager","On-site","Northeast",2023-05-28,2.38,"1-2 years"
"EMP0982","Client Operations","Implementation","Professional","Individual Contributor","Hybrid","Northeast",2016-03-26,9.56,"6-10 years"
"EMP0983","Client Operations","Implementation","Senior Professional","People Manager","Hybrid","West",2012-02-28,13.63,"11 or more years"
"EMP0984","Client Operations","Implementation","Manager","People Manager","Hybrid","South",2016-11-04,8.94,"6-10 years"
"EMP0985","Client Operations","Implementation","Professional","Individual Contributor","Hybrid","South",2011-06-23,14.31,"11 or more years"
"EMP0986","Client Operations","Implementation","Professional","Individual Contributor","Hybrid","Northeast",2024-12-03,0.87,"Less than 1 year"
"EMP0987","Client Operations","Implementation","Professional","Individual Contributor","Hybrid","South",2022-06-27,3.3,"3-5 years"
"EMP0988","Client Operations","Implementation","Senior Professional","Individual Contributor","Hybrid","West",2022-09-28,3.05,"3-5 years"
"EMP0989","Client Operations","Implementation","Professional","Individual Contributor","On-site","Northeast",2020-08-19,5.16,"3-5 years"
"EMP0990","Client Operations","Implementation","Entry Level","Individual Contributor","Hybrid","Midwest",2024-03-18,1.58,"1-2 years"
"EMP0991","Client Operations","Implementation","Manager","People Manager","On-site","West",2020-04-27,5.47,"3-5 years"
"EMP0992","Client Operations","Implementation","Professional","Individual Contributor","Hybrid","Midwest",2020-03-25,5.56,"3-5 years"
"EMP0993","Client Operations","Implementation","Professional","Individual Contributor","On-site","Northeast",2017-03-30,8.54,"6-10 years"
"EMP0994","Client Operations","Implementation","Professional","Individual Contributor","Hybrid","Northeast",2024-01-12,1.76,"1-2 years"
"EMP0995","Client Operations","Implementation","Professional","Individual Contributor","On-site","South",2019-04-19,6.49,"6-10 years"
"EMP0996","Client Operations","Implementation","Professional","Individual Contributor","Remote","Northeast",2025-08-15,0.17,"Less than 1 year"
"EMP0997","Client Operations","Implementation","Professional","Individual Contributor","Remote","Midwest",2019-09-13,6.09,"6-10 years"
"EMP0998","Client Operations","Implementation","Manager","People Manager","Remote","South",2024-06-09,1.35,"1-2 years"
"EMP0999","Client Operations","Implementation","Professional","Individual Contributor","Hybrid","South",2016-04-30,9.46,"6-10 years"
"EMP1000","Client Operations","Implementation","Professional","Individual Contributor","Remote","South",2021-01-26,4.72,"3-5 years"
"EMP1001","Client Operations","Implementation","Professional","Individual Contributor","Hybrid","Northeast",2021-03-26,4.56,"3-5 years"
"EMP1002","Client Operations","Implementation","Senior Professional","Individual Contributor","Remote","South",2015-10-05,10.03,"6-10 years"
"EMP1003","Client Operations","Implementation","Professional","Individual Contributor","Remote","Northeast",2020-10-07,5.02,"3-5 years"
"EMP1004","Client Operations","Implementation","Professional","Individual Contributor","Hybrid","South",2024-10-22,0.98,"Less than 1 year"
"EMP1005","Client Operations","Implementation","Entry Level","Individual Contributor","Remote","Midwest",2025-09-26,0.05,"Less than 1 year"
"EMP1006","Client Operations","Implementation","Entry Level","Individual Contributor","On-site","Midwest",2024-10-06,1.02,"1-2 years"
"EMP1007","Client Operations","Implementation","Professional","Individual Contributor","Hybrid","Northeast",2025-09-08,0.1,"Less than 1 year"
"EMP1008","Client Operations","Implementation","Senior Professional","Individual Contributor","On-site","South",2021-04-19,4.49,"3-5 years"
"EMP1009","Client Operations","Implementation","Senior Professional","Individual Contributor","Hybrid","South",2022-06-24,3.31,"3-5 years"
"EMP1010","Client Operations","Implementation","Senior Professional","Individual Contributor","On-site","Northeast",2023-09-22,2.06,"1-2 years"
"EMP1011","Client Operations","Implementation","Professional","Individual Contributor","Remote","Midwest",2024-05-17,1.41,"1-2 years"
"EMP1012","Client Operations","Implementation","Professional","Individual Contributor","Hybrid","Northeast",2024-10-07,1.02,"1-2 years"
"EMP1013","Client Operations","Implementation","Professional","Individual Contributor","Hybrid","South",2022-04-12,3.51,"3-5 years"
"EMP1014","Client Operations","Implementation","Professional","Individual Contributor","Remote","West",2023-12-25,1.81,"1-2 years"
"EMP1015","Client Operations","Implementation","Entry Level","Individual Contributor","Hybrid","South",2019-11-15,5.92,"3-5 years"
"EMP1016","Client Operations","Implementation","Entry Level","Individual Contributor","Hybrid","Northeast",2025-09-26,0.05,"Less than 1 year"
"EMP1017","Client Operations","Implementation","Professional","People Manager","Remote","Northeast",2018-11-15,6.92,"6-10 years"
"EMP1018","Client Operations","Implementation","Senior Professional","Individual Contributor","On-site","South",2016-09-04,9.11,"6-10 years"
"EMP1019","Client Operations","Implementation","Professional","Individual Contributor","On-site","Northeast",2022-12-07,2.86,"1-2 years"
"EMP1020","Client Operations","Implementation","Senior Professional","Individual Contributor","On-site","South",2021-05-05,4.45,"3-5 years"
"EMP1021","Client Operations","Implementation","Senior Professional","Individual Contributor","Hybrid","West",2024-03-28,1.55,"1-2 years"
"EMP1022","Client Operations","Implementation","Entry Level","Individual Contributor","On-site","Midwest",2024-10-21,0.98,"Less than 1 year"
"EMP1023","Client Operations","Implementation","Professional","Individual Contributor","On-site","South",2015-07-07,10.28,"6-10 years"
"EMP1024","Client Operations","Implementation","Manager","Individual Contributor","Hybrid","Northeast",2024-05-22,1.4,"1-2 years"
"EMP1025","Client Operations","Implementation","Entry Level","Individual Contributor","Hybrid","West",2025-05-05,0.45,"Less than 1 year"
"EMP1026","Client Operations","Implementation","Entry Level","Individual Contributor","On-site","South",2024-02-21,1.65,"1-2 years"
"EMP1027","Client Operations","Implementation","Professional","Individual Contributor","Hybrid","Northeast",2016-12-10,8.85,"6-10 years"
"EMP1028","Client Operations","Implementation","Professional","Individual Contributor","On-site","West",2023-06-09,2.35,"1-2 years"
"EMP1029","Client Operations","Implementation","Entry Level","Individual Contributor","On-site","West",2020-01-08,5.77,"3-5 years"
"EMP1030","Client Operations","Implementation","Professional","Individual Contributor","On-site","Northeast",2017-02-24,8.64,"6-10 years"
"EMP1031","Client Operations","Implementation","Professional","Individual Contributor","Remote","Northeast",2021-03-02,4.62,"3-5 years"
"EMP1032","Client Operations","Implementation","Professional","Individual Contributor","Hybrid","Northeast",2022-11-30,2.87,"1-2 years"
"EMP1033","Client Operations","Implementation","Professional","Individual Contributor","Hybrid","South",2023-01-25,2.72,"1-2 years"
"EMP1034","Client Operations","Implementation","Professional","Individual Contributor","On-site","West",2021-03-02,4.62,"3-5 years"
"EMP1035","Client Operations","Implementation","Entry Level","Individual Contributor","Hybrid","Midwest",2018-10-19,6.99,"6-10 years"
"EMP1036","Client Operations","Implementation","Entry Level","Individual Contributor","Hybrid","Midwest",2024-07-29,1.21,"1-2 years"
"EMP1037","Client Operations","Implementation","Professional","Individual Contributor","Remote","South",2022-02-24,3.64,"3-5 years"
"EMP1038","Client Operations","Implementation","Senior Professional","Individual Contributor","Hybrid","South",2016-12-26,8.8,"6-10 years"
"EMP1039","Client Operations","Implementation","Senior Professional","Individual Contributor","On-site","South",2023-10-25,1.97,"1-2 years"
"EMP1040","Client Operations","Implementation","Entry Level","Individual Contributor","Hybrid","Northeast",2024-02-06,1.69,"1-2 years"
"EMP1041","Client Operations","Implementation","Professional","Individual Contributor","Remote","Midwest",2024-11-03,0.95,"Less than 1 year"
"EMP1042","Client Operations","Implementation","Manager","People Manager","Hybrid","Northeast",2019-01-24,6.72,"6-10 years"
"EMP1043","Client Operations","Implementation","Professional","Individual Contributor","On-site","West",2024-03-20,1.57,"1-2 years"
"EMP1044","Client Operations","Implementation","Entry Level","Individual Contributor","Hybrid","West",2023-01-30,2.71,"1-2 years"
"EMP1045","Client Operations","Implementation","Professional","Individual Contributor","On-site","Northeast",2022-06-25,3.31,"3-5 years"
"EMP1046","Client Operations","Implementation","Director and Above","People Manager","Hybrid","South",2021-07-12,4.26,"3-5 years"
"EMP1047","Client Operations","Implementation","Senior Professional","Individual Contributor","Hybrid","West",2023-06-13,2.34,"1-2 years"
"EMP1048","Client Operations","Implementation","Entry Level","Individual Contributor","On-site","Northeast",2021-11-27,3.88,"3-5 years"
"EMP1049","Client Operations","Implementation","Professional","Individual Contributor","On-site","Northeast",2025-07-09,0.27,"Less than 1 year"
"EMP1050","Client Operations","Implementation","Professional","Individual Contributor","Hybrid","Midwest",2005-08-03,20.2,"11 or more years"
"EMP1051","Client Operations","Implementation","Professional","Individual Contributor","On-site","West",2018-09-20,7.07,"6-10 years"
"EMP1052","Client Operations","Implementation","Professional","Individual Contributor","Remote","Midwest",2024-11-05,0.94,"Less than 1 year"
"EMP1053","Client Operations","Implementation","Entry Level","Individual Contributor","Hybrid","Northeast",2024-11-12,0.92,"Less than 1 year"
"EMP1054","Client Operations","Implementation","Manager","People Manager","Hybrid","South",2024-03-14,1.59,"1-2 years"
"EMP1055","Client Operations","Implementation","Senior Professional","Individual Contributor","On-site","South",2017-11-13,7.92,"6-10 years"
"EMP1056","Client Operations","Implementation","Senior Professional","Individual Contributor","Hybrid","Midwest",2020-06-05,5.36,"3-5 years"
"EMP1057","Client Operations","Implementation","Senior Professional","People Manager","On-site","Northeast",2018-03-12,7.59,"6-10 years"
"EMP1058","Client Operations","Implementation","Entry Level","Individual Contributor","Remote","South",2021-07-22,4.23,"3-5 years"
"EMP1059","Client Operations","Implementation","Professional","Individual Contributor","Remote","South",2022-06-18,3.33,"3-5 years"
"EMP1060","Client Operations","Implementation","Professional","Individual Contributor","Remote","West",2016-01-05,9.78,"6-10 years"
"EMP1061","Client Operations","Implementation","Professional","Individual Contributor","On-site","West",2017-08-05,8.19,"6-10 years"
"EMP1062","Client Operations","Implementation","Professional","Individual Contributor","On-site","Midwest",2020-01-19,5.74,"3-5 years"
"EMP1063","Client Operations","Implementation","Professional","Individual Contributor","On-site","West",2023-12-02,1.87,"1-2 years"
"EMP1064","Client Operations","Implementation","Entry Level","Individual Contributor","Hybrid","Midwest",2022-11-24,2.89,"1-2 years"
"EMP1065","Client Operations","Implementation","Professional","Individual Contributor","Remote","West",2021-07-21,4.24,"3-5 years"
"EMP1066","Client Operations","Implementation","Professional","Individual Contributor","Remote","South",2018-11-29,6.88,"6-10 years"
"EMP1067","Client Operations","Implementation","Senior Professional","Individual Contributor","Remote","Midwest",2016-11-05,8.94,"6-10 years"
"EMP1068","Client Operations","Implementation","Senior Professional","Individual Contributor","Hybrid","Northeast",2021-07-20,4.24,"3-5 years"
"EMP1069","Client Operations","Implementation","Senior Professional","Individual Contributor","Hybrid","South",2008-07-16,17.25,"11 or more years"
"EMP1070","Client Operations","Implementation","Professional","Individual Contributor","Hybrid","West",2016-01-24,9.72,"6-10 years"
"EMP1071","Client Operations","Implementation","Professional","Individual Contributor","On-site","West",2025-05-17,0.41,"Less than 1 year"
"EMP1072","Client Operations","Implementation","Senior Professional","People Manager","Hybrid","Midwest",2024-11-16,0.91,"Less than 1 year"
"EMP1073","Client Operations","Implementation","Professional","Individual Contributor","On-site","Midwest",2025-04-21,0.48,"Less than 1 year"
"EMP1074","Client Operations","Implementation","Professional","Individual Contributor","On-site","South",2025-02-02,0.7,"Less than 1 year"
"EMP1075","Client Operations","Implementation","Manager","People Manager","Hybrid","West",2019-01-22,6.73,"6-10 years"
"EMP1076","Client Operations","Implementation","Professional","Individual Contributor","Hybrid","Midwest",2016-10-14,9,"6-10 years"
"EMP1077","Client Operations","Implementation","Professional","Individual Contributor","On-site","Midwest",2021-09-08,4.1,"3-5 years"
"EMP1078","Client Operations","Implementation","Entry Level","Individual Contributor","On-site","South",2020-03-14,5.59,"3-5 years"
"EMP1079","Client Operations","Implementation","Professional","Individual Contributor","Hybrid","West",2023-04-22,2.48,"1-2 years"
"EMP1080","Client Operations","Implementation","Professional","Individual Contributor","Remote","West",2024-04-21,1.48,"1-2 years"
"EMP1081","Client Operations","Implementation","Professional","Individual Contributor","Hybrid","Northeast",2024-03-20,1.57,"1-2 years"
"EMP1082","Client Operations","Implementation","Professional","Individual Contributor","Remote","Northeast",2021-07-01,4.29,"3-5 years"
"EMP1083","Client Operations","Implementation","Professional","Individual Contributor","Remote","Northeast",2023-01-05,2.78,"1-2 years"
"EMP1084","Client Operations","Implementation","Senior Professional","Individual Contributor","On-site","South",2024-08-26,1.14,"1-2 years"
"EMP1085","Client Operations","Implementation","Professional","Individual Contributor","Hybrid","South",2025-06-13,0.34,"Less than 1 year"
"EMP1086","Client Operations","Implementation","Professional","Individual Contributor","Hybrid","Midwest",2020-06-17,5.33,"3-5 years"
"EMP1087","Client Operations","Implementation","Professional","Individual Contributor","Remote","South",2021-06-16,4.33,"3-5 years"
"EMP1088","Client Operations","Implementation","Senior Professional","Individual Contributor","On-site","West",2022-02-19,3.65,"3-5 years"
"EMP1089","Client Operations","Implementation","Professional","Individual Contributor","Hybrid","Northeast",2024-10-27,0.97,"Less than 1 year"
"EMP1090","Client Operations","Implementation","Senior Professional","People Manager","Remote","West",2023-12-07,1.86,"1-2 years"
"EMP1091","Client Operations","Implementation","Professional","Individual Contributor","Hybrid","Northeast",2025-02-11,0.67,"Less than 1 year"
"EMP1092","Client Operations","Implementation","Senior Professional","Individual Contributor","Remote","South",2020-09-14,5.08,"3-5 years"
"EMP1093","Client Operations","Implementation","Professional","Individual Contributor","Hybrid","South",2020-10-19,4.99,"3-5 years"
"EMP1094","Client Operations","Implementation","Professional","Individual Contributor","Hybrid","Northeast",2020-01-15,5.75,"3-5 years"
"EMP1095","Client Operations","Implementation","Entry Level","Individual Contributor","Hybrid","South",2018-09-11,7.09,"6-10 years"
"EMP1096","Client Operations","Implementation","Manager","Individual Contributor","Hybrid","Midwest",2025-01-20,0.73,"Less than 1 year"
"EMP1097","Client Operations","Implementation","Senior Professional","Individual Contributor","Hybrid","West",2006-03-18,19.58,"11 or more years"
"EMP1098","Client Operations","Implementation","Professional","Individual Contributor","On-site","West",2018-09-13,7.09,"6-10 years"
"EMP1099","Client Operations","Implementation","Manager","People Manager","Hybrid","Midwest",2021-01-27,4.71,"3-5 years"
"EMP1100","Client Operations","Implementation","Entry Level","Individual Contributor","Remote","Midwest",2020-10-18,4.99,"3-5 years"
"EMP1101","Client Operations","Implementation","Professional","Individual Contributor","Hybrid","Midwest",2024-11-13,0.92,"Less than 1 year"
"EMP1102","Client Operations","Implementation","Professional","Individual Contributor","Remote","Northeast",2014-12-11,10.84,"6-10 years"
"EMP1103","Client Operations","Implementation","Manager","People Manager","On-site","Northeast",2022-10-04,3.03,"3-5 years"
"EMP1104","Client Operations","Implementation","Professional","Individual Contributor","Hybrid","South",2019-07-14,6.26,"6-10 years"
"EMP1105","Client Operations","Implementation","Entry Level","Individual Contributor","On-site","West",2025-09-23,0.06,"Less than 1 year"
"EMP1106","Client Operations","Implementation","Senior Professional","Individual Contributor","Hybrid","Northeast",2024-04-09,1.52,"1-2 years"
"EMP1107","Client Operations","Implementation","Manager","People Manager","Hybrid","Northeast",2015-05-09,10.44,"6-10 years"
"EMP1108","Client Operations","Implementation","Senior Professional","Individual Contributor","Remote","South",2005-07-24,20.23,"11 or more years"
"EMP1109","Client Operations","Implementation","Entry Level","Individual Contributor","Hybrid","Northeast",2006-01-24,19.72,"11 or more years"
"EMP1110","Client Operations","Implementation","Professional","Individual Contributor","Remote","South",2016-04-01,9.54,"6-10 years"
"EMP1111","Client Operations","Implementation","Manager","People Manager","Hybrid","South",2019-12-28,5.8,"3-5 years"
"EMP1112","Client Operations","Implementation","Professional","Individual Contributor","Hybrid","Midwest",2025-07-01,0.29,"Less than 1 year"
"EMP1113","Client Operations","Implementation","Professional","Individual Contributor","Hybrid","Midwest",2022-11-30,2.87,"1-2 years"
"EMP1114","Client Operations","Implementation","Senior Professional","Individual Contributor","On-site","Northeast",2023-02-18,2.66,"1-2 years"
"EMP1115","Client Operations","Implementation","Senior Professional","Individual Contributor","Hybrid","Midwest",2020-02-21,5.65,"3-5 years"
"EMP1116","Client Operations","Implementation","Entry Level","Individual Contributor","Hybrid","Northeast",2019-12-16,5.83,"3-5 years"
"EMP1117","Client Operations","Implementation","Entry Level","Individual Contributor","Hybrid","West",2023-02-19,2.65,"1-2 years"
"EMP1118","Client Operations","Implementation","Senior Professional","Individual Contributor","On-site","Midwest",2006-03-04,19.62,"11 or more years"
"EMP1119","Client Operations","Implementation","Senior Professional","Individual Contributor","On-site","South",2020-01-18,5.74,"3-5 years"
"EMP1120","Client Operations","Implementation","Senior Professional","Individual Contributor","Remote","Northeast",2017-12-19,7.82,"6-10 years"
"EMP1121","Client Operations","Implementation","Senior Professional","Individual Contributor","Hybrid","Northeast",2020-10-09,5.02,"3-5 years"
"EMP1122","Client Operations","Implementation","Senior Professional","Individual Contributor","Hybrid","Midwest",2020-02-14,5.67,"3-5 years"
"EMP1123","Client Operations","Implementation","Professional","Individual Contributor","On-site","West",2018-03-15,7.59,"6-10 years"
"EMP1124","Client Operations","Implementation","Senior Professional","Individual Contributor","On-site","Northeast",2023-09-30,2.04,"1-2 years"
"EMP1125","Client Operations","Implementation","Senior Professional","Individual Contributor","On-site","Northeast",2020-07-24,5.23,"3-5 years"
"EMP1126","Client Operations","Implementation","Professional","Individual Contributor","Hybrid","Northeast",2020-05-20,5.4,"3-5 years"
"EMP1127","Client Operations","Implementation","Professional","Individual Contributor","Remote","Northeast",2007-12-13,17.84,"11 or more years"
"EMP1128","Client Operations","Implementation","Professional","Individual Contributor","Remote","South",2018-07-04,7.28,"6-10 years"
"EMP1129","Client Operations","Implementation","Professional","Individual Contributor","Hybrid","Midwest",2021-05-06,4.44,"3-5 years"
"EMP1130","Client Operations","Implementation","Entry Level","Individual Contributor","Remote","Northeast",2017-08-07,8.19,"6-10 years"
"EMP1131","Client Operations","Implementation","Professional","Individual Contributor","Hybrid","Midwest",2024-07-19,1.24,"1-2 years"
"EMP1132","Client Operations","Implementation","Manager","People Manager","Hybrid","Northeast",2024-10-25,0.97,"Less than 1 year"
"EMP1133","Client Operations","Implementation","Professional","Individual Contributor","On-site","South",2016-03-18,9.58,"6-10 years"
"EMP1134","Client Operations","Implementation","Manager","Individual Contributor","Hybrid","South",2017-09-24,8.06,"6-10 years"
"EMP1135","Client Operations","Implementation","Professional","Individual Contributor","Hybrid","Midwest",2014-10-25,10.97,"6-10 years"
"EMP1136","Client Operations","Implementation","Professional","Individual Contributor","On-site","Northeast",2025-04-13,0.51,"Less than 1 year"
"EMP1137","Client Operations","Implementation","Professional","Individual Contributor","On-site","Midwest",2023-01-11,2.76,"1-2 years"
"EMP1138","Client Operations","Implementation","Senior Professional","Individual Contributor","Remote","Midwest",2020-03-28,5.55,"3-5 years"
"EMP1139","Client Operations","Implementation","Manager","People Manager","Remote","South",2024-01-10,1.76,"1-2 years"
"EMP1140","Client Operations","Implementation","Entry Level","Individual Contributor","On-site","South",2021-03-10,4.6,"3-5 years"
"EMP1141","Client Operations","Implementation","Professional","Individual Contributor","On-site","South",2024-12-18,0.82,"Less than 1 year"
"EMP1142","Client Operations","Implementation","Professional","Individual Contributor","On-site","South",2024-08-26,1.14,"1-2 years"
"EMP1143","Client Operations","Implementation","Senior Professional","Individual Contributor","On-site","Northeast",2022-08-10,3.18,"3-5 years"
"EMP1144","Client Operations","Implementation","Professional","Individual Contributor","Hybrid","West",2010-11-23,14.89,"11 or more years"
"EMP1145","Client Operations","Implementation","Senior Professional","Individual Contributor","Hybrid","South",2021-04-04,4.53,"3-5 years"
"EMP1146","Client Operations","Implementation","Entry Level","Individual Contributor","Hybrid","South",2023-11-16,1.91,"1-2 years"
"EMP1147","Client Operations","Implementation","Senior Professional","Individual Contributor","Remote","Midwest",2018-04-12,7.51,"6-10 years"
"EMP1148","Client Operations","Implementation","Professional","Individual Contributor","Hybrid","South",2016-02-14,9.67,"6-10 years"
"EMP1149","Client Operations","Implementation","Professional","Individual Contributor","Hybrid","Northeast",2024-08-03,1.2,"1-2 years"
"EMP1150","Client Operations","Implementation","Senior Professional","People Manager","Hybrid","Midwest",2022-04-29,3.46,"3-5 years"
"EMP1151","Client Operations","Service Delivery","Senior Professional","People Manager","Hybrid","South",2010-01-03,15.78,"11 or more years"
"EMP1152","Client Operations","Service Delivery","Senior Professional","Individual Contributor","Hybrid","West",2015-12-25,9.81,"6-10 years"
"EMP1153","Client Operations","Service Delivery","Professional","Individual Contributor","On-site","Northeast",2015-10-08,10.02,"6-10 years"
"EMP1154","Client Operations","Service Delivery","Professional","Individual Contributor","On-site","Northeast",2010-01-05,15.78,"11 or more years"
"EMP1155","Client Operations","Service Delivery","Entry Level","Individual Contributor","On-site","Northeast",2023-03-20,2.57,"1-2 years"
"EMP1156","Client Operations","Service Delivery","Senior Professional","Individual Contributor","On-site","Northeast",2023-01-05,2.78,"1-2 years"
"EMP1157","Client Operations","Service Delivery","Manager","People Manager","On-site","Northeast",2022-08-31,3.12,"3-5 years"
"EMP1158","Client Operations","Service Delivery","Director and Above","People Manager","Hybrid","Northeast",2025-02-27,0.63,"Less than 1 year"
"EMP1159","Client Operations","Service Delivery","Professional","Individual Contributor","Hybrid","Northeast",2024-02-02,1.7,"1-2 years"
"EMP1160","Client Operations","Service Delivery","Manager","People Manager","On-site","Midwest",2021-08-20,4.15,"3-5 years"
"EMP1161","Client Operations","Service Delivery","Manager","People Manager","On-site","South",2024-03-21,1.57,"1-2 years"
"EMP1162","Client Operations","Service Delivery","Entry Level","Individual Contributor","Remote","South",2022-04-03,3.53,"3-5 years"
"EMP1163","Client Operations","Service Delivery","Professional","Individual Contributor","Remote","Midwest",2022-11-28,2.88,"1-2 years"
"EMP1164","Client Operations","Service Delivery","Professional","Individual Contributor","On-site","West",2020-10-12,5.01,"3-5 years"
"EMP1165","Client Operations","Service Delivery","Entry Level","Individual Contributor","Hybrid","South",2020-10-14,5,"3-5 years"
"EMP1166","Client Operations","Service Delivery","Professional","Individual Contributor","On-site","Northeast",2021-06-04,4.36,"3-5 years"
"EMP1167","Client Operations","Service Delivery","Senior Professional","Individual Contributor","Remote","Midwest",2018-02-09,7.68,"6-10 years"
"EMP1168","Client Operations","Service Delivery","Entry Level","Individual Contributor","On-site","South",2019-12-19,5.82,"3-5 years"
"EMP1169","Client Operations","Service Delivery","Manager","People Manager","Hybrid","Northeast",2022-10-07,3.02,"3-5 years"
"EMP1170","Client Operations","Service Delivery","Senior Professional","People Manager","On-site","Midwest",2014-02-08,11.68,"11 or more years"
"EMP1171","Client Operations","Service Delivery","Professional","Individual Contributor","On-site","Midwest",2023-12-28,1.8,"1-2 years"
"EMP1172","Client Operations","Service Delivery","Professional","Individual Contributor","Remote","Northeast",2024-01-15,1.75,"1-2 years"
"EMP1173","Client Operations","Service Delivery","Professional","Individual Contributor","Hybrid","West",2015-02-17,10.66,"6-10 years"
"EMP1174","Client Operations","Service Delivery","Senior Professional","Individual Contributor","On-site","Northeast",2006-02-14,19.67,"11 or more years"
"EMP1175","Client Operations","Service Delivery","Entry Level","Individual Contributor","On-site","West",2022-04-11,3.51,"3-5 years"
"EMP1176","Client Operations","Service Delivery","Entry Level","Individual Contributor","Remote","West",2023-08-03,2.2,"1-2 years"
"EMP1177","Client Operations","Service Delivery","Professional","Individual Contributor","Remote","South",2018-11-21,6.9,"6-10 years"
"EMP1178","Client Operations","Service Delivery","Entry Level","Individual Contributor","On-site","South",2024-06-04,1.36,"1-2 years"
"EMP1179","Client Operations","Service Delivery","Senior Professional","Individual Contributor","On-site","West",2020-12-14,4.84,"3-5 years"
"EMP1180","Client Operations","Service Delivery","Senior Professional","Individual Contributor","On-site","South",2018-01-19,7.74,"6-10 years"
"EMP1181","Client Operations","Service Delivery","Professional","Individual Contributor","On-site","Northeast",2020-04-20,5.49,"3-5 years"
"EMP1182","Client Operations","Service Delivery","Manager","Individual Contributor","Hybrid","West",2020-12-18,4.82,"3-5 years"
"EMP1183","Client Operations","Service Delivery","Entry Level","Individual Contributor","Hybrid","West",2018-10-20,6.99,"6-10 years"
"EMP1184","Client Operations","Service Delivery","Entry Level","Individual Contributor","On-site","Midwest",2024-10-21,0.98,"Less than 1 year"
"EMP1185","Client Operations","Service Delivery","Entry Level","Individual Contributor","On-site","Midwest",2025-03-29,0.55,"Less than 1 year"
"EMP1186","Client Operations","Service Delivery","Professional","Individual Contributor","Remote","Midwest",2022-01-19,3.74,"3-5 years"
"EMP1187","Client Operations","Service Delivery","Entry Level","Individual Contributor","On-site","West",2024-08-26,1.14,"1-2 years"
"EMP1188","Client Operations","Service Delivery","Entry Level","Individual Contributor","On-site","Midwest",2025-06-18,0.33,"Less than 1 year"
"EMP1189","Client Operations","Service Delivery","Senior Professional","Individual Contributor","Remote","South",2017-07-17,8.25,"6-10 years"
"EMP1190","Client Operations","Service Delivery","Professional","Individual Contributor","Hybrid","South",2018-10-24,6.98,"6-10 years"
"EMP1191","Client Operations","Service Delivery","Professional","Individual Contributor","On-site","South",2020-04-16,5.5,"3-5 years"
"EMP1192","Client Operations","Service Delivery","Senior Professional","Individual Contributor","On-site","Midwest",2016-02-02,9.7,"6-10 years"
"EMP1193","Client Operations","Service Delivery","Entry Level","Individual Contributor","On-site","Northeast",2024-07-21,1.23,"1-2 years"
"EMP1194","Client Operations","Service Delivery","Professional","Individual Contributor","On-site","Midwest",2024-10-22,0.98,"Less than 1 year"
"EMP1195","Client Operations","Service Delivery","Entry Level","Individual Contributor","On-site","Northeast",2021-08-17,4.16,"3-5 years"
"EMP1196","Client Operations","Service Delivery","Entry Level","Individual Contributor","On-site","Midwest",2021-12-27,3.8,"3-5 years"
"EMP1197","Client Operations","Service Delivery","Professional","Individual Contributor","Hybrid","Northeast",2025-01-11,0.76,"Less than 1 year"
"EMP1198","Client Operations","Service Delivery","Professional","Individual Contributor","On-site","West",2021-09-20,4.07,"3-5 years"
"EMP1199","Client Operations","Service Delivery","Senior Professional","Individual Contributor","On-site","West",2011-01-06,14.77,"11 or more years"
"EMP1200","Client Operations","Service Delivery","Entry Level","Individual Contributor","Hybrid","South",2024-07-07,1.27,"1-2 years"
"EMP1201","Client Operations","Service Delivery","Manager","Individual Contributor","Hybrid","South",2025-05-15,0.42,"Less than 1 year"
"EMP1202","Client Operations","Service Delivery","Entry Level","Individual Contributor","On-site","Northeast",2025-08-05,0.19,"Less than 1 year"
"EMP1203","Client Operations","Service Delivery","Senior Professional","Individual Contributor","Hybrid","Midwest",2023-01-06,2.77,"1-2 years"
"EMP1204","Client Operations","Service Delivery","Professional","Individual Contributor","Hybrid","Northeast",2016-11-27,8.88,"6-10 years"
"EMP1205","Client Operations","Service Delivery","Entry Level","Individual Contributor","On-site","West",2022-11-03,2.95,"1-2 years"
"EMP1206","Client Operations","Service Delivery","Manager","People Manager","On-site","West",2009-10-03,16.03,"11 or more years"
"EMP1207","Client Operations","Service Delivery","Professional","Individual Contributor","Hybrid","Northeast",2020-07-16,5.25,"3-5 years"
"EMP1208","Client Operations","Service Delivery","Senior Professional","Individual Contributor","On-site","South",2020-01-21,5.73,"3-5 years"
"EMP1209","Client Operations","Service Delivery","Professional","Individual Contributor","On-site","West",2024-11-29,0.88,"Less than 1 year"
"EMP1210","Client Operations","Service Delivery","Entry Level","Individual Contributor","Remote","Northeast",2024-01-14,1.75,"1-2 years"
"EMP1211","Client Operations","Service Delivery","Professional","Individual Contributor","On-site","South",2022-12-04,2.86,"1-2 years"
"EMP1212","Client Operations","Service Delivery","Senior Professional","Individual Contributor","Hybrid","Northeast",2014-10-14,11,"11 or more years"
"EMP1213","Client Operations","Service Delivery","Entry Level","Individual Contributor","Remote","South",2020-08-12,5.17,"3-5 years"
"EMP1214","Client Operations","Service Delivery","Professional","Individual Contributor","Remote","Northeast",2023-05-30,2.38,"1-2 years"
"EMP1215","Client Operations","Service Delivery","Senior Professional","Individual Contributor","On-site","Midwest",2021-11-08,3.93,"3-5 years"
"EMP1216","Client Operations","Service Delivery","Senior Professional","Individual Contributor","Hybrid","South",2025-01-23,0.73,"Less than 1 year"
"EMP1217","Client Operations","Service Delivery","Professional","Individual Contributor","Remote","South",2024-02-24,1.64,"1-2 years"
"EMP1218","Client Operations","Service Delivery","Director and Above","People Manager","Hybrid","South",2025-08-11,0.18,"Less than 1 year"
"EMP1219","Client Operations","Service Delivery","Professional","Individual Contributor","Hybrid","Midwest",2021-05-15,4.42,"3-5 years"
"EMP1220","Client Operations","Service Delivery","Manager","People Manager","On-site","Northeast",2010-03-12,15.59,"11 or more years"
"EMP1221","Client Operations","Service Delivery","Senior Professional","Individual Contributor","Remote","South",2023-05-28,2.38,"1-2 years"
"EMP1222","Client Operations","Service Delivery","Professional","Individual Contributor","On-site","South",2023-10-24,1.98,"1-2 years"
"EMP1223","Client Operations","Service Delivery","Entry Level","Individual Contributor","On-site","Midwest",2021-03-10,4.6,"3-5 years"
"EMP1224","Client Operations","Service Delivery","Professional","Individual Contributor","On-site","Midwest",2025-09-06,0.11,"Less than 1 year"
"EMP1225","Client Operations","Service Delivery","Professional","Individual Contributor","On-site","South",2014-08-25,11.14,"11 or more years"
"EMP1226","Client Operations","Service Delivery","Professional","Individual Contributor","On-site","Northeast",2020-08-26,5.14,"3-5 years"
"EMP1227","Client Operations","Service Delivery","Entry Level","Individual Contributor","On-site","West",2024-02-15,1.66,"1-2 years"
"EMP1228","Client Operations","Service Delivery","Professional","Individual Contributor","On-site","West",2020-12-19,4.82,"3-5 years"
"EMP1229","Client Operations","Service Delivery","Entry Level","Individual Contributor","Remote","West",2025-06-17,0.33,"Less than 1 year"
"EMP1230","Client Operations","Service Delivery","Professional","Individual Contributor","On-site","South",2023-06-27,2.3,"1-2 years"
"EMP1231","Client Operations","Service Delivery","Manager","People Manager","On-site","South",2019-10-22,5.98,"3-5 years"
"EMP1232","Client Operations","Service Delivery","Professional","Individual Contributor","On-site","West",2019-12-22,5.82,"3-5 years"
"EMP1233","Client Operations","Service Delivery","Entry Level","Individual Contributor","On-site","South",2024-09-19,1.07,"1-2 years"
"EMP1234","Client Operations","Service Delivery","Senior Professional","Individual Contributor","Remote","South",2016-07-02,9.29,"6-10 years"
"EMP1235","Client Operations","Service Delivery","Professional","Individual Contributor","On-site","South",2020-07-29,5.21,"3-5 years"
"EMP1236","Client Operations","Service Delivery","Senior Professional","Individual Contributor","Hybrid","West",2022-04-08,3.52,"3-5 years"
"EMP1237","Client Operations","Service Delivery","Professional","Individual Contributor","On-site","South",2019-11-08,5.94,"3-5 years"
"EMP1238","Client Operations","Service Delivery","Senior Professional","Individual Contributor","On-site","West",2018-03-19,7.58,"6-10 years"
"EMP1239","Client Operations","Service Delivery","Entry Level","Individual Contributor","Remote","Northeast",2007-09-13,18.09,"11 or more years"
"EMP1240","Client Operations","Service Delivery","Entry Level","Individual Contributor","On-site","West",2022-10-29,2.96,"1-2 years"
"EMP1241","Client Operations","Service Delivery","Professional","Individual Contributor","On-site","South",2021-06-16,4.33,"3-5 years"
"EMP1242","Client Operations","Service Delivery","Entry Level","Individual Contributor","Remote","Northeast",2023-08-21,2.15,"1-2 years"
"EMP1243","Client Operations","Service Delivery","Senior Professional","Individual Contributor","Remote","Northeast",2015-02-10,10.68,"6-10 years"
"EMP1244","Client Operations","Service Delivery","Entry Level","Individual Contributor","On-site","West",2023-08-19,2.16,"1-2 years"
"EMP1245","Client Operations","Service Delivery","Professional","Individual Contributor","On-site","Midwest",2025-03-29,0.55,"Less than 1 year"
"EMP1246","Client Operations","Service Delivery","Senior Professional","People Manager","On-site","South",2022-01-20,3.73,"3-5 years"
"EMP1247","Client Operations","Service Delivery","Senior Professional","Individual Contributor","Hybrid","Midwest",2016-01-30,9.71,"6-10 years"
"EMP1248","Client Operations","Service Delivery","Professional","Individual Contributor","On-site","South",2020-11-15,4.91,"3-5 years"
"EMP1249","Client Operations","Service Delivery","Senior Professional","Individual Contributor","On-site","South",2019-11-17,5.91,"3-5 years"
"EMP1250","Client Operations","Service Delivery","Manager","People Manager","On-site","Northeast",2015-01-20,10.74,"6-10 years"
"EMP1251","Client Operations","Service Delivery","Senior Professional","Individual Contributor","On-site","Midwest",2025-01-01,0.79,"Less than 1 year"
"EMP1252","Client Operations","Service Delivery","Professional","Individual Contributor","On-site","Northeast",2023-06-23,2.31,"1-2 years"
"EMP1253","Client Operations","Service Delivery","Senior Professional","Individual Contributor","On-site","Midwest",2015-03-25,10.56,"6-10 years"
"EMP1254","Client Operations","Service Delivery","Professional","Individual Contributor","On-site","South",2021-02-04,4.69,"3-5 years"
"EMP1255","Client Operations","Service Delivery","Professional","Individual Contributor","On-site","Midwest",2022-06-17,3.33,"3-5 years"
"EMP1256","Client Operations","Service Delivery","Professional","Individual Contributor","On-site","Midwest",2025-08-24,0.14,"Less than 1 year"
"EMP1257","Client Operations","Service Delivery","Director and Above","People Manager","On-site","South",2020-09-09,5.1,"3-5 years"
"EMP1258","Client Operations","Service Delivery","Professional","Individual Contributor","Remote","South",2019-11-22,5.9,"3-5 years"
"EMP1259","Client Operations","Service Delivery","Professional","Individual Contributor","On-site","Midwest",2008-12-24,16.81,"11 or more years"
"EMP1260","Client Operations","Service Delivery","Professional","Individual Contributor","Remote","South",2015-11-12,9.92,"6-10 years"
"EMP1261","Client Operations","Service Delivery","Professional","Individual Contributor","On-site","Midwest",2020-12-15,4.83,"3-5 years"
"EMP1262","Client Operations","Service Delivery","Professional","Individual Contributor","On-site","Northeast",2014-12-13,10.84,"6-10 years"
"EMP1263","Client Operations","Service Delivery","Professional","Individual Contributor","On-site","Midwest",2021-09-24,4.06,"3-5 years"
"EMP1264","Client Operations","Service Delivery","Entry Level","Individual Contributor","On-site","West",2021-05-21,4.4,"3-5 years"
"EMP1265","Client Operations","Service Delivery","Entry Level","Individual Contributor","On-site","Northeast",2018-02-27,7.63,"6-10 years"
"EMP1266","Client Operations","Service Delivery","Manager","People Manager","Hybrid","Northeast",2022-06-21,3.32,"3-5 years"
"EMP1267","Client Operations","Service Delivery","Professional","Individual Contributor","Hybrid","West",2016-07-09,9.27,"6-10 years"
"EMP1268","Client Operations","Service Delivery","Professional","Individual Contributor","Hybrid","Midwest",2013-05-11,12.43,"11 or more years"
"EMP1269","Client Operations","Service Delivery","Professional","Individual Contributor","Hybrid","Midwest",2021-08-07,4.19,"3-5 years"
"EMP1270","Client Operations","Service Delivery","Professional","Individual Contributor","On-site","Midwest",2009-02-04,16.69,"11 or more years"
"EMP1271","Client Operations","Service Delivery","Senior Professional","Individual Contributor","Remote","West",2021-01-08,4.77,"3-5 years"
"EMP1272","Client Operations","Service Delivery","Professional","Individual Contributor","Hybrid","South",2017-04-17,8.5,"6-10 years"
"EMP1273","Client Operations","Service Delivery","Professional","Individual Contributor","Remote","Midwest",2023-09-21,2.07,"1-2 years"
"EMP1274","Client Operations","Service Delivery","Senior Professional","Individual Contributor","Remote","Midwest",2016-12-17,8.83,"6-10 years"
"EMP1275","Client Operations","Service Delivery","Professional","Individual Contributor","On-site","South",2025-05-02,0.45,"Less than 1 year"
"EMP1276","Client Operations","Service Delivery","Professional","Individual Contributor","On-site","South",2016-11-01,8.95,"6-10 years"
"EMP1277","Client Operations","Service Delivery","Senior Professional","Individual Contributor","Hybrid","Midwest",2016-01-02,9.79,"6-10 years"
"EMP1278","Client Operations","Service Delivery","Professional","Individual Contributor","On-site","Midwest",2016-11-11,8.93,"6-10 years"
"EMP1279","Client Operations","Service Delivery","Professional","Individual Contributor","Remote","Midwest",2024-03-08,1.6,"1-2 years"
"EMP1280","Client Operations","Service Delivery","Senior Professional","Individual Contributor","Hybrid","West",2023-06-06,2.36,"1-2 years"
"EMP1281","Client Operations","Service Delivery","Professional","Individual Contributor","On-site","South",2020-08-14,5.17,"3-5 years"
"EMP1282","Client Operations","Service Delivery","Entry Level","Individual Contributor","Remote","South",2025-10-09,0.02,"Less than 1 year"
"EMP1283","Client Operations","Service Delivery","Entry Level","Individual Contributor","On-site","West",2017-06-06,8.36,"6-10 years"
"EMP1284","Client Operations","Service Delivery","Professional","Individual Contributor","Hybrid","West",2025-04-26,0.47,"Less than 1 year"
"EMP1285","Client Operations","Service Delivery","Professional","Individual Contributor","Hybrid","Northeast",2016-06-06,9.36,"6-10 years"
"EMP1286","Client Operations","Service Delivery","Professional","Individual Contributor","On-site","South",2021-07-13,4.26,"3-5 years"
"EMP1287","Client Operations","Service Delivery","Senior Professional","Individual Contributor","On-site","South",2017-08-17,8.16,"6-10 years"
"EMP1288","Client Operations","Service Delivery","Senior Professional","Individual Contributor","On-site","South",2022-12-22,2.81,"1-2 years"
"EMP1289","Client Operations","Service Delivery","Professional","Individual Contributor","On-site","Midwest",2023-01-31,2.7,"1-2 years"
"EMP1290","Client Operations","Service Delivery","Entry Level","Individual Contributor","On-site","South",2023-12-13,1.84,"1-2 years"
"EMP1291","Client Operations","Service Delivery","Entry Level","Individual Contributor","On-site","South",2025-02-08,0.68,"Less than 1 year"
"EMP1292","Client Operations","Service Delivery","Entry Level","Individual Contributor","On-site","South",2024-06-14,1.34,"1-2 years"
"EMP1293","Client Operations","Service Delivery","Senior Professional","Individual Contributor","On-site","West",2020-10-28,4.96,"3-5 years"
"EMP1294","Client Operations","Service Delivery","Entry Level","Individual Contributor","On-site","South",2025-04-09,0.52,"Less than 1 year"
"EMP1295","Client Operations","Service Delivery","Entry Level","Individual Contributor","Remote","South",2024-07-21,1.23,"1-2 years"
"EMP1296","Client Operations","Service Delivery","Professional","Individual Contributor","Hybrid","Midwest",2024-10-02,1.03,"1-2 years"
"EMP1297","Client Operations","Service Delivery","Professional","Individual Contributor","On-site","Northeast",2025-09-25,0.05,"Less than 1 year"
"EMP1298","Client Operations","Service Delivery","Manager","People Manager","On-site","Northeast",2019-08-27,6.14,"6-10 years"
"EMP1299","Client Operations","Service Delivery","Entry Level","Individual Contributor","On-site","South",2025-07-03,0.28,"Less than 1 year"
"EMP1300","Client Operations","Service Delivery","Entry Level","Individual Contributor","On-site","West",2018-11-09,6.93,"6-10 years"
"EMP1301","Client Operations","Service Delivery","Entry Level","Individual Contributor","On-site","Northeast",2020-05-06,5.44,"3-5 years"
"EMP1302","Client Operations","Service Delivery","Senior Professional","Individual Contributor","On-site","South",2024-03-13,1.59,"1-2 years"
"EMP1303","Client Operations","Service Delivery","Professional","Individual Contributor","Hybrid","West",2023-06-06,2.36,"1-2 years"
"EMP1304","Client Operations","Service Delivery","Professional","Individual Contributor","On-site","Midwest",2025-05-23,0.4,"Less than 1 year"
"EMP1305","Client Operations","Service Delivery","Senior Professional","Individual Contributor","On-site","West",2015-12-11,9.85,"6-10 years"
"EMP1306","Client Operations","Service Delivery","Professional","Individual Contributor","On-site","Midwest",2018-05-19,7.41,"6-10 years"
"EMP1307","Client Operations","Service Delivery","Professional","Individual Contributor","On-site","West",2021-11-01,3.95,"3-5 years"
"EMP1308","Client Operations","Service Delivery","Professional","Individual Contributor","On-site","Midwest",2022-08-03,3.2,"3-5 years"
"EMP1309","Client Operations","Service Delivery","Manager","People Manager","On-site","Northeast",2015-02-02,10.7,"6-10 years"
"EMP1310","Client Operations","Service Delivery","Senior Professional","Individual Contributor","Hybrid","Northeast",2022-05-16,3.42,"3-5 years"
"EMP1311","Client Operations","Service Delivery","Entry Level","Individual Contributor","Hybrid","West",2022-05-07,3.44,"3-5 years"
"EMP1312","Client Operations","Service Delivery","Entry Level","Individual Contributor","Hybrid","South",2024-09-18,1.07,"1-2 years"
"EMP1313","Client Operations","Service Delivery","Entry Level","Individual Contributor","Remote","West",2025-03-03,0.62,"Less than 1 year"
"EMP1314","Client Operations","Service Delivery","Professional","Individual Contributor","Remote","Midwest",2020-03-24,5.56,"3-5 years"
"EMP1315","Client Operations","Service Delivery","Senior Professional","Individual Contributor","On-site","West",2016-03-16,9.58,"6-10 years"
"EMP1316","Client Operations","Service Delivery","Entry Level","Individual Contributor","On-site","Midwest",2022-09-13,3.09,"3-5 years"
"EMP1317","Client Operations","Service Delivery","Professional","Individual Contributor","Remote","West",2025-05-16,0.42,"Less than 1 year"
"EMP1318","Client Operations","Service Delivery","Entry Level","Individual Contributor","On-site","South",2020-03-29,5.55,"3-5 years"
"EMP1319","Client Operations","Service Delivery","Manager","People Manager","On-site","Northeast",2024-07-11,1.26,"1-2 years"
"EMP1320","Client Operations","Service Delivery","Entry Level","Individual Contributor","On-site","Northeast",2022-06-14,3.34,"3-5 years"
"EMP1321","Client Operations","Service Delivery","Professional","Individual Contributor","On-site","Midwest",2025-01-11,0.76,"Less than 1 year"
"EMP1322","Client Operations","Service Delivery","Entry Level","Individual Contributor","Hybrid","South",2023-06-22,2.32,"1-2 years"
"EMP1323","Client Operations","Service Delivery","Entry Level","Individual Contributor","Remote","Northeast",2010-10-03,15.03,"11 or more years"
"EMP1324","Client Operations","Service Delivery","Entry Level","Individual Contributor","Hybrid","Northeast",2024-08-25,1.14,"1-2 years"
"EMP1325","Client Operations","Service Delivery","Senior Professional","Individual Contributor","Hybrid","South",2009-03-13,16.59,"11 or more years"
"EMP1326","Client Operations","Service Delivery","Senior Professional","Individual Contributor","On-site","South",2024-06-03,1.37,"1-2 years"
"EMP1327","Client Operations","Service Delivery","Entry Level","Individual Contributor","On-site","West",2024-01-20,1.74,"1-2 years"
"EMP1328","Client Operations","Service Delivery","Senior Professional","Individual Contributor","On-site","Midwest",2023-08-06,2.19,"1-2 years"
"EMP1329","Client Operations","Service Delivery","Entry Level","Individual Contributor","On-site","West",2022-07-07,3.27,"3-5 years"
"EMP1330","Client Operations","Service Delivery","Senior Professional","Individual Contributor","Remote","South",2017-03-09,8.6,"6-10 years"
"EMP1331","Client Operations","Service Delivery","Professional","Individual Contributor","Hybrid","South",2023-07-02,2.29,"1-2 years"
"EMP1332","Client Operations","Service Delivery","Senior Professional","Individual Contributor","Remote","West",2024-06-13,1.34,"1-2 years"
"EMP1333","Client Operations","Service Delivery","Professional","Individual Contributor","On-site","Northeast",2015-06-20,10.32,"6-10 years"
"EMP1334","Client Operations","Service Delivery","Professional","Individual Contributor","On-site","Northeast",2017-10-01,8.04,"6-10 years"
"EMP1335","Client Operations","Service Delivery","Professional","Individual Contributor","Hybrid","West",2024-06-27,1.3,"1-2 years"
"EMP1336","Client Operations","Service Delivery","Professional","Individual Contributor","On-site","South",2022-01-28,3.71,"3-5 years"
"EMP1337","Client Operations","Service Delivery","Professional","Individual Contributor","On-site","South",2015-12-01,9.87,"6-10 years"
"EMP1338","Client Operations","Service Delivery","Professional","Individual Contributor","Hybrid","West",2014-11-24,10.89,"6-10 years"
"EMP1339","Client Operations","Service Delivery","Professional","Individual Contributor","Hybrid","Midwest",2025-05-07,0.44,"Less than 1 year"
"EMP1340","Client Operations","Service Delivery","Professional","Individual Contributor","Hybrid","South",2024-04-26,1.47,"1-2 years"
"EMP1341","Client Operations","Service Delivery","Professional","Individual Contributor","Remote","West",2024-07-09,1.27,"1-2 years"
"EMP1342","Client Operations","Service Delivery","Senior Professional","Individual Contributor","Hybrid","Northeast",2023-01-29,2.71,"1-2 years"
"EMP1343","Client Operations","Service Delivery","Entry Level","Individual Contributor","Hybrid","South",2022-12-23,2.81,"1-2 years"
"EMP1344","Client Operations","Service Delivery","Senior Professional","People Manager","On-site","South",2021-09-20,4.07,"3-5 years"
"EMP1345","Client Operations","Service Delivery","Professional","Individual Contributor","Remote","West",2014-10-18,10.99,"6-10 years"
"EMP1346","Client Operations","Service Delivery","Professional","Individual Contributor","On-site","Midwest",2007-01-19,18.74,"11 or more years"
"EMP1347","Client Operations","Service Delivery","Entry Level","Individual Contributor","On-site","Midwest",2022-02-01,3.7,"3-5 years"
"EMP1348","Client Operations","Service Delivery","Manager","People Manager","Remote","South",2017-09-19,8.07,"6-10 years"
"EMP1349","Client Operations","Service Delivery","Professional","People Manager","On-site","Northeast",2023-05-18,2.41,"1-2 years"
"EMP1350","Client Operations","Service Delivery","Senior Professional","Individual Contributor","Hybrid","Midwest",2018-06-14,7.34,"6-10 years"
"EMP1351","Client Operations","Service Delivery","Professional","Individual Contributor","Remote","Northeast",2021-03-23,4.56,"3-5 years"
"EMP1352","Client Operations","Service Delivery","Senior Professional","Individual Contributor","Hybrid","West",2022-03-14,3.59,"3-5 years"
"EMP1353","Client Operations","Service Delivery","Professional","Individual Contributor","On-site","Midwest",2022-07-30,3.21,"3-5 years"
"EMP1354","Client Operations","Service Delivery","Senior Professional","Individual Contributor","On-site","South",2022-02-02,3.7,"3-5 years"
"EMP1355","Client Operations","Service Delivery","Professional","Individual Contributor","On-site","Midwest",2020-09-20,5.07,"3-5 years"
"EMP1356","Client Operations","Service Delivery","Professional","Individual Contributor","On-site","Northeast",2024-06-20,1.32,"1-2 years"
"EMP1357","Client Operations","Service Delivery","Senior Professional","Individual Contributor","Remote","Northeast",2021-06-11,4.34,"3-5 years"
"EMP1358","Client Operations","Service Delivery","Professional","Individual Contributor","On-site","West",2025-04-29,0.46,"Less than 1 year"
"EMP1359","Client Operations","Service Delivery","Director and Above","People Manager","On-site","Midwest",2022-07-20,3.24,"3-5 years"
"EMP1360","Client Operations","Service Delivery","Entry Level","Individual Contributor","Hybrid","West",2024-10-09,1.02,"1-2 years"
"EMP1361","Client Operations","Service Delivery","Professional","Individual Contributor","On-site","Midwest",2018-01-10,7.76,"6-10 years"
"EMP1362","Client Operations","Service Delivery","Professional","Individual Contributor","Hybrid","West",2020-07-21,5.23,"3-5 years"
"EMP1363","Client Operations","Service Delivery","Entry Level","Individual Contributor","On-site","South",2025-05-20,0.41,"Less than 1 year"
"EMP1364","Client Operations","Service Delivery","Senior Professional","Individual Contributor","On-site","Midwest",2023-04-03,2.54,"1-2 years"
"EMP1365","Client Operations","Service Delivery","Professional","Individual Contributor","On-site","South",2021-04-09,4.52,"3-5 years"
"EMP1366","Client Operations","Service Delivery","Director and Above","People Manager","Hybrid","South",2020-05-28,5.38,"3-5 years"
"EMP1367","Client Operations","Service Delivery","Professional","Individual Contributor","On-site","Midwest",2021-12-10,3.85,"3-5 years"
"EMP1368","Client Operations","Service Delivery","Manager","People Manager","On-site","Northeast",2016-09-09,9.1,"6-10 years"
"EMP1369","Client Operations","Service Delivery","Professional","Individual Contributor","Hybrid","West",2019-12-14,5.84,"3-5 years"
"EMP1370","Client Operations","Service Delivery","Professional","Individual Contributor","On-site","Midwest",2022-01-30,3.71,"3-5 years"
"EMP1371","Client Operations","Service Delivery","Entry Level","Individual Contributor","On-site","Northeast",2023-01-19,2.74,"1-2 years"
"EMP1372","Client Operations","Service Delivery","Professional","Individual Contributor","On-site","Northeast",2021-01-07,4.77,"3-5 years"
"EMP1373","Client Operations","Service Delivery","Professional","Individual Contributor","On-site","Midwest",2022-12-30,2.79,"1-2 years"
"EMP1374","Client Operations","Service Delivery","Entry Level","Individual Contributor","Remote","Midwest",2018-12-01,6.87,"6-10 years"
"EMP1375","Client Operations","Service Delivery","Entry Level","Individual Contributor","On-site","Midwest",2017-11-23,7.89,"6-10 years"
"EMP1376","Client Operations","Service Delivery","Manager","People Manager","On-site","West",2025-07-28,0.22,"Less than 1 year"
"EMP1377","Client Operations","Service Delivery","Professional","Individual Contributor","Hybrid","Midwest",2024-01-28,1.71,"1-2 years"
"EMP1378","Client Operations","Service Delivery","Professional","Individual Contributor","Hybrid","West",2008-12-29,16.79,"11 or more years"
"EMP1379","Client Operations","Service Delivery","Senior Professional","Individual Contributor","On-site","West",2022-01-09,3.76,"3-5 years"
"EMP1380","Client Operations","Service Delivery","Entry Level","Individual Contributor","Hybrid","Midwest",2019-08-08,6.19,"6-10 years"
"EMP1381","Client Operations","Service Delivery","Senior Professional","Individual Contributor","Hybrid","South",2024-04-29,1.46,"1-2 years"
"EMP1382","Client Operations","Service Delivery","Senior Professional","Individual Contributor","Hybrid","Midwest",2024-06-26,1.3,"1-2 years"
"EMP1383","Client Operations","Service Delivery","Manager","People Manager","Hybrid","West",2025-04-04,0.53,"Less than 1 year"
"EMP1384","Client Operations","Service Delivery","Senior Professional","Individual Contributor","Hybrid","Midwest",2022-02-01,3.7,"3-5 years"
"EMP1385","Client Operations","Service Delivery","Senior Professional","Individual Contributor","Remote","Midwest",2025-05-10,0.43,"Less than 1 year"
"EMP1386","Client Operations","Service Delivery","Director and Above","People Manager","On-site","West",2021-02-05,4.69,"3-5 years"
"EMP1387","Client Operations","Service Delivery","Manager","Individual Contributor","Hybrid","Midwest",2020-06-20,5.32,"3-5 years"
"EMP1388","Client Operations","Service Delivery","Professional","Individual Contributor","On-site","South",2025-02-04,0.69,"Less than 1 year"
"EMP1389","Client Operations","Service Delivery","Senior Professional","Individual Contributor","Hybrid","Northeast",2022-10-03,3.03,"3-5 years"
"EMP1390","Client Operations","Service Delivery","Professional","People Manager","Hybrid","West",2021-11-06,3.94,"3-5 years"
"EMP1391","Client Operations","Service Delivery","Senior Professional","Individual Contributor","On-site","Midwest",2008-12-31,16.79,"11 or more years"
"EMP1392","Client Operations","Service Delivery","Professional","Individual Contributor","On-site","South",2015-11-02,9.95,"6-10 years"
"EMP1393","Client Operations","Service Delivery","Professional","Individual Contributor","Remote","Northeast",2023-02-18,2.66,"1-2 years"
"EMP1394","Client Operations","Service Delivery","Professional","Individual Contributor","Hybrid","West",2024-07-31,1.21,"1-2 years"
"EMP1395","Client Operations","Service Delivery","Entry Level","Individual Contributor","Hybrid","Northeast",2023-11-10,1.93,"1-2 years"
"EMP1396","Client Operations","Service Delivery","Entry Level","Individual Contributor","On-site","Midwest",2025-03-29,0.55,"Less than 1 year"
"EMP1397","Client Operations","Service Delivery","Senior Professional","Individual Contributor","Remote","Midwest",2017-02-11,8.67,"6-10 years"
"EMP1398","Client Operations","Service Delivery","Professional","Individual Contributor","Hybrid","Midwest",2023-08-15,2.17,"1-2 years"
"EMP1399","Client Operations","Service Delivery","Senior Professional","Individual Contributor","Hybrid","South",2020-08-10,5.18,"3-5 years"
"EMP1400","Client Operations","Service Delivery","Professional","Individual Contributor","On-site","South",2021-06-20,4.32,"3-5 years"
"EMP1401","Client Operations","Service Delivery","Professional","Individual Contributor","On-site","South",2019-10-30,5.96,"3-5 years"
"EMP1402","Client Operations","Service Delivery","Professional","Individual Contributor","Hybrid","Northeast",2021-08-30,4.13,"3-5 years"
"EMP1403","Client Operations","Service Delivery","Professional","Individual Contributor","Hybrid","South",2019-11-25,5.89,"3-5 years"
"EMP1404","Client Operations","Service Delivery","Professional","Individual Contributor","On-site","South",2024-09-14,1.08,"1-2 years"
"EMP1405","Client Operations","Service Delivery","Entry Level","Individual Contributor","Hybrid","Northeast",2019-10-20,5.99,"3-5 years"
"EMP1406","Client Operations","Service Delivery","Professional","Individual Contributor","On-site","Midwest",2025-09-30,0.04,"Less than 1 year"
"EMP1407","Client Operations","Service Delivery","Entry Level","Individual Contributor","On-site","South",2023-02-15,2.66,"1-2 years"
"EMP1408","Client Operations","Service Delivery","Professional","Individual Contributor","Hybrid","South",2006-03-19,19.58,"11 or more years"
"EMP1409","Client Operations","Service Delivery","Entry Level","Individual Contributor","On-site","Northeast",2022-10-10,3.01,"3-5 years"
"EMP1410","Client Operations","Service Delivery","Professional","Individual Contributor","On-site","West",2009-05-23,16.4,"11 or more years"
"EMP1411","Client Operations","Service Delivery","Manager","Individual Contributor","Remote","Northeast",2017-01-22,8.73,"6-10 years"
"EMP1412","Client Operations","Service Delivery","Professional","Individual Contributor","On-site","West",2006-12-30,18.79,"11 or more years"
"EMP1413","Client Operations","Service Delivery","Professional","Individual Contributor","Hybrid","Northeast",2015-08-21,10.15,"6-10 years"
"EMP1414","Client Operations","Service Delivery","Manager","People Manager","On-site","Midwest",2022-06-18,3.33,"3-5 years"
"EMP1415","Client Operations","Service Delivery","Professional","Individual Contributor","On-site","West",2020-12-06,4.86,"3-5 years"
"EMP1416","Client Operations","Service Delivery","Senior Professional","Individual Contributor","On-site","South",2019-05-15,6.42,"6-10 years"
"EMP1417","Client Operations","Service Delivery","Professional","Individual Contributor","Hybrid","West",2017-07-31,8.21,"6-10 years"
"EMP1418","Client Operations","Service Delivery","Senior Professional","Individual Contributor","On-site","Midwest",2024-06-23,1.31,"1-2 years"
"EMP1419","Client Operations","Service Delivery","Professional","Individual Contributor","Remote","Northeast",2024-11-16,0.91,"Less than 1 year"
"EMP1420","Client Operations","Service Delivery","Professional","Individual Contributor","On-site","South",2023-09-10,2.1,"1-2 years"
"EMP1421","Client Operations","Service Delivery","Manager","People Manager","On-site","Northeast",2025-10-14,0,"Less than 1 year"
"EMP1422","Client Operations","Service Delivery","Senior Professional","Individual Contributor","Hybrid","West",2015-01-10,10.76,"6-10 years"
"EMP1423","Client Operations","Service Delivery","Professional","Individual Contributor","On-site","West",2023-11-04,1.95,"1-2 years"
"EMP1424","Client Operations","Service Delivery","Professional","Individual Contributor","On-site","Northeast",2005-04-27,20.47,"11 or more years"
"EMP1425","Client Operations","Service Delivery","Entry Level","Individual Contributor","Hybrid","Midwest",2023-02-01,2.7,"1-2 years"
"EMP1426","Client Operations","Service Delivery","Manager","People Manager","Hybrid","Midwest",2021-05-01,4.46,"3-5 years"
"EMP1427","Client Operations","Service Delivery","Entry Level","Individual Contributor","On-site","Midwest",2023-08-27,2.14,"1-2 years"
"EMP1428","Client Operations","Service Delivery","Manager","People Manager","On-site","Northeast",2013-01-24,12.72,"11 or more years"
"EMP1429","Client Operations","Service Delivery","Senior Professional","Individual Contributor","On-site","West",2007-05-24,18.4,"11 or more years"
"EMP1430","Client Operations","Service Delivery","Professional","Individual Contributor","On-site","Midwest",2024-02-13,1.67,"1-2 years"
"EMP1431","Client Operations","Service Delivery","Professional","Individual Contributor","On-site","West",2025-10-11,0.01,"Less than 1 year"
"EMP1432","Client Operations","Service Delivery","Manager","Individual Contributor","On-site","West",2023-03-13,2.59,"1-2 years"
"EMP1433","Client Operations","Service Delivery","Senior Professional","Individual Contributor","Remote","South",2025-07-21,0.24,"Less than 1 year"
"EMP1434","Client Operations","Service Delivery","Senior Professional","Individual Contributor","Hybrid","Midwest",2025-09-19,0.07,"Less than 1 year"
"EMP1435","Client Operations","Service Delivery","Entry Level","Individual Contributor","On-site","South",2023-12-30,1.79,"1-2 years"
"EMP1436","Client Operations","Service Delivery","Entry Level","Individual Contributor","On-site","Midwest",2024-09-02,1.12,"1-2 years"
"EMP1437","Client Operations","Service Delivery","Professional","Individual Contributor","Hybrid","Midwest",2019-05-27,6.39,"6-10 years"
"EMP1438","Client Operations","Service Delivery","Entry Level","Individual Contributor","Remote","Midwest",2025-01-26,0.72,"Less than 1 year"
"EMP1439","Client Operations","Service Delivery","Professional","Individual Contributor","On-site","Northeast",2018-09-07,7.1,"6-10 years"
"EMP1440","Client Operations","Service Delivery","Entry Level","Individual Contributor","Hybrid","South",2022-11-25,2.89,"1-2 years"
"EMP1441","Client Operations","Service Delivery","Professional","Individual Contributor","On-site","Northeast",2021-10-05,4.03,"3-5 years"
"EMP1442","Client Operations","Service Delivery","Senior Professional","Individual Contributor","On-site","West",2017-12-14,7.84,"6-10 years"
"EMP1443","Client Operations","Service Delivery","Senior Professional","Individual Contributor","On-site","Midwest",2022-08-20,3.15,"3-5 years"
"EMP1444","Client Operations","Service Delivery","Manager","Individual Contributor","On-site","South",2023-07-24,2.23,"1-2 years"
"EMP1445","Client Operations","Service Delivery","Professional","Individual Contributor","Remote","Northeast",2016-09-25,9.05,"6-10 years"
"EMP1446","Client Operations","Service Delivery","Professional","Individual Contributor","Hybrid","South",2025-01-02,0.78,"Less than 1 year"
"EMP1447","Client Operations","Service Delivery","Senior Professional","Individual Contributor","Hybrid","West",2022-06-08,3.35,"3-5 years"
"EMP1448","Client Operations","Service Delivery","Professional","Individual Contributor","On-site","Midwest",2023-11-13,1.92,"1-2 years"
"EMP1449","Client Operations","Service Delivery","Professional","Individual Contributor","On-site","Northeast",2024-01-11,1.76,"1-2 years"
"EMP1450","Client Operations","Service Delivery","Entry Level","Individual Contributor","On-site","South",2020-02-15,5.66,"3-5 years"
"EMP1451","Client Operations","Service Delivery","Senior Professional","Individual Contributor","On-site","South",2015-06-09,10.35,"6-10 years"
"EMP1452","Client Operations","Service Delivery","Entry Level","Individual Contributor","On-site","South",2018-12-16,6.83,"6-10 years"
"EMP1453","Client Operations","Service Delivery","Senior Professional","Individual Contributor","Hybrid","Northeast",2017-03-30,8.54,"6-10 years"
"EMP1454","Client Operations","Service Delivery","Senior Professional","Individual Contributor","Remote","Northeast",2020-06-18,5.33,"3-5 years"
"EMP1455","Client Operations","Service Delivery","Entry Level","Individual Contributor","On-site","South",2014-10-21,10.98,"6-10 years"
"EMP1456","Client Operations","Service Delivery","Senior Professional","Individual Contributor","Hybrid","West",2025-07-10,0.27,"Less than 1 year"
"EMP1457","Client Operations","Service Delivery","Entry Level","Individual Contributor","On-site","West",2020-06-22,5.31,"3-5 years"
"EMP1458","Client Operations","Service Delivery","Professional","Individual Contributor","On-site","Midwest",2015-11-26,9.89,"6-10 years"
"EMP1459","Client Operations","Service Delivery","Professional","Individual Contributor","Remote","West",2025-05-02,0.45,"Less than 1 year"
"EMP1460","Client Operations","Service Delivery","Senior Professional","Individual Contributor","On-site","Northeast",2020-03-28,5.55,"3-5 years"
"EMP1461","Client Operations","Service Delivery","Manager","Individual Contributor","Remote","West",2012-10-12,13.01,"11 or more years"
"EMP1462","Client Operations","Service Delivery","Entry Level","Individual Contributor","Hybrid","Midwest",2016-08-11,9.18,"6-10 years"
"EMP1463","Client Operations","Service Delivery","Senior Professional","Individual Contributor","Remote","West",2025-01-02,0.78,"Less than 1 year"
"EMP1464","Client Operations","Service Delivery","Professional","Individual Contributor","Hybrid","Northeast",2020-08-18,5.16,"3-5 years"
"EMP1465","Client Operations","Service Delivery","Professional","Individual Contributor","Hybrid","Midwest",2019-12-22,5.82,"3-5 years"
"EMP1466","Client Operations","Service Delivery","Entry Level","Individual Contributor","Remote","Midwest",2024-11-20,0.9,"Less than 1 year"
"EMP1467","Client Operations","Service Delivery","Professional","Individual Contributor","On-site","West",2010-07-16,15.25,"11 or more years"
"EMP1468","Client Operations","Service Delivery","Professional","Individual Contributor","On-site","South",2022-06-26,3.3,"3-5 years"
"EMP1469","Client Operations","Service Delivery","Professional","Individual Contributor","Remote","Northeast",2023-03-17,2.58,"1-2 years"
"EMP1470","Client Operations","Service Delivery","Professional","Individual Contributor","Hybrid","South",2024-04-01,1.54,"1-2 years"
"EMP1471","Client Operations","Service Delivery","Professional","Individual Contributor","Remote","South",2019-04-21,6.49,"6-10 years"
"EMP1472","Client Operations","Service Delivery","Senior Professional","Individual Contributor","On-site","Midwest",2020-04-28,5.46,"3-5 years"
"EMP1473","Client Operations","Service Delivery","Entry Level","Individual Contributor","On-site","Northeast",2018-03-18,7.58,"6-10 years"
"EMP1474","Client Operations","Service Delivery","Professional","Individual Contributor","Hybrid","Northeast",2023-01-03,2.78,"1-2 years"
"EMP1475","Client Operations","Service Delivery","Senior Professional","Individual Contributor","Hybrid","West",2023-05-28,2.38,"1-2 years"
"EMP1476","Client Operations","Service Delivery","Professional","Individual Contributor","On-site","West",2016-11-06,8.94,"6-10 years"
"EMP1477","Client Operations","Service Delivery","Manager","People Manager","On-site","South",2022-12-14,2.84,"1-2 years"
"EMP1478","Client Operations","Service Delivery","Professional","Individual Contributor","On-site","Midwest",2010-03-09,15.6,"11 or more years"
"EMP1479","Client Operations","Service Delivery","Entry Level","Individual Contributor","On-site","South",2025-01-04,0.78,"Less than 1 year"
"EMP1480","Client Operations","Service Delivery","Professional","Individual Contributor","On-site","South",2025-02-09,0.68,"Less than 1 year"
"EMP1481","Client Operations","Service Delivery","Professional","Individual Contributor","Remote","Northeast",2025-08-04,0.2,"Less than 1 year"
"EMP1482","Client Operations","Service Delivery","Professional","Individual Contributor","Remote","West",2022-04-05,3.53,"3-5 years"
"EMP1483","Client Operations","Service Delivery","Entry Level","Individual Contributor","On-site","West",2024-12-16,0.83,"Less than 1 year"
"EMP1484","Client Operations","Service Delivery","Professional","Individual Contributor","On-site","Northeast",2024-10-21,0.98,"Less than 1 year"
"EMP1485","Client Operations","Service Delivery","Entry Level","Individual Contributor","On-site","Midwest",2007-02-01,18.7,"11 or more years"
"EMP1486","Client Operations","Service Delivery","Professional","Individual Contributor","Hybrid","West",2022-08-08,3.19,"3-5 years"
"EMP1487","Client Operations","Service Delivery","Professional","Individual Contributor","Hybrid","South",2018-02-15,7.66,"6-10 years"
"EMP1488","Client Operations","Service Delivery","Senior Professional","Individual Contributor","Hybrid","Midwest",2023-04-25,2.48,"1-2 years"
"EMP1489","Client Operations","Service Delivery","Senior Professional","Individual Contributor","On-site","Midwest",2017-06-26,8.3,"6-10 years"
"EMP1490","Client Operations","Service Delivery","Entry Level","Individual Contributor","On-site","South",2025-05-11,0.43,"Less than 1 year"
"EMP1491","Client Operations","Service Delivery","Entry Level","Individual Contributor","On-site","West",2022-05-04,3.45,"3-5 years"
"EMP1492","Client Operations","Service Delivery","Professional","Individual Contributor","On-site","South",2020-09-30,5.04,"3-5 years"
"EMP1493","Client Operations","Service Delivery","Manager","People Manager","On-site","Northeast",2005-12-20,19.82,"11 or more years"
"EMP1494","Client Operations","Service Delivery","Entry Level","Individual Contributor","Hybrid","Northeast",2025-03-22,0.57,"Less than 1 year"
"EMP1495","Client Operations","Service Delivery","Entry Level","Individual Contributor","On-site","West",2023-06-26,2.31,"1-2 years"
"EMP1496","Client Operations","Service Delivery","Entry Level","Individual Contributor","Remote","West",2025-06-04,0.36,"Less than 1 year"
"EMP1497","Client Operations","Service Delivery","Professional","Individual Contributor","Remote","West",2005-08-01,20.21,"11 or more years"
"EMP1498","Client Operations","Service Delivery","Senior Professional","Individual Contributor","On-site","Midwest",2020-07-24,5.23,"3-5 years"
"EMP1499","Client Operations","Service Delivery","Professional","Individual Contributor","On-site","Midwest",2016-10-22,8.98,"6-10 years"
"EMP1500","Client Operations","Service Delivery","Entry Level","Individual Contributor","Hybrid","Midwest",2022-11-13,2.92,"1-2 years"
"EMP1501","Client Operations","Service Delivery","Professional","Individual Contributor","On-site","Northeast",2012-03-13,13.59,"11 or more years"
"EMP1502","Client Operations","Service Delivery","Entry Level","Individual Contributor","Remote","West",2008-10-30,16.96,"11 or more years"
"EMP1503","Client Operations","Service Delivery","Professional","Individual Contributor","Remote","Midwest",2023-05-27,2.39,"1-2 years"
"EMP1504","Client Operations","Service Delivery","Professional","Individual Contributor","On-site","Northeast",2020-12-07,4.85,"3-5 years"
"EMP1505","Client Operations","Service Delivery","Professional","Individual Contributor","Hybrid","West",2018-08-11,7.18,"6-10 years"
"EMP1506","Client Operations","Service Delivery","Entry Level","Individual Contributor","On-site","Northeast",2017-07-05,8.28,"6-10 years"
"EMP1507","Client Operations","Service Delivery","Professional","Individual Contributor","Remote","Midwest",2017-09-18,8.07,"6-10 years"
"EMP1508","Client Operations","Service Delivery","Entry Level","Individual Contributor","Remote","Midwest",2023-08-26,2.14,"1-2 years"
"EMP1509","Client Operations","Service Delivery","Manager","People Manager","Hybrid","Northeast",2023-05-17,2.41,"1-2 years"
"EMP1510","Client Operations","Service Delivery","Senior Professional","Individual Contributor","Hybrid","Northeast",2018-09-10,7.1,"6-10 years"
"EMP1511","Client Operations","Service Delivery","Entry Level","Individual Contributor","On-site","South",2023-12-01,1.87,"1-2 years"
"EMP1512","Client Operations","Service Delivery","Manager","People Manager","On-site","West",2005-07-13,20.26,"11 or more years"
"EMP1513","Client Operations","Service Delivery","Entry Level","Individual Contributor","On-site","West",2024-11-22,0.9,"Less than 1 year"
"EMP1514","Client Operations","Service Delivery","Professional","Individual Contributor","On-site","Midwest",2022-06-13,3.34,"3-5 years"
"EMP1515","Client Operations","Service Delivery","Professional","Individual Contributor","On-site","Midwest",2024-03-19,1.57,"1-2 years"
"EMP1516","Client Operations","Service Delivery","Entry Level","Individual Contributor","On-site","West",2022-10-23,2.98,"1-2 years"
"EMP1517","Client Operations","Service Delivery","Entry Level","Individual Contributor","Hybrid","South",2022-06-28,3.3,"3-5 years"
"EMP1518","Client Operations","Service Delivery","Professional","Individual Contributor","On-site","Midwest",2022-10-29,2.96,"1-2 years"
"EMP1519","Client Operations","Service Delivery","Entry Level","Individual Contributor","On-site","Midwest",2024-02-26,1.63,"1-2 years"
"EMP1520","Client Operations","Service Delivery","Entry Level","Individual Contributor","Hybrid","Northeast",2021-06-29,4.3,"3-5 years"
"EMP1521","Client Operations","Service Delivery","Senior Professional","Individual Contributor","On-site","South",2015-07-25,10.23,"6-10 years"
"EMP1522","Client Operations","Service Delivery","Professional","Individual Contributor","On-site","Midwest",2021-09-25,4.05,"3-5 years"
"EMP1523","Client Operations","Service Delivery","Professional","Individual Contributor","Hybrid","West",2015-12-25,9.81,"6-10 years"
"EMP1524","Client Operations","Service Delivery","Entry Level","Individual Contributor","On-site","Northeast",2024-02-19,1.65,"1-2 years"
"EMP1525","Client Operations","Service Delivery","Professional","Individual Contributor","On-site","Northeast",2017-06-12,8.34,"6-10 years"
"EMP1526","Client Operations","Service Delivery","Senior Professional","Individual Contributor","Hybrid","West",2020-05-26,5.39,"3-5 years"
"EMP1527","Client Operations","Service Delivery","Professional","Individual Contributor","Remote","Northeast",2022-03-31,3.54,"3-5 years"
"EMP1528","Client Operations","Service Delivery","Professional","Individual Contributor","On-site","West",2024-05-04,1.45,"1-2 years"
"EMP1529","Client Operations","Service Delivery","Senior Professional","Individual Contributor","On-site","South",2018-09-16,7.08,"6-10 years"
"EMP1530","Client Operations","Service Delivery","Entry Level","Individual Contributor","On-site","West",2022-03-05,3.61,"3-5 years"
"EMP1531","Client Operations","Service Delivery","Professional","Individual Contributor","Hybrid","South",2025-01-17,0.74,"Less than 1 year"
"EMP1532","Client Operations","Service Delivery","Manager","Individual Contributor","Remote","Midwest",2016-05-23,9.4,"6-10 years"
"EMP1533","Client Operations","Service Delivery","Professional","Individual Contributor","On-site","South",2025-10-02,0.04,"Less than 1 year"
"EMP1534","Client Operations","Service Delivery","Professional","Individual Contributor","On-site","Midwest",2024-08-14,1.17,"1-2 years"
"EMP1535","Client Operations","Service Delivery","Professional","Individual Contributor","Hybrid","Midwest",2024-08-01,1.2,"1-2 years"
"EMP1536","Client Operations","Service Delivery","Entry Level","Individual Contributor","On-site","Northeast",2022-03-04,3.62,"3-5 years"
"EMP1537","Client Operations","Service Delivery","Entry Level","Individual Contributor","Hybrid","South",2022-10-30,2.96,"1-2 years"
"EMP1538","Client Operations","Service Delivery","Manager","People Manager","Hybrid","Midwest",2020-10-29,4.96,"3-5 years"
"EMP1539","Client Operations","Service Delivery","Professional","Individual Contributor","On-site","South",2011-03-19,14.58,"11 or more years"
"EMP1540","Client Operations","Service Delivery","Professional","Individual Contributor","Hybrid","West",2023-05-08,2.44,"1-2 years"
"EMP1541","Client Operations","Service Delivery","Entry Level","Individual Contributor","Hybrid","West",2020-05-25,5.39,"3-5 years"
"EMP1542","Client Operations","Service Delivery","Entry Level","Individual Contributor","On-site","Northeast",2025-05-04,0.45,"Less than 1 year"
"EMP1543","Client Operations","Service Delivery","Professional","Individual Contributor","On-site","Northeast",2024-07-24,1.23,"1-2 years"
"EMP1544","Client Operations","Service Delivery","Senior Professional","People Manager","Remote","Midwest",2017-08-15,8.17,"6-10 years"
"EMP1545","Client Operations","Service Delivery","Entry Level","Individual Contributor","On-site","West",2015-07-21,10.24,"6-10 years"
"EMP1546","Client Operations","Service Delivery","Professional","Individual Contributor","On-site","Northeast",2020-03-22,5.57,"3-5 years"
"EMP1547","Client Operations","Service Delivery","Professional","Individual Contributor","On-site","South",2022-06-28,3.3,"3-5 years"
"EMP1548","Client Operations","Service Delivery","Professional","Individual Contributor","On-site","West",2024-08-16,1.16,"1-2 years"
"EMP1549","Client Operations","Service Delivery","Entry Level","Individual Contributor","Remote","West",2015-02-19,10.65,"6-10 years"
"EMP1550","Client Operations","Service Delivery","Professional","Individual Contributor","Hybrid","Northeast",2008-03-20,17.57,"11 or more years"
"EMP1551","Client Operations","Service Delivery","Senior Professional","Individual Contributor","On-site","Midwest",2005-12-21,19.82,"11 or more years"
"EMP1552","Client Operations","Service Delivery","Professional","Individual Contributor","Remote","Midwest",2020-01-20,5.74,"3-5 years"
"EMP1553","Client Operations","Service Delivery","Entry Level","Individual Contributor","On-site","West",2024-06-29,1.3,"1-2 years"
"EMP1554","Client Operations","Service Delivery","Professional","Individual Contributor","Hybrid","Northeast",2023-07-27,2.22,"1-2 years"
"EMP1555","Client Operations","Service Delivery","Professional","Individual Contributor","On-site","Midwest",2024-07-31,1.21,"1-2 years"
"EMP1556","Client Operations","Service Delivery","Entry Level","Individual Contributor","Remote","South",2023-03-08,2.61,"1-2 years"
"EMP1557","Client Operations","Service Delivery","Professional","Individual Contributor","Hybrid","West",2017-07-30,8.21,"6-10 years"
"EMP1558","Client Operations","Service Delivery","Senior Professional","Individual Contributor","On-site","Northeast",2020-05-09,5.43,"3-5 years"
"EMP1559","Client Operations","Service Delivery","Senior Professional","Individual Contributor","Hybrid","Midwest",2024-02-23,1.64,"1-2 years"
"EMP1560","Client Operations","Service Delivery","Senior Professional","People Manager","On-site","Northeast",2011-12-03,13.87,"11 or more years"
"EMP1561","Client Operations","Service Delivery","Entry Level","Individual Contributor","On-site","Midwest",2025-09-05,0.11,"Less than 1 year"
"EMP1562","Client Operations","Service Delivery","Entry Level","Individual Contributor","On-site","West",2024-08-27,1.13,"1-2 years"
"EMP1563","Client Operations","Service Delivery","Manager","People Manager","On-site","South",2025-04-26,0.47,"Less than 1 year"
"EMP1564","Client Operations","Service Delivery","Entry Level","Individual Contributor","Remote","Midwest",2021-08-12,4.18,"3-5 years"
"EMP1565","Client Operations","Service Delivery","Entry Level","Individual Contributor","On-site","Northeast",2024-08-02,1.2,"1-2 years"
"EMP1566","Client Operations","Service Delivery","Senior Professional","Individual Contributor","Hybrid","West",2020-09-22,5.06,"3-5 years"
"EMP1567","Client Operations","Service Delivery","Senior Professional","Individual Contributor","Hybrid","Northeast",2022-06-01,3.37,"3-5 years"
"EMP1568","Client Operations","Service Delivery","Entry Level","Individual Contributor","Remote","West",2025-07-19,0.24,"Less than 1 year"
"EMP1569","Client Operations","Service Delivery","Senior Professional","Individual Contributor","On-site","Midwest",2019-12-13,5.84,"3-5 years"
"EMP1570","Client Operations","Service Delivery","Entry Level","Individual Contributor","Hybrid","South",2025-01-31,0.7,"Less than 1 year"
"EMP1571","Client Operations","Service Delivery","Professional","People Manager","Hybrid","Northeast",2020-10-24,4.97,"3-5 years"
"EMP1572","Client Operations","Service Delivery","Senior Professional","Individual Contributor","On-site","Northeast",2020-02-09,5.68,"3-5 years"
"EMP1573","Client Operations","Service Delivery","Professional","Individual Contributor","On-site","Midwest",2025-04-15,0.5,"Less than 1 year"
"EMP1574","Client Operations","Service Delivery","Professional","Individual Contributor","Remote","West",2023-05-02,2.46,"1-2 years"
"EMP1575","Client Operations","Service Delivery","Professional","Individual Contributor","On-site","South",2020-09-11,5.09,"3-5 years"
"EMP1576","Client Operations","Service Delivery","Professional","Individual Contributor","Hybrid","West",2016-12-30,8.79,"6-10 years"
"EMP1577","Client Operations","Service Delivery","Entry Level","Individual Contributor","On-site","Midwest",2021-03-31,4.54,"3-5 years"
"EMP1578","Client Operations","Service Delivery","Entry Level","Individual Contributor","On-site","Midwest",2023-06-29,2.3,"1-2 years"
"EMP1579","Client Operations","Service Delivery","Professional","Individual Contributor","Hybrid","South",2020-01-06,5.77,"3-5 years"
"EMP1580","Client Operations","Service Delivery","Entry Level","Individual Contributor","On-site","South",2024-07-10,1.26,"1-2 years"
"EMP1581","Client Operations","Service Delivery","Professional","Individual Contributor","Hybrid","South",2014-11-13,10.92,"6-10 years"
"EMP1582","Client Operations","Service Delivery","Entry Level","Individual Contributor","Remote","Northeast",2022-07-06,3.28,"3-5 years"
"EMP1583","Client Operations","Service Delivery","Professional","Individual Contributor","On-site","South",2022-05-28,3.38,"3-5 years"
"EMP1584","Client Operations","Service Delivery","Senior Professional","Individual Contributor","On-site","West",2019-11-06,5.94,"3-5 years"
"EMP1585","Client Operations","Service Delivery","Entry Level","Individual Contributor","Hybrid","Northeast",2025-09-30,0.04,"Less than 1 year"
"EMP1586","Client Operations","Service Delivery","Professional","Individual Contributor","On-site","Midwest",2018-08-20,7.15,"6-10 years"
"EMP1587","Client Operations","Service Delivery","Senior Professional","Individual Contributor","On-site","Midwest",2018-08-02,7.2,"6-10 years"
"EMP1588","Client Operations","Service Delivery","Senior Professional","Individual Contributor","On-site","Midwest",2022-10-28,2.97,"1-2 years"
"EMP1589","Client Operations","Service Delivery","Professional","Individual Contributor","On-site","Midwest",2022-12-13,2.84,"1-2 years"
"EMP1590","Client Operations","Service Delivery","Entry Level","Individual Contributor","Hybrid","West",2023-02-23,2.64,"1-2 years"
"EMP1591","Client Operations","Service Delivery","Senior Professional","Individual Contributor","Hybrid","Midwest",2024-11-02,0.95,"Less than 1 year"
"EMP1592","Client Operations","Service Delivery","Professional","Individual Contributor","Hybrid","Northeast",2025-08-03,0.2,"Less than 1 year"
"EMP1593","Client Operations","Service Delivery","Senior Professional","Individual Contributor","Hybrid","Midwest",2016-07-11,9.26,"6-10 years"
"EMP1594","Client Operations","Service Delivery","Entry Level","Individual Contributor","On-site","South",2018-01-05,7.78,"6-10 years"
"EMP1595","Client Operations","Service Delivery","Professional","Individual Contributor","On-site","South",2023-06-16,2.33,"1-2 years"
"EMP1596","Client Operations","Service Delivery","Professional","Individual Contributor","On-site","Midwest",2021-11-25,3.89,"3-5 years"
"EMP1597","Client Operations","Service Delivery","Professional","Individual Contributor","On-site","West",2015-10-12,10.01,"6-10 years"
"EMP1598","Client Operations","Service Delivery","Manager","Individual Contributor","Hybrid","Northeast",2022-09-03,3.12,"3-5 years"
"EMP1599","Client Operations","Service Delivery","Entry Level","Individual Contributor","Hybrid","South",2017-06-15,8.33,"6-10 years"
"EMP1600","Client Operations","Service Delivery","Professional","Individual Contributor","On-site","Northeast",2021-04-22,4.48,"3-5 years"
"EMP1601","Client Operations","Service Delivery","Manager","People Manager","On-site","South",2018-12-10,6.85,"6-10 years"
"EMP1602","Client Operations","Service Delivery","Senior Professional","Individual Contributor","On-site","Northeast",2019-12-03,5.87,"3-5 years"
"EMP1603","Client Operations","Service Delivery","Senior Professional","Individual Contributor","Hybrid","Northeast",2020-02-23,5.64,"3-5 years"
"EMP1604","Client Operations","Service Delivery","Senior Professional","Individual Contributor","Remote","West",2025-09-09,0.1,"Less than 1 year"
"EMP1605","Client Operations","Service Delivery","Professional","Individual Contributor","On-site","South",2024-11-18,0.91,"Less than 1 year"
"EMP1606","Client Operations","Service Delivery","Professional","Individual Contributor","On-site","Northeast",2019-11-10,5.93,"3-5 years"
"EMP1607","Client Operations","Service Delivery","Entry Level","Individual Contributor","On-site","Northeast",2025-05-12,0.43,"Less than 1 year"
"EMP1608","Client Operations","Service Delivery","Professional","Individual Contributor","Hybrid","Midwest",2022-08-14,3.17,"3-5 years"
"EMP1609","Client Operations","Service Delivery","Professional","Individual Contributor","Remote","South",2016-04-27,9.47,"6-10 years"
"EMP1610","Client Operations","Service Delivery","Entry Level","Individual Contributor","Hybrid","West",2023-10-31,1.96,"1-2 years"
"EMP1611","Client Operations","Service Delivery","Professional","Individual Contributor","Hybrid","Midwest",2017-09-04,8.11,"6-10 years"
"EMP1612","Client Operations","Service Delivery","Professional","Individual Contributor","On-site","Midwest",2015-05-28,10.38,"6-10 years"
"EMP1613","Client Operations","Service Delivery","Professional","Individual Contributor","On-site","Midwest",2023-09-20,2.07,"1-2 years"
"EMP1614","Client Operations","Service Delivery","Senior Professional","Individual Contributor","On-site","Northeast",2007-05-04,18.45,"11 or more years"
"EMP1615","Client Operations","Service Delivery","Professional","Individual Contributor","Hybrid","Northeast",2010-11-24,14.89,"11 or more years"
"EMP1616","Client Operations","Service Delivery","Entry Level","Individual Contributor","On-site","Midwest",2022-12-12,2.84,"1-2 years"
"EMP1617","Client Operations","Service Delivery","Senior Professional","Individual Contributor","On-site","Northeast",2015-12-20,9.82,"6-10 years"
"EMP1618","Client Operations","Service Delivery","Professional","Individual Contributor","On-site","South",2023-12-06,1.86,"1-2 years"
"EMP1619","Client Operations","Service Delivery","Professional","Individual Contributor","Hybrid","Midwest",2023-06-15,2.34,"1-2 years"
"EMP1620","Client Operations","Service Delivery","Professional","Individual Contributor","On-site","South",2021-10-08,4.02,"3-5 years"
"EMP1621","Technology and Product","Engineering","Senior Professional","Individual Contributor","Hybrid","Northeast",2021-07-19,4.24,"3-5 years"
"EMP1622","Technology and Product","Engineering","Manager","Individual Contributor","On-site","Northeast",2020-10-18,4.99,"3-5 years"
"EMP1623","Technology and Product","Engineering","Senior Professional","Individual Contributor","Hybrid","West",2021-12-04,3.86,"3-5 years"
"EMP1624","Technology and Product","Engineering","Senior Professional","Individual Contributor","Hybrid","West",2025-05-05,0.45,"Less than 1 year"
"EMP1625","Technology and Product","Engineering","Professional","Individual Contributor","Hybrid","Midwest",2023-10-31,1.96,"1-2 years"
"EMP1626","Technology and Product","Engineering","Professional","Individual Contributor","Hybrid","Northeast",2025-05-23,0.4,"Less than 1 year"
"EMP1627","Technology and Product","Engineering","Professional","Individual Contributor","On-site","Northeast",2016-04-20,9.49,"6-10 years"
"EMP1628","Technology and Product","Engineering","Entry Level","Individual Contributor","On-site","South",2019-10-23,5.98,"3-5 years"
"EMP1629","Technology and Product","Engineering","Senior Professional","People Manager","On-site","Northeast",2016-05-22,9.4,"6-10 years"
"EMP1630","Technology and Product","Engineering","Entry Level","Individual Contributor","Remote","South",2025-08-20,0.15,"Less than 1 year"
"EMP1631","Technology and Product","Engineering","Senior Professional","Individual Contributor","Hybrid","Northeast",2025-07-25,0.22,"Less than 1 year"
"EMP1632","Technology and Product","Engineering","Professional","Individual Contributor","Hybrid","Northeast",2024-01-13,1.75,"1-2 years"
"EMP1633","Technology and Product","Engineering","Professional","Individual Contributor","Hybrid","Northeast",2023-09-20,2.07,"1-2 years"
"EMP1634","Technology and Product","Engineering","Entry Level","Individual Contributor","Remote","West",2018-01-15,7.75,"6-10 years"
"EMP1635","Technology and Product","Engineering","Professional","Individual Contributor","Remote","Midwest",2024-12-22,0.81,"Less than 1 year"
"EMP1636","Technology and Product","Engineering","Professional","Individual Contributor","On-site","Midwest",2024-12-01,0.87,"Less than 1 year"
"EMP1637","Technology and Product","Engineering","Senior Professional","Individual Contributor","Hybrid","South",2020-11-15,4.91,"3-5 years"
"EMP1638","Technology and Product","Engineering","Professional","Individual Contributor","Hybrid","Northeast",2022-03-01,3.62,"3-5 years"
"EMP1639","Technology and Product","Engineering","Senior Professional","Individual Contributor","Hybrid","Northeast",2020-05-10,5.43,"3-5 years"
"EMP1640","Technology and Product","Engineering","Professional","Individual Contributor","Hybrid","Midwest",2025-08-07,0.19,"Less than 1 year"
"EMP1641","Technology and Product","Engineering","Senior Professional","Individual Contributor","On-site","West",2021-06-27,4.3,"3-5 years"
"EMP1642","Technology and Product","Engineering","Professional","Individual Contributor","Hybrid","West",2025-06-10,0.35,"Less than 1 year"
"EMP1643","Technology and Product","Engineering","Professional","Individual Contributor","Hybrid","West",2025-04-16,0.5,"Less than 1 year"
"EMP1644","Technology and Product","Engineering","Senior Professional","Individual Contributor","Hybrid","Midwest",2008-07-07,17.27,"11 or more years"
"EMP1645","Technology and Product","Engineering","Professional","Individual Contributor","Hybrid","South",2023-07-21,2.24,"1-2 years"
"EMP1646","Technology and Product","Engineering","Manager","People Manager","Remote","Midwest",2013-03-15,12.59,"11 or more years"
"EMP1647","Technology and Product","Engineering","Entry Level","Individual Contributor","Hybrid","Midwest",2024-11-24,0.89,"Less than 1 year"
"EMP1648","Technology and Product","Engineering","Entry Level","Individual Contributor","On-site","West",2025-09-06,0.11,"Less than 1 year"
"EMP1649","Technology and Product","Engineering","Senior Professional","Individual Contributor","Hybrid","West",2023-11-28,1.88,"1-2 years"
"EMP1650","Technology and Product","Engineering","Senior Professional","Individual Contributor","Remote","South",2020-06-06,5.36,"3-5 years"
"EMP1651","Technology and Product","Engineering","Professional","Individual Contributor","On-site","Midwest",2022-07-27,3.22,"3-5 years"
"EMP1652","Technology and Product","Engineering","Senior Professional","People Manager","Hybrid","West",2016-01-30,9.71,"6-10 years"
"EMP1653","Technology and Product","Engineering","Senior Professional","Individual Contributor","Hybrid","West",2023-10-21,1.98,"1-2 years"
"EMP1654","Technology and Product","Engineering","Professional","Individual Contributor","Hybrid","West",2024-10-02,1.03,"1-2 years"
"EMP1655","Technology and Product","Engineering","Professional","Individual Contributor","Hybrid","Northeast",2022-06-11,3.35,"3-5 years"
"EMP1656","Technology and Product","Engineering","Entry Level","Individual Contributor","On-site","Midwest",2023-11-04,1.95,"1-2 years"
"EMP1657","Technology and Product","Engineering","Entry Level","Individual Contributor","Hybrid","West",2022-09-21,3.07,"3-5 years"
"EMP1658","Technology and Product","Engineering","Professional","Individual Contributor","Hybrid","West",2025-08-20,0.15,"Less than 1 year"
"EMP1659","Technology and Product","Engineering","Senior Professional","Individual Contributor","Hybrid","Northeast",2020-09-29,5.04,"3-5 years"
"EMP1660","Technology and Product","Engineering","Professional","People Manager","Hybrid","South",2024-11-16,0.91,"Less than 1 year"
"EMP1661","Technology and Product","Engineering","Professional","Individual Contributor","Hybrid","West",2024-11-09,0.93,"Less than 1 year"
"EMP1662","Technology and Product","Engineering","Professional","People Manager","Hybrid","West",2020-10-15,5,"3-5 years"
"EMP1663","Technology and Product","Engineering","Senior Professional","Individual Contributor","Remote","Midwest",2020-06-06,5.36,"3-5 years"
"EMP1664","Technology and Product","Engineering","Professional","Individual Contributor","Hybrid","Northeast",2015-01-16,10.75,"6-10 years"
"EMP1665","Technology and Product","Engineering","Professional","Individual Contributor","Remote","South",2025-09-15,0.08,"Less than 1 year"
"EMP1666","Technology and Product","Engineering","Professional","Individual Contributor","Hybrid","Northeast",2022-11-24,2.89,"1-2 years"
"EMP1667","Technology and Product","Engineering","Professional","Individual Contributor","On-site","Northeast",2009-12-31,15.79,"11 or more years"
"EMP1668","Technology and Product","Engineering","Senior Professional","Individual Contributor","Hybrid","Midwest",2024-02-16,1.66,"1-2 years"
"EMP1669","Technology and Product","Engineering","Entry Level","Individual Contributor","Remote","Northeast",2024-06-15,1.33,"1-2 years"
"EMP1670","Technology and Product","Engineering","Senior Professional","Individual Contributor","Hybrid","Midwest",2021-01-24,4.72,"3-5 years"
"EMP1671","Technology and Product","Engineering","Senior Professional","Individual Contributor","Remote","Midwest",2019-10-02,6.04,"6-10 years"
"EMP1672","Technology and Product","Engineering","Professional","Individual Contributor","Remote","West",2015-05-03,10.45,"6-10 years"
"EMP1673","Technology and Product","Engineering","Senior Professional","Individual Contributor","Hybrid","Midwest",2020-05-26,5.39,"3-5 years"
"EMP1674","Technology and Product","Engineering","Professional","Individual Contributor","Hybrid","Midwest",2019-02-03,6.7,"6-10 years"
"EMP1675","Technology and Product","Engineering","Professional","Individual Contributor","Hybrid","Midwest",2020-08-05,5.19,"3-5 years"
"EMP1676","Technology and Product","Engineering","Entry Level","Individual Contributor","Remote","West",2015-04-06,10.53,"6-10 years"
"EMP1677","Technology and Product","Engineering","Manager","People Manager","Hybrid","Northeast",2024-05-02,1.45,"1-2 years"
"EMP1678","Technology and Product","Engineering","Senior Professional","Individual Contributor","Hybrid","West",2016-07-17,9.25,"6-10 years"
"EMP1679","Technology and Product","Engineering","Professional","Individual Contributor","Remote","South",2018-10-02,7.04,"6-10 years"
"EMP1680","Technology and Product","Engineering","Manager","People Manager","Hybrid","West",2021-02-15,4.66,"3-5 years"
"EMP1681","Technology and Product","Engineering","Senior Professional","Individual Contributor","Hybrid","South",2019-10-23,5.98,"3-5 years"
"EMP1682","Technology and Product","Engineering","Professional","Individual Contributor","Remote","West",2023-01-23,2.73,"1-2 years"
"EMP1683","Technology and Product","Engineering","Senior Professional","Individual Contributor","Remote","South",2009-02-18,16.65,"11 or more years"
"EMP1684","Technology and Product","Engineering","Professional","People Manager","Hybrid","Midwest",2023-05-02,2.46,"1-2 years"
"EMP1685","Technology and Product","Engineering","Senior Professional","Individual Contributor","Hybrid","Midwest",2023-05-25,2.39,"1-2 years"
"EMP1686","Technology and Product","Engineering","Senior Professional","Individual Contributor","Remote","Northeast",2021-04-12,4.51,"3-5 years"
"EMP1687","Technology and Product","Engineering","Entry Level","Individual Contributor","Remote","Midwest",2022-11-03,2.95,"1-2 years"
"EMP1688","Technology and Product","Engineering","Professional","Individual Contributor","Hybrid","South",2019-09-22,6.06,"6-10 years"
"EMP1689","Technology and Product","Engineering","Professional","Individual Contributor","Hybrid","West",2019-09-19,6.07,"6-10 years"
"EMP1690","Technology and Product","Engineering","Professional","Individual Contributor","Remote","Northeast",2014-09-09,11.1,"11 or more years"
"EMP1691","Technology and Product","Engineering","Professional","Individual Contributor","On-site","West",2023-09-09,2.1,"1-2 years"
"EMP1692","Technology and Product","Engineering","Senior Professional","Individual Contributor","Hybrid","West",2021-01-26,4.72,"3-5 years"
"EMP1693","Technology and Product","Engineering","Senior Professional","Individual Contributor","Remote","South",2021-04-13,4.51,"3-5 years"
"EMP1694","Technology and Product","Engineering","Entry Level","Individual Contributor","Hybrid","Midwest",2025-08-18,0.16,"Less than 1 year"
"EMP1695","Technology and Product","Engineering","Director and Above","People Manager","Remote","West",2025-03-31,0.54,"Less than 1 year"
"EMP1696","Technology and Product","Engineering","Professional","Individual Contributor","Hybrid","South",2025-04-26,0.47,"Less than 1 year"
"EMP1697","Technology and Product","Engineering","Senior Professional","Individual Contributor","Hybrid","Northeast",2008-10-13,17,"11 or more years"
"EMP1698","Technology and Product","Engineering","Professional","Individual Contributor","Hybrid","South",2019-02-09,6.68,"6-10 years"
"EMP1699","Technology and Product","Engineering","Professional","Individual Contributor","Hybrid","South",2023-06-20,2.32,"1-2 years"
"EMP1700","Technology and Product","Engineering","Professional","Individual Contributor","Remote","South",2022-07-07,3.27,"3-5 years"
"EMP1701","Technology and Product","Engineering","Professional","Individual Contributor","Remote","West",2015-04-21,10.49,"6-10 years"
"EMP1702","Technology and Product","Engineering","Senior Professional","Individual Contributor","Hybrid","West",2021-09-10,4.1,"3-5 years"
"EMP1703","Technology and Product","Engineering","Professional","Individual Contributor","Hybrid","West",2023-10-26,1.97,"1-2 years"
"EMP1704","Technology and Product","Engineering","Entry Level","Individual Contributor","On-site","Northeast",2011-11-25,13.89,"11 or more years"
"EMP1705","Technology and Product","Engineering","Manager","Individual Contributor","Remote","Midwest",2025-04-27,0.47,"Less than 1 year"
"EMP1706","Technology and Product","Engineering","Senior Professional","Individual Contributor","Hybrid","West",2015-07-15,10.25,"6-10 years"
"EMP1707","Technology and Product","Engineering","Senior Professional","Individual Contributor","Remote","Northeast",2022-08-07,3.19,"3-5 years"
"EMP1708","Technology and Product","Engineering","Professional","Individual Contributor","Hybrid","Northeast",2018-03-31,7.54,"6-10 years"
"EMP1709","Technology and Product","Engineering","Professional","Individual Contributor","Hybrid","Midwest",2006-05-23,19.4,"11 or more years"
"EMP1710","Technology and Product","Engineering","Professional","Individual Contributor","Hybrid","South",2016-02-05,9.69,"6-10 years"
"EMP1711","Technology and Product","Engineering","Professional","Individual Contributor","On-site","South",2020-01-15,5.75,"3-5 years"
"EMP1712","Technology and Product","Engineering","Professional","Individual Contributor","Hybrid","Northeast",2020-02-29,5.63,"3-5 years"
"EMP1713","Technology and Product","Engineering","Professional","Individual Contributor","Remote","Northeast",2021-10-03,4.03,"3-5 years"
"EMP1714","Technology and Product","Engineering","Professional","Individual Contributor","Remote","Midwest",2025-06-07,0.36,"Less than 1 year"
"EMP1715","Technology and Product","Engineering","Professional","Individual Contributor","Remote","South",2024-08-20,1.15,"1-2 years"
"EMP1716","Technology and Product","Engineering","Manager","People Manager","Hybrid","Northeast",2014-03-03,11.62,"11 or more years"
"EMP1717","Technology and Product","Engineering","Director and Above","People Manager","Hybrid","South",2018-01-30,7.71,"6-10 years"
"EMP1718","Technology and Product","Engineering","Senior Professional","Individual Contributor","Hybrid","Northeast",2023-09-16,2.08,"1-2 years"
"EMP1719","Technology and Product","Engineering","Senior Professional","Individual Contributor","Remote","West",2012-09-21,13.07,"11 or more years"
"EMP1720","Technology and Product","Engineering","Director and Above","Individual Contributor","Hybrid","Northeast",2020-10-28,4.96,"3-5 years"
"EMP1721","Technology and Product","Engineering","Entry Level","Individual Contributor","Remote","South",2025-01-28,0.71,"Less than 1 year"
"EMP1722","Technology and Product","Engineering","Senior Professional","People Manager","Hybrid","Midwest",2023-06-13,2.34,"1-2 years"
"EMP1723","Technology and Product","Engineering","Manager","People Manager","Hybrid","Northeast",2017-04-22,8.48,"6-10 years"
"EMP1724","Technology and Product","Engineering","Entry Level","Individual Contributor","Hybrid","South",2024-04-15,1.5,"1-2 years"
"EMP1725","Technology and Product","Engineering","Senior Professional","Individual Contributor","Hybrid","Midwest",2021-09-14,4.08,"3-5 years"
"EMP1726","Technology and Product","Engineering","Director and Above","People Manager","On-site","Midwest",2025-05-04,0.45,"Less than 1 year"
"EMP1727","Technology and Product","Engineering","Manager","Individual Contributor","Remote","Northeast",2022-07-03,3.29,"3-5 years"
"EMP1728","Technology and Product","Engineering","Professional","Individual Contributor","Hybrid","Northeast",2016-05-02,9.45,"6-10 years"
"EMP1729","Technology and Product","Engineering","Professional","Individual Contributor","Hybrid","South",2024-03-30,1.54,"1-2 years"
"EMP1730","Technology and Product","Engineering","Professional","Individual Contributor","Hybrid","Northeast",2020-04-12,5.51,"3-5 years"
"EMP1731","Technology and Product","Engineering","Professional","Individual Contributor","On-site","West",2014-06-29,11.3,"11 or more years"
"EMP1732","Technology and Product","Engineering","Professional","Individual Contributor","Remote","Northeast",2023-12-13,1.84,"1-2 years"
"EMP1733","Technology and Product","Engineering","Professional","Individual Contributor","Hybrid","West",2021-01-03,4.78,"3-5 years"
"EMP1734","Technology and Product","Engineering","Senior Professional","Individual Contributor","On-site","Northeast",2010-03-04,15.62,"11 or more years"
"EMP1735","Technology and Product","Engineering","Professional","Individual Contributor","Hybrid","West",2025-09-09,0.1,"Less than 1 year"
"EMP1736","Technology and Product","Engineering","Senior Professional","Individual Contributor","Hybrid","South",2018-11-06,6.94,"6-10 years"
"EMP1737","Technology and Product","Engineering","Senior Professional","Individual Contributor","Hybrid","West",2022-01-02,3.78,"3-5 years"
"EMP1738","Technology and Product","Engineering","Professional","Individual Contributor","Hybrid","Northeast",2025-03-12,0.59,"Less than 1 year"
"EMP1739","Technology and Product","Engineering","Manager","Individual Contributor","Remote","West",2010-01-10,15.76,"11 or more years"
"EMP1740","Technology and Product","Engineering","Professional","Individual Contributor","Remote","Northeast",2025-09-14,0.08,"Less than 1 year"
"EMP1741","Technology and Product","Engineering","Senior Professional","Individual Contributor","Hybrid","West",2020-07-27,5.22,"3-5 years"
"EMP1742","Technology and Product","Engineering","Professional","Individual Contributor","Hybrid","Northeast",2009-03-13,16.59,"11 or more years"
"EMP1743","Technology and Product","Engineering","Manager","People Manager","Remote","West",2019-08-09,6.18,"6-10 years"
"EMP1744","Technology and Product","Engineering","Manager","People Manager","Remote","South",2021-06-27,4.3,"3-5 years"
"EMP1745","Technology and Product","Engineering","Senior Professional","Individual Contributor","Remote","Midwest",2022-01-01,3.79,"3-5 years"
"EMP1746","Technology and Product","Engineering","Professional","Individual Contributor","Hybrid","Northeast",2020-11-15,4.91,"3-5 years"
"EMP1747","Technology and Product","Engineering","Professional","Individual Contributor","Remote","West",2025-03-13,0.59,"Less than 1 year"
"EMP1748","Technology and Product","Engineering","Professional","Individual Contributor","Hybrid","South",2025-05-24,0.39,"Less than 1 year"
"EMP1749","Technology and Product","Engineering","Professional","Individual Contributor","Hybrid","Midwest",2005-08-13,20.17,"11 or more years"
"EMP1750","Technology and Product","Engineering","Senior Professional","Individual Contributor","Hybrid","West",2024-07-10,1.26,"1-2 years"
"EMP1751","Technology and Product","Engineering","Director and Above","People Manager","Remote","South",2014-03-23,11.56,"11 or more years"
"EMP1752","Technology and Product","Engineering","Director and Above","People Manager","Hybrid","South",2025-01-08,0.77,"Less than 1 year"
"EMP1753","Technology and Product","Engineering","Professional","Individual Contributor","Remote","Northeast",2024-12-02,0.87,"Less than 1 year"
"EMP1754","Technology and Product","Engineering","Professional","Individual Contributor","Remote","Midwest",2017-03-24,8.56,"6-10 years"
"EMP1755","Technology and Product","Engineering","Professional","Individual Contributor","On-site","Northeast",2005-09-05,20.11,"11 or more years"
"EMP1756","Technology and Product","Engineering","Professional","Individual Contributor","Hybrid","South",2024-06-28,1.3,"1-2 years"
"EMP1757","Technology and Product","Engineering","Professional","Individual Contributor","Hybrid","Northeast",2025-08-24,0.14,"Less than 1 year"
"EMP1758","Technology and Product","Engineering","Manager","People Manager","Hybrid","South",2024-08-27,1.13,"1-2 years"
"EMP1759","Technology and Product","Engineering","Professional","Individual Contributor","Remote","Northeast",2023-10-27,1.97,"1-2 years"
"EMP1760","Technology and Product","Engineering","Senior Professional","Individual Contributor","Hybrid","Northeast",2011-08-06,14.19,"11 or more years"
"EMP1761","Technology and Product","Engineering","Professional","Individual Contributor","Remote","Northeast",2019-02-24,6.64,"6-10 years"
"EMP1762","Technology and Product","Engineering","Manager","People Manager","Remote","West",2020-08-01,5.2,"3-5 years"
"EMP1763","Technology and Product","Engineering","Professional","Individual Contributor","Hybrid","Northeast",2021-10-03,4.03,"3-5 years"
"EMP1764","Technology and Product","Engineering","Professional","Individual Contributor","Hybrid","West",2023-03-26,2.56,"1-2 years"
"EMP1765","Technology and Product","Engineering","Professional","Individual Contributor","Hybrid","West",2023-03-02,2.62,"1-2 years"
"EMP1766","Technology and Product","Engineering","Senior Professional","Individual Contributor","Hybrid","West",2011-05-12,14.43,"11 or more years"
"EMP1767","Technology and Product","Engineering","Senior Professional","Individual Contributor","Hybrid","South",2025-03-16,0.58,"Less than 1 year"
"EMP1768","Technology and Product","Engineering","Professional","Individual Contributor","Hybrid","Northeast",2023-11-04,1.95,"1-2 years"
"EMP1769","Technology and Product","Engineering","Professional","Individual Contributor","Remote","Northeast",2014-10-21,10.98,"6-10 years"
"EMP1770","Technology and Product","Engineering","Director and Above","People Manager","Remote","Midwest",2013-03-15,12.59,"11 or more years"
"EMP1771","Technology and Product","Engineering","Director and Above","Individual Contributor","Hybrid","South",2016-08-13,9.17,"6-10 years"
"EMP1772","Technology and Product","Engineering","Senior Professional","Individual Contributor","Remote","Northeast",2016-10-10,9.01,"6-10 years"
"EMP1773","Technology and Product","Engineering","Senior Professional","Individual Contributor","Hybrid","South",2021-11-18,3.91,"3-5 years"
"EMP1774","Technology and Product","Engineering","Senior Professional","Individual Contributor","Hybrid","Midwest",2018-11-30,6.87,"6-10 years"
"EMP1775","Technology and Product","Engineering","Manager","Individual Contributor","Hybrid","South",2022-01-15,3.75,"3-5 years"
"EMP1776","Technology and Product","Engineering","Senior Professional","Individual Contributor","On-site","South",2024-07-13,1.26,"1-2 years"
"EMP1777","Technology and Product","Engineering","Senior Professional","Individual Contributor","Hybrid","West",2020-07-12,5.26,"3-5 years"
"EMP1778","Technology and Product","Engineering","Senior Professional","Individual Contributor","Hybrid","Northeast",2020-01-04,5.78,"3-5 years"
"EMP1779","Technology and Product","Engineering","Manager","People Manager","On-site","Northeast",2015-03-26,10.56,"6-10 years"
"EMP1780","Technology and Product","Engineering","Director and Above","People Manager","On-site","South",2024-01-01,1.79,"1-2 years"
"EMP1781","Technology and Product","Engineering","Senior Professional","Individual Contributor","Hybrid","Midwest",2020-09-03,5.11,"3-5 years"
"EMP1782","Technology and Product","Engineering","Senior Professional","Individual Contributor","Hybrid","Midwest",2020-08-13,5.17,"3-5 years"
"EMP1783","Technology and Product","Engineering","Senior Professional","Individual Contributor","Remote","Northeast",2016-09-13,9.09,"6-10 years"
"EMP1784","Technology and Product","Engineering","Senior Professional","Individual Contributor","Hybrid","West",2016-09-21,9.07,"6-10 years"
"EMP1785","Technology and Product","Engineering","Senior Professional","Individual Contributor","Remote","South",2020-12-27,4.8,"3-5 years"
"EMP1786","Technology and Product","Engineering","Professional","Individual Contributor","Hybrid","South",2020-04-04,5.53,"3-5 years"
"EMP1787","Technology and Product","Engineering","Professional","Individual Contributor","Remote","South",2014-01-16,11.75,"11 or more years"
"EMP1788","Technology and Product","Engineering","Professional","Individual Contributor","Hybrid","West",2023-07-29,2.21,"1-2 years"
"EMP1789","Technology and Product","Engineering","Professional","Individual Contributor","Hybrid","Midwest",2019-08-26,6.14,"6-10 years"
"EMP1790","Technology and Product","Engineering","Professional","Individual Contributor","Hybrid","West",2025-06-27,0.3,"Less than 1 year"
"EMP1791","Technology and Product","Engineering","Senior Professional","Individual Contributor","Remote","Midwest",2020-12-15,4.83,"3-5 years"
"EMP1792","Technology and Product","Engineering","Professional","Individual Contributor","Hybrid","South",2020-06-09,5.35,"3-5 years"
"EMP1793","Technology and Product","Engineering","Senior Professional","Individual Contributor","Hybrid","Midwest",2016-06-30,9.29,"6-10 years"
"EMP1794","Technology and Product","Engineering","Professional","Individual Contributor","Hybrid","Northeast",2025-04-01,0.54,"Less than 1 year"
"EMP1795","Technology and Product","Engineering","Professional","Individual Contributor","On-site","South",2024-06-11,1.34,"1-2 years"
"EMP1796","Technology and Product","Engineering","Professional","People Manager","Hybrid","Northeast",2024-05-12,1.43,"1-2 years"
"EMP1797","Technology and Product","Engineering","Manager","People Manager","Hybrid","Northeast",2016-07-16,9.25,"6-10 years"
"EMP1798","Technology and Product","Engineering","Senior Professional","Individual Contributor","On-site","West",2009-03-12,16.59,"11 or more years"
"EMP1799","Technology and Product","Engineering","Professional","Individual Contributor","On-site","West",2019-06-19,6.32,"6-10 years"
"EMP1800","Technology and Product","Engineering","Professional","Individual Contributor","Hybrid","Midwest",2022-12-19,2.82,"1-2 years"
"EMP1801","Technology and Product","Engineering","Manager","People Manager","Remote","Northeast",2022-02-03,3.7,"3-5 years"
"EMP1802","Technology and Product","Engineering","Entry Level","Individual Contributor","Hybrid","Northeast",2024-12-01,0.87,"Less than 1 year"
"EMP1803","Technology and Product","Engineering","Professional","Individual Contributor","On-site","Northeast",2022-03-26,3.56,"3-5 years"
"EMP1804","Technology and Product","Engineering","Director and Above","People Manager","Remote","Northeast",2016-06-25,9.31,"6-10 years"
"EMP1805","Technology and Product","Engineering","Manager","People Manager","Hybrid","West",2015-03-03,10.62,"6-10 years"
"EMP1806","Technology and Product","Engineering","Professional","Individual Contributor","On-site","Northeast",2020-04-26,5.47,"3-5 years"
"EMP1807","Technology and Product","Engineering","Manager","People Manager","Hybrid","Northeast",2007-08-27,18.14,"11 or more years"
"EMP1808","Technology and Product","Engineering","Director and Above","Individual Contributor","Hybrid","Midwest",2019-01-15,6.75,"6-10 years"
"EMP1809","Technology and Product","Engineering","Manager","People Manager","Hybrid","Midwest",2025-08-29,0.13,"Less than 1 year"
"EMP1810","Technology and Product","Engineering","Entry Level","Individual Contributor","Hybrid","Midwest",2024-02-14,1.67,"1-2 years"
"EMP1811","Technology and Product","Engineering","Professional","Individual Contributor","Remote","Midwest",2020-12-10,4.85,"3-5 years"
"EMP1812","Technology and Product","Engineering","Director and Above","People Manager","Hybrid","Northeast",2015-10-10,10.02,"6-10 years"
"EMP1813","Technology and Product","Engineering","Senior Professional","Individual Contributor","Remote","Midwest",2025-04-29,0.46,"Less than 1 year"
"EMP1814","Technology and Product","Engineering","Manager","People Manager","Hybrid","Midwest",2017-12-18,7.82,"6-10 years"
"EMP1815","Technology and Product","Engineering","Senior Professional","Individual Contributor","Hybrid","Northeast",2023-05-15,2.42,"1-2 years"
"EMP1816","Technology and Product","Engineering","Senior Professional","Individual Contributor","Remote","Northeast",2023-06-24,2.31,"1-2 years"
"EMP1817","Technology and Product","Engineering","Professional","Individual Contributor","Hybrid","West",2017-09-23,8.06,"6-10 years"
"EMP1818","Technology and Product","Engineering","Professional","Individual Contributor","Remote","Midwest",2024-09-27,1.05,"1-2 years"
"EMP1819","Technology and Product","Engineering","Professional","Individual Contributor","Remote","Midwest",2019-04-20,6.49,"6-10 years"
"EMP1820","Technology and Product","Engineering","Senior Professional","Individual Contributor","Remote","Northeast",2022-05-02,3.46,"3-5 years"
"EMP1821","Technology and Product","Engineering","Senior Professional","Individual Contributor","Hybrid","West",2007-05-20,18.41,"11 or more years"
"EMP1822","Technology and Product","Engineering","Professional","Individual Contributor","Hybrid","South",2023-08-25,2.14,"1-2 years"
"EMP1823","Technology and Product","Engineering","Senior Professional","Individual Contributor","Hybrid","Northeast",2021-04-10,4.51,"3-5 years"
"EMP1824","Technology and Product","Engineering","Professional","Individual Contributor","Hybrid","West",2025-03-26,0.56,"Less than 1 year"
"EMP1825","Technology and Product","Engineering","Professional","Individual Contributor","Hybrid","South",2022-10-28,2.97,"1-2 years"
"EMP1826","Technology and Product","Engineering","Entry Level","Individual Contributor","Hybrid","South",2025-06-28,0.3,"Less than 1 year"
"EMP1827","Technology and Product","Engineering","Professional","Individual Contributor","Hybrid","Northeast",2021-07-21,4.24,"3-5 years"
"EMP1828","Technology and Product","Engineering","Professional","Individual Contributor","Remote","Northeast",2025-08-19,0.16,"Less than 1 year"
"EMP1829","Technology and Product","Engineering","Professional","Individual Contributor","Hybrid","Northeast",2015-10-11,10.01,"6-10 years"
"EMP1830","Technology and Product","Engineering","Senior Professional","Individual Contributor","On-site","West",2025-05-23,0.4,"Less than 1 year"
"EMP1831","Technology and Product","Engineering","Director and Above","Individual Contributor","On-site","Northeast",2025-06-21,0.32,"Less than 1 year"
"EMP1832","Technology and Product","Engineering","Entry Level","Individual Contributor","Hybrid","Northeast",2024-04-24,1.48,"1-2 years"
"EMP1833","Technology and Product","Engineering","Manager","People Manager","Hybrid","Midwest",2010-05-21,15.4,"11 or more years"
"EMP1834","Technology and Product","Engineering","Professional","Individual Contributor","On-site","Midwest",2022-01-10,3.76,"3-5 years"
"EMP1835","Technology and Product","Engineering","Professional","Individual Contributor","Hybrid","West",2019-11-01,5.95,"3-5 years"
"EMP1836","Technology and Product","Engineering","Manager","People Manager","Remote","West",2023-02-28,2.63,"1-2 years"
"EMP1837","Technology and Product","Engineering","Professional","Individual Contributor","Hybrid","South",2015-11-01,9.95,"6-10 years"
"EMP1838","Technology and Product","Engineering","Professional","Individual Contributor","Remote","West",2022-11-27,2.88,"1-2 years"
"EMP1839","Technology and Product","Engineering","Professional","Individual Contributor","Remote","South",2012-11-24,12.89,"11 or more years"
"EMP1840","Technology and Product","Engineering","Professional","Individual Contributor","Hybrid","Northeast",2024-12-16,0.83,"Less than 1 year"
"EMP1841","Technology and Product","Engineering","Senior Professional","Individual Contributor","Hybrid","South",2023-10-14,2,"1-2 years"
"EMP1842","Technology and Product","Engineering","Professional","Individual Contributor","Hybrid","Midwest",2024-08-19,1.16,"1-2 years"
"EMP1843","Technology and Product","Engineering","Entry Level","Individual Contributor","Hybrid","South",2023-07-04,2.28,"1-2 years"
"EMP1844","Technology and Product","Engineering","Entry Level","Individual Contributor","Remote","West",2025-08-15,0.17,"Less than 1 year"
"EMP1845","Technology and Product","Engineering","Senior Professional","Individual Contributor","Hybrid","Northeast",2023-12-01,1.87,"1-2 years"
"EMP1846","Technology and Product","Engineering","Manager","People Manager","Hybrid","South",2021-06-11,4.34,"3-5 years"
"EMP1847","Technology and Product","Engineering","Senior Professional","People Manager","Hybrid","West",2019-06-24,6.31,"6-10 years"
"EMP1848","Technology and Product","Engineering","Professional","People Manager","Hybrid","Midwest",2021-04-03,4.53,"3-5 years"
"EMP1849","Technology and Product","Engineering","Manager","People Manager","Hybrid","Northeast",2018-03-13,7.59,"6-10 years"
"EMP1850","Technology and Product","Engineering","Senior Professional","Individual Contributor","On-site","Northeast",2022-10-03,3.03,"3-5 years"
"EMP1851","Technology and Product","Engineering","Senior Professional","Individual Contributor","Hybrid","Midwest",2012-05-13,13.42,"11 or more years"
"EMP1852","Technology and Product","Engineering","Entry Level","Individual Contributor","Hybrid","West",2025-09-30,0.04,"Less than 1 year"
"EMP1853","Technology and Product","Engineering","Professional","People Manager","Hybrid","Midwest",2023-10-29,1.96,"1-2 years"
"EMP1854","Technology and Product","Engineering","Professional","Individual Contributor","Remote","West",2021-11-02,3.95,"3-5 years"
"EMP1855","Technology and Product","Engineering","Professional","Individual Contributor","Hybrid","Northeast",2017-01-02,8.78,"6-10 years"
"EMP1856","Technology and Product","Engineering","Senior Professional","Individual Contributor","On-site","Northeast",2018-08-20,7.15,"6-10 years"
"EMP1857","Technology and Product","Engineering","Manager","People Manager","Hybrid","Midwest",2014-09-13,11.09,"11 or more years"
"EMP1858","Technology and Product","Engineering","Professional","Individual Contributor","On-site","Northeast",2024-03-04,1.62,"1-2 years"
"EMP1859","Technology and Product","Engineering","Senior Professional","Individual Contributor","Hybrid","West",2016-07-31,9.21,"6-10 years"
"EMP1860","Technology and Product","Engineering","Professional","Individual Contributor","Hybrid","South",2007-03-20,18.57,"11 or more years"
"EMP1861","Technology and Product","Engineering","Professional","Individual Contributor","Hybrid","Northeast",2017-09-24,8.06,"6-10 years"
"EMP1862","Technology and Product","Engineering","Professional","People Manager","Hybrid","Northeast",2018-03-16,7.58,"6-10 years"
"EMP1863","Technology and Product","Engineering","Senior Professional","People Manager","On-site","Midwest",2022-05-27,3.39,"3-5 years"
"EMP1864","Technology and Product","Engineering","Manager","People Manager","Hybrid","Northeast",2025-02-21,0.65,"Less than 1 year"
"EMP1865","Technology and Product","Engineering","Professional","Individual Contributor","Hybrid","Midwest",2023-07-29,2.21,"1-2 years"
"EMP1866","Technology and Product","Engineering","Professional","Individual Contributor","Remote","Northeast",2020-05-02,5.45,"3-5 years"
"EMP1867","Technology and Product","Engineering","Professional","Individual Contributor","Hybrid","South",2024-08-12,1.17,"1-2 years"
"EMP1868","Technology and Product","Engineering","Professional","Individual Contributor","Hybrid","Northeast",2025-08-25,0.14,"Less than 1 year"
"EMP1869","Technology and Product","Engineering","Professional","Individual Contributor","Remote","Northeast",2023-10-20,1.99,"1-2 years"
"EMP1870","Technology and Product","Engineering","Manager","People Manager","Hybrid","West",2015-12-27,9.8,"6-10 years"
"EMP1871","Technology and Product","Engineering","Professional","Individual Contributor","On-site","Northeast",2020-07-14,5.25,"3-5 years"
"EMP1872","Technology and Product","Engineering","Manager","People Manager","Remote","Northeast",2024-12-26,0.8,"Less than 1 year"
"EMP1873","Technology and Product","Engineering","Senior Professional","Individual Contributor","Hybrid","South",2020-12-10,4.85,"3-5 years"
"EMP1874","Technology and Product","Engineering","Senior Professional","People Manager","Hybrid","Northeast",2024-02-13,1.67,"1-2 years"
"EMP1875","Technology and Product","Engineering","Senior Professional","Individual Contributor","On-site","Northeast",2021-01-05,4.77,"3-5 years"
"EMP1876","Technology and Product","Engineering","Entry Level","Individual Contributor","Hybrid","Midwest",2011-10-26,13.97,"11 or more years"
"EMP1877","Technology and Product","Engineering","Senior Professional","Individual Contributor","Hybrid","South",2024-09-18,1.07,"1-2 years"
"EMP1878","Technology and Product","Engineering","Professional","Individual Contributor","Hybrid","Midwest",2020-03-11,5.6,"3-5 years"
"EMP1879","Technology and Product","Engineering","Senior Professional","Individual Contributor","Hybrid","West",2006-12-23,18.81,"11 or more years"
"EMP1880","Technology and Product","Engineering","Senior Professional","Individual Contributor","Remote","Northeast",2023-09-19,2.07,"1-2 years"
"EMP1881","Technology and Product","Engineering","Professional","Individual Contributor","On-site","Northeast",2025-05-21,0.4,"Less than 1 year"
"EMP1882","Technology and Product","Engineering","Senior Professional","Individual Contributor","Remote","West",2020-12-28,4.8,"3-5 years"
"EMP1883","Technology and Product","Engineering","Senior Professional","People Manager","Hybrid","South",2023-11-22,1.9,"1-2 years"
"EMP1884","Technology and Product","Engineering","Director and Above","People Manager","Remote","South",2021-10-08,4.02,"3-5 years"
"EMP1885","Technology and Product","Engineering","Senior Professional","Individual Contributor","Hybrid","Northeast",2022-04-28,3.47,"3-5 years"
"EMP1886","Technology and Product","Engineering","Professional","Individual Contributor","Hybrid","Northeast",2025-08-17,0.16,"Less than 1 year"
"EMP1887","Technology and Product","Engineering","Senior Professional","Individual Contributor","Remote","Northeast",2021-01-28,4.71,"3-5 years"
"EMP1888","Technology and Product","Engineering","Director and Above","People Manager","Hybrid","Northeast",2023-06-15,2.34,"1-2 years"
"EMP1889","Technology and Product","Engineering","Senior Professional","Individual Contributor","Remote","Midwest",2023-04-27,2.47,"1-2 years"
"EMP1890","Technology and Product","Engineering","Senior Professional","Individual Contributor","Hybrid","Northeast",2018-02-03,7.7,"6-10 years"
"EMP1891","Technology and Product","Engineering","Professional","Individual Contributor","Hybrid","Midwest",2023-09-12,2.09,"1-2 years"
"EMP1892","Technology and Product","Engineering","Professional","Individual Contributor","On-site","Northeast",2014-07-21,11.24,"11 or more years"
"EMP1893","Technology and Product","Engineering","Professional","Individual Contributor","Remote","West",2022-01-25,3.72,"3-5 years"
"EMP1894","Technology and Product","Engineering","Professional","Individual Contributor","Hybrid","Midwest",2018-06-02,7.37,"6-10 years"
"EMP1895","Technology and Product","Engineering","Senior Professional","Individual Contributor","Hybrid","Northeast",2011-03-13,14.59,"11 or more years"
"EMP1896","Technology and Product","Engineering","Professional","Individual Contributor","Hybrid","Midwest",2016-05-12,9.43,"6-10 years"
"EMP1897","Technology and Product","Engineering","Professional","Individual Contributor","On-site","Midwest",2024-06-01,1.37,"1-2 years"
"EMP1898","Technology and Product","Engineering","Professional","Individual Contributor","Hybrid","Northeast",2025-01-30,0.71,"Less than 1 year"
"EMP1899","Technology and Product","Engineering","Senior Professional","Individual Contributor","Hybrid","West",2021-03-09,4.6,"3-5 years"
"EMP1900","Technology and Product","Engineering","Professional","Individual Contributor","On-site","South",2023-08-16,2.17,"1-2 years"
"EMP1901","Technology and Product","Engineering","Senior Professional","Individual Contributor","Remote","Northeast",2023-01-06,2.77,"1-2 years"
"EMP1902","Technology and Product","Engineering","Senior Professional","Individual Contributor","Remote","South",2020-07-29,5.21,"3-5 years"
"EMP1903","Technology and Product","Engineering","Professional","Individual Contributor","Remote","Midwest",2020-08-03,5.2,"3-5 years"
"EMP1904","Technology and Product","Engineering","Entry Level","Individual Contributor","On-site","West",2025-02-12,0.67,"Less than 1 year"
"EMP1905","Technology and Product","Engineering","Professional","Individual Contributor","Hybrid","South",2016-03-11,9.6,"6-10 years"
"EMP1906","Technology and Product","Engineering","Senior Professional","Individual Contributor","Hybrid","Northeast",2015-09-18,10.08,"6-10 years"
"EMP1907","Technology and Product","Engineering","Professional","Individual Contributor","Remote","Northeast",2015-01-04,10.78,"6-10 years"
"EMP1908","Technology and Product","Engineering","Senior Professional","Individual Contributor","Hybrid","Northeast",2017-03-30,8.54,"6-10 years"
"EMP1909","Technology and Product","Engineering","Senior Professional","Individual Contributor","Hybrid","South",2015-09-01,10.12,"6-10 years"
"EMP1910","Technology and Product","Engineering","Senior Professional","Individual Contributor","Hybrid","Northeast",2016-11-11,8.93,"6-10 years"
"EMP1911","Technology and Product","Engineering","Professional","Individual Contributor","Remote","West",2021-05-19,4.41,"3-5 years"
"EMP1912","Technology and Product","Engineering","Professional","Individual Contributor","On-site","Midwest",2019-03-15,6.59,"6-10 years"
"EMP1913","Technology and Product","Engineering","Manager","People Manager","Hybrid","West",2016-09-06,9.11,"6-10 years"
"EMP1914","Technology and Product","Engineering","Senior Professional","Individual Contributor","Remote","Midwest",2018-07-03,7.29,"6-10 years"
"EMP1915","Technology and Product","Engineering","Professional","Individual Contributor","Hybrid","Northeast",2017-02-22,8.64,"6-10 years"
"EMP1916","Technology and Product","Engineering","Senior Professional","Individual Contributor","On-site","Northeast",2020-09-12,5.09,"3-5 years"
"EMP1917","Technology and Product","Engineering","Professional","Individual Contributor","On-site","South",2020-09-07,5.1,"3-5 years"
"EMP1918","Technology and Product","Engineering","Manager","People Manager","Remote","Northeast",2017-06-27,8.3,"6-10 years"
"EMP1919","Technology and Product","Engineering","Professional","Individual Contributor","Remote","South",2025-09-13,0.09,"Less than 1 year"
"EMP1920","Technology and Product","Engineering","Senior Professional","Individual Contributor","Remote","Northeast",2021-05-24,4.39,"3-5 years"
"EMP1921","Technology and Product","Engineering","Professional","Individual Contributor","On-site","Midwest",2025-08-01,0.21,"Less than 1 year"
"EMP1922","Technology and Product","Engineering","Professional","Individual Contributor","Remote","Midwest",2023-02-16,2.66,"1-2 years"
"EMP1923","Technology and Product","Engineering","Professional","Individual Contributor","Hybrid","West",2006-01-28,19.71,"11 or more years"
"EMP1924","Technology and Product","Engineering","Entry Level","Individual Contributor","Hybrid","West",2023-03-05,2.61,"1-2 years"
"EMP1925","Technology and Product","Engineering","Director and Above","People Manager","Remote","West",2016-08-31,9.12,"6-10 years"
"EMP1926","Technology and Product","Engineering","Professional","Individual Contributor","On-site","South",2023-12-03,1.87,"1-2 years"
"EMP1927","Technology and Product","Engineering","Senior Professional","Individual Contributor","Hybrid","West",2024-04-04,1.53,"1-2 years"
"EMP1928","Technology and Product","Engineering","Professional","Individual Contributor","Remote","West",2021-04-28,4.47,"3-5 years"
"EMP1929","Technology and Product","Engineering","Manager","People Manager","Hybrid","South",2023-01-10,2.76,"1-2 years"
"EMP1930","Technology and Product","Engineering","Senior Professional","Individual Contributor","Hybrid","South",2008-03-31,17.54,"11 or more years"
"EMP1931","Technology and Product","Engineering","Manager","People Manager","Hybrid","South",2024-04-26,1.47,"1-2 years"
"EMP1932","Technology and Product","Engineering","Manager","People Manager","Remote","Midwest",2023-09-14,2.09,"1-2 years"
"EMP1933","Technology and Product","Engineering","Professional","Individual Contributor","Hybrid","South",2020-04-17,5.49,"3-5 years"
"EMP1934","Technology and Product","Engineering","Senior Professional","Individual Contributor","Hybrid","West",2021-03-22,4.57,"3-5 years"
"EMP1935","Technology and Product","Engineering","Senior Professional","Individual Contributor","Hybrid","Midwest",2020-02-02,5.7,"3-5 years"
"EMP1936","Technology and Product","Engineering","Manager","People Manager","Remote","South",2020-06-21,5.32,"3-5 years"
"EMP1937","Technology and Product","Engineering","Manager","People Manager","Remote","Midwest",2022-11-20,2.9,"1-2 years"
"EMP1938","Technology and Product","Engineering","Professional","Individual Contributor","Hybrid","West",2025-03-21,0.57,"Less than 1 year"
"EMP1939","Technology and Product","Engineering","Professional","Individual Contributor","Remote","West",2020-01-07,5.77,"3-5 years"
"EMP1940","Technology and Product","Engineering","Professional","Individual Contributor","On-site","Northeast",2025-09-05,0.11,"Less than 1 year"
"EMP1941","Technology and Product","Engineering","Professional","Individual Contributor","Hybrid","South",2023-01-02,2.78,"1-2 years"
"EMP1942","Technology and Product","Engineering","Director and Above","Individual Contributor","Hybrid","Midwest",2020-06-24,5.31,"3-5 years"
"EMP1943","Technology and Product","Engineering","Senior Professional","Individual Contributor","Remote","Midwest",2020-09-27,5.05,"3-5 years"
"EMP1944","Technology and Product","Engineering","Professional","Individual Contributor","On-site","Northeast",2018-04-29,7.46,"6-10 years"
"EMP1945","Technology and Product","Engineering","Professional","Individual Contributor","Hybrid","South",2022-08-31,3.12,"3-5 years"
"EMP1946","Technology and Product","Engineering","Professional","Individual Contributor","Hybrid","South",2024-12-21,0.82,"Less than 1 year"
"EMP1947","Technology and Product","Engineering","Professional","Individual Contributor","Hybrid","Midwest",2021-12-20,3.82,"3-5 years"
"EMP1948","Technology and Product","Engineering","Manager","People Manager","On-site","South",2014-12-22,10.81,"6-10 years"
"EMP1949","Technology and Product","Engineering","Professional","Individual Contributor","Hybrid","Midwest",2025-05-23,0.4,"Less than 1 year"
"EMP1950","Technology and Product","Engineering","Professional","Individual Contributor","Remote","Midwest",2020-09-07,5.1,"3-5 years"
"EMP1951","Technology and Product","Engineering","Senior Professional","Individual Contributor","Remote","South",2022-06-03,3.37,"3-5 years"
"EMP1952","Technology and Product","Engineering","Entry Level","Individual Contributor","Hybrid","West",2025-02-01,0.7,"Less than 1 year"
"EMP1953","Technology and Product","Engineering","Professional","Individual Contributor","Hybrid","Midwest",2020-08-04,5.2,"3-5 years"
"EMP1954","Technology and Product","Engineering","Professional","Individual Contributor","Hybrid","Northeast",2019-12-13,5.84,"3-5 years"
"EMP1955","Technology and Product","Engineering","Entry Level","Individual Contributor","On-site","Northeast",2023-04-21,2.49,"1-2 years"
"EMP1956","Technology and Product","Engineering","Senior Professional","Individual Contributor","Hybrid","Midwest",2024-05-24,1.39,"1-2 years"
"EMP1957","Technology and Product","Engineering","Senior Professional","Individual Contributor","Hybrid","West",2023-08-14,2.17,"1-2 years"
"EMP1958","Technology and Product","Engineering","Professional","Individual Contributor","Hybrid","West",2025-01-12,0.76,"Less than 1 year"
"EMP1959","Technology and Product","Engineering","Manager","People Manager","Hybrid","West",2018-12-26,6.8,"6-10 years"
"EMP1960","Technology and Product","Engineering","Professional","Individual Contributor","Hybrid","South",2020-03-03,5.62,"3-5 years"
"EMP1961","Technology and Product","Engineering","Professional","Individual Contributor","Remote","Northeast",2007-10-01,18.04,"11 or more years"
"EMP1962","Technology and Product","Engineering","Professional","Individual Contributor","Remote","Northeast",2021-05-26,4.39,"3-5 years"
"EMP1963","Technology and Product","Engineering","Senior Professional","Individual Contributor","Hybrid","West",2020-04-24,5.48,"3-5 years"
"EMP1964","Technology and Product","Engineering","Senior Professional","Individual Contributor","Hybrid","Northeast",2020-03-02,5.62,"3-5 years"
"EMP1965","Technology and Product","Engineering","Professional","Individual Contributor","Hybrid","Northeast",2024-07-26,1.22,"1-2 years"
"EMP1966","Technology and Product","Engineering","Professional","Individual Contributor","Remote","Northeast",2024-01-01,1.79,"1-2 years"
"EMP1967","Technology and Product","Engineering","Senior Professional","Individual Contributor","Hybrid","South",2023-06-22,2.32,"1-2 years"
"EMP1968","Technology and Product","Engineering","Senior Professional","Individual Contributor","Hybrid","Midwest",2022-01-25,3.72,"3-5 years"
"EMP1969","Technology and Product","Engineering","Senior Professional","Individual Contributor","Hybrid","West",2008-04-27,17.47,"11 or more years"
"EMP1970","Technology and Product","Engineering","Professional","Individual Contributor","Hybrid","Northeast",2017-02-19,8.65,"6-10 years"
"EMP1971","Technology and Product","Engineering","Manager","People Manager","Remote","Midwest",2021-09-23,4.06,"3-5 years"
"EMP1972","Technology and Product","Engineering","Senior Professional","Individual Contributor","On-site","Midwest",2025-02-06,0.69,"Less than 1 year"
"EMP1973","Technology and Product","Engineering","Professional","Individual Contributor","Hybrid","Northeast",2023-05-21,2.4,"1-2 years"
"EMP1974","Technology and Product","Engineering","Entry Level","Individual Contributor","Remote","Midwest",2023-05-10,2.43,"1-2 years"
"EMP1975","Technology and Product","Engineering","Entry Level","Individual Contributor","Remote","West",2025-03-11,0.6,"Less than 1 year"
"EMP1976","Technology and Product","Engineering","Manager","Individual Contributor","Hybrid","West",2016-03-24,9.56,"6-10 years"
"EMP1977","Technology and Product","Engineering","Manager","People Manager","Hybrid","West",2022-03-15,3.59,"3-5 years"
"EMP1978","Technology and Product","Engineering","Professional","Individual Contributor","Hybrid","Midwest",2023-05-08,2.44,"1-2 years"
"EMP1979","Technology and Product","Engineering","Senior Professional","Individual Contributor","Remote","Northeast",2007-11-13,17.92,"11 or more years"
"EMP1980","Technology and Product","Engineering","Manager","People Manager","Hybrid","South",2022-01-24,3.72,"3-5 years"
"EMP1981","Technology and Product","Engineering","Professional","Individual Contributor","Remote","South",2024-10-27,0.97,"Less than 1 year"
"EMP1982","Technology and Product","Engineering","Professional","Individual Contributor","Remote","Northeast",2023-04-27,2.47,"1-2 years"
"EMP1983","Technology and Product","Engineering","Senior Professional","Individual Contributor","Hybrid","Midwest",2020-12-24,4.81,"3-5 years"
"EMP1984","Technology and Product","Engineering","Manager","People Manager","Remote","South",2022-07-31,3.21,"3-5 years"
"EMP1985","Technology and Product","Engineering","Manager","People Manager","Hybrid","Northeast",2016-02-13,9.67,"6-10 years"
"EMP1986","Technology and Product","Engineering","Senior Professional","Individual Contributor","Remote","Northeast",2020-04-17,5.49,"3-5 years"
"EMP1987","Technology and Product","Engineering","Professional","Individual Contributor","Remote","Midwest",2023-12-17,1.83,"1-2 years"
"EMP1988","Technology and Product","Engineering","Professional","Individual Contributor","Hybrid","West",2024-03-10,1.6,"1-2 years"
"EMP1989","Technology and Product","Engineering","Senior Professional","Individual Contributor","Hybrid","Midwest",2018-03-26,7.56,"6-10 years"
"EMP1990","Technology and Product","Engineering","Senior Professional","Individual Contributor","Hybrid","Midwest",2021-04-29,4.46,"3-5 years"
"EMP1991","Technology and Product","Engineering","Senior Professional","Individual Contributor","Hybrid","West",2024-05-01,1.46,"1-2 years"
"EMP1992","Technology and Product","Engineering","Senior Professional","Individual Contributor","On-site","West",2022-03-28,3.55,"3-5 years"
"EMP1993","Technology and Product","Engineering","Professional","Individual Contributor","Hybrid","South",2025-08-14,0.17,"Less than 1 year"
"EMP1994","Technology and Product","Engineering","Manager","People Manager","Hybrid","West",2020-10-08,5.02,"3-5 years"
"EMP1995","Technology and Product","Engineering","Professional","Individual Contributor","Hybrid","Midwest",2020-04-07,5.52,"3-5 years"
"EMP1996","Technology and Product","Engineering","Professional","Individual Contributor","Hybrid","Northeast",2025-04-20,0.49,"Less than 1 year"
"EMP1997","Technology and Product","Engineering","Professional","Individual Contributor","Hybrid","South",2024-06-14,1.34,"1-2 years"
"EMP1998","Technology and Product","Engineering","Senior Professional","Individual Contributor","Remote","West",2025-07-01,0.29,"Less than 1 year"
"EMP1999","Technology and Product","Engineering","Professional","Individual Contributor","Remote","Northeast",2024-03-01,1.62,"1-2 years"
"EMP2000","Technology and Product","Engineering","Senior Professional","Individual Contributor","Hybrid","West",2023-04-23,2.48,"1-2 years"
"EMP2001","Technology and Product","Engineering","Professional","Individual Contributor","Remote","South",2022-05-22,3.4,"3-5 years"
"EMP2002","Technology and Product","Engineering","Senior Professional","Individual Contributor","Remote","South",2021-06-07,4.36,"3-5 years"
"EMP2003","Technology and Product","Engineering","Professional","Individual Contributor","Hybrid","West",2019-12-08,5.85,"3-5 years"
"EMP2004","Technology and Product","Engineering","Senior Professional","Individual Contributor","Remote","South",2023-04-03,2.54,"1-2 years"
"EMP2005","Technology and Product","Engineering","Entry Level","Individual Contributor","Hybrid","Midwest",2023-05-22,2.4,"1-2 years"
"EMP2006","Technology and Product","Engineering","Professional","Individual Contributor","Hybrid","West",2018-11-24,6.89,"6-10 years"
"EMP2007","Technology and Product","Engineering","Professional","Individual Contributor","Remote","South",2022-12-17,2.83,"1-2 years"
"EMP2008","Technology and Product","Engineering","Professional","People Manager","Hybrid","Midwest",2021-08-13,4.17,"3-5 years"
"EMP2009","Technology and Product","Engineering","Entry Level","Individual Contributor","On-site","Northeast",2021-05-10,4.43,"3-5 years"
"EMP2010","Technology and Product","Engineering","Manager","People Manager","Hybrid","South",2020-10-20,4.99,"3-5 years"
"EMP2011","Technology and Product","Engineering","Professional","Individual Contributor","Hybrid","South",2024-11-24,0.89,"Less than 1 year"
"EMP2012","Technology and Product","Engineering","Senior Professional","Individual Contributor","On-site","South",2021-08-12,4.18,"3-5 years"
"EMP2013","Technology and Product","Engineering","Senior Professional","Individual Contributor","Remote","Northeast",2017-03-18,8.58,"6-10 years"
"EMP2014","Technology and Product","Engineering","Professional","Individual Contributor","On-site","South",2015-03-03,10.62,"6-10 years"
"EMP2015","Technology and Product","Engineering","Senior Professional","Individual Contributor","Hybrid","Northeast",2009-04-02,16.54,"11 or more years"
"EMP2016","Technology and Product","Engineering","Senior Professional","Individual Contributor","Hybrid","Northeast",2022-08-17,3.16,"3-5 years"
"EMP2017","Technology and Product","Engineering","Professional","Individual Contributor","Hybrid","Northeast",2025-03-28,0.55,"Less than 1 year"
"EMP2018","Technology and Product","Engineering","Director and Above","People Manager","Hybrid","Midwest",2022-08-04,3.2,"3-5 years"
"EMP2019","Technology and Product","Engineering","Professional","Individual Contributor","Hybrid","Midwest",2023-06-05,2.36,"1-2 years"
"EMP2020","Technology and Product","Engineering","Professional","Individual Contributor","Remote","South",2019-11-25,5.89,"3-5 years"
"EMP2021","Technology and Product","Engineering","Professional","Individual Contributor","Hybrid","South",2006-01-25,19.72,"11 or more years"
"EMP2022","Technology and Product","Engineering","Professional","Individual Contributor","Hybrid","Northeast",2022-12-29,2.8,"1-2 years"
"EMP2023","Technology and Product","Engineering","Professional","Individual Contributor","Hybrid","South",2005-01-12,20.76,"11 or more years"
"EMP2024","Technology and Product","Engineering","Professional","Individual Contributor","Hybrid","West",2019-11-11,5.93,"3-5 years"
"EMP2025","Technology and Product","Engineering","Professional","Individual Contributor","On-site","West",2020-08-24,5.14,"3-5 years"
"EMP2026","Technology and Product","Engineering","Senior Professional","Individual Contributor","Hybrid","South",2020-09-22,5.06,"3-5 years"
"EMP2027","Technology and Product","Engineering","Professional","Individual Contributor","Remote","West",2016-10-17,8.99,"6-10 years"
"EMP2028","Technology and Product","Engineering","Manager","People Manager","Remote","Northeast",2018-11-19,6.9,"6-10 years"
"EMP2029","Technology and Product","Engineering","Professional","Individual Contributor","Hybrid","South",2023-01-07,2.77,"1-2 years"
"EMP2030","Technology and Product","Engineering","Professional","Individual Contributor","Remote","South",2018-09-30,7.04,"6-10 years"
"EMP2031","Technology and Product","Engineering","Manager","People Manager","Hybrid","Midwest",2014-11-25,10.89,"6-10 years"
"EMP2032","Technology and Product","Engineering","Professional","Individual Contributor","Remote","West",2016-11-30,8.87,"6-10 years"
"EMP2033","Technology and Product","Engineering","Professional","Individual Contributor","Hybrid","Midwest",2017-02-16,8.66,"6-10 years"
"EMP2034","Technology and Product","Engineering","Senior Professional","Individual Contributor","Remote","Midwest",2021-05-09,4.44,"3-5 years"
"EMP2035","Technology and Product","Engineering","Senior Professional","Individual Contributor","Remote","Midwest",2022-07-15,3.25,"3-5 years"
"EMP2036","Technology and Product","Engineering","Senior Professional","Individual Contributor","Hybrid","Northeast",2019-07-26,6.22,"6-10 years"
"EMP2037","Technology and Product","Engineering","Senior Professional","People Manager","Remote","West",2015-02-12,10.67,"6-10 years"
"EMP2038","Technology and Product","Engineering","Manager","Individual Contributor","Remote","Midwest",2007-10-25,17.97,"11 or more years"
"EMP2039","Technology and Product","Engineering","Manager","People Manager","Hybrid","South",2013-12-06,11.86,"11 or more years"
"EMP2040","Technology and Product","Engineering","Professional","Individual Contributor","Hybrid","Midwest",2019-02-22,6.64,"6-10 years"
"EMP2041","Technology and Product","Engineering","Director and Above","People Manager","On-site","Midwest",2023-07-02,2.29,"1-2 years"
"EMP2042","Technology and Product","Engineering","Senior Professional","Individual Contributor","On-site","Midwest",2021-12-26,3.8,"3-5 years"
"EMP2043","Technology and Product","Engineering","Senior Professional","Individual Contributor","Hybrid","South",2023-11-26,1.89,"1-2 years"
"EMP2044","Technology and Product","Engineering","Senior Professional","People Manager","Remote","Midwest",2025-08-23,0.15,"Less than 1 year"
"EMP2045","Technology and Product","Engineering","Professional","Individual Contributor","Hybrid","Northeast",2012-12-27,12.8,"11 or more years"
"EMP2046","Technology and Product","Engineering","Senior Professional","Individual Contributor","Remote","Midwest",2010-02-20,15.65,"11 or more years"
"EMP2047","Technology and Product","Engineering","Professional","Individual Contributor","On-site","Northeast",2024-10-18,0.99,"Less than 1 year"
"EMP2048","Technology and Product","Engineering","Professional","Individual Contributor","Remote","South",2020-03-28,5.55,"3-5 years"
"EMP2049","Technology and Product","Engineering","Professional","Individual Contributor","Remote","South",2020-06-06,5.36,"3-5 years"
"EMP2050","Technology and Product","Engineering","Entry Level","Individual Contributor","Hybrid","Northeast",2023-08-01,2.21,"1-2 years"
"EMP2051","Technology and Product","Engineering","Professional","Individual Contributor","On-site","Northeast",2014-10-25,10.97,"6-10 years"
"EMP2052","Technology and Product","Engineering","Professional","Individual Contributor","On-site","South",2021-12-08,3.85,"3-5 years"
"EMP2053","Technology and Product","Engineering","Senior Professional","Individual Contributor","Remote","Northeast",2013-07-21,12.24,"11 or more years"
"EMP2054","Technology and Product","Engineering","Entry Level","Individual Contributor","Remote","South",2020-12-21,4.82,"3-5 years"
"EMP2055","Technology and Product","Engineering","Professional","Individual Contributor","Hybrid","Midwest",2005-11-24,19.89,"11 or more years"
"EMP2056","Technology and Product","Engineering","Entry Level","Individual Contributor","Remote","Northeast",2021-07-04,4.28,"3-5 years"
"EMP2057","Technology and Product","Engineering","Manager","People Manager","Remote","Northeast",2016-07-03,9.28,"6-10 years"
"EMP2058","Technology and Product","Engineering","Professional","Individual Contributor","On-site","West",2025-09-17,0.08,"Less than 1 year"
"EMP2059","Technology and Product","Engineering","Professional","People Manager","Hybrid","West",2024-11-27,0.88,"Less than 1 year"
"EMP2060","Technology and Product","Engineering","Professional","Individual Contributor","Remote","Midwest",2015-08-28,10.13,"6-10 years"
"EMP2061","Technology and Product","Engineering","Professional","Individual Contributor","Hybrid","South",2020-01-09,5.77,"3-5 years"
"EMP2062","Technology and Product","Engineering","Professional","Individual Contributor","Hybrid","Northeast",2025-07-07,0.27,"Less than 1 year"
"EMP2063","Technology and Product","Engineering","Professional","Individual Contributor","Hybrid","Northeast",2015-02-02,10.7,"6-10 years"
"EMP2064","Technology and Product","Engineering","Entry Level","Individual Contributor","Hybrid","Northeast",2025-01-22,0.73,"Less than 1 year"
"EMP2065","Technology and Product","Engineering","Entry Level","Individual Contributor","Hybrid","South",2021-06-20,4.32,"3-5 years"
"EMP2066","Technology and Product","Engineering","Professional","Individual Contributor","Remote","South",2021-06-01,4.37,"3-5 years"
"EMP2067","Technology and Product","Engineering","Professional","Individual Contributor","Hybrid","South",2023-03-17,2.58,"1-2 years"
"EMP2068","Technology and Product","Engineering","Director and Above","People Manager","On-site","South",2021-02-15,4.66,"3-5 years"
"EMP2069","Technology and Product","Engineering","Manager","People Manager","On-site","Midwest",2025-02-13,0.67,"Less than 1 year"
"EMP2070","Technology and Product","Engineering","Director and Above","People Manager","Hybrid","West",2005-04-29,20.46,"11 or more years"
"EMP2071","Technology and Product","Engineering","Senior Professional","Individual Contributor","On-site","West",2022-03-02,3.62,"3-5 years"
"EMP2072","Technology and Product","Engineering","Senior Professional","Individual Contributor","Remote","Northeast",2010-10-30,14.96,"11 or more years"
"EMP2073","Technology and Product","Engineering","Senior Professional","Individual Contributor","Hybrid","South",2018-03-27,7.55,"6-10 years"
"EMP2074","Technology and Product","Engineering","Senior Professional","Individual Contributor","Remote","South",2023-02-14,2.67,"1-2 years"
"EMP2075","Technology and Product","Engineering","Professional","Individual Contributor","Remote","West",2018-12-02,6.87,"6-10 years"
"EMP2076","Technology and Product","Engineering","Professional","Individual Contributor","Remote","Midwest",2024-12-14,0.84,"Less than 1 year"
"EMP2077","Technology and Product","Engineering","Professional","Individual Contributor","Hybrid","Northeast",2023-07-25,2.23,"1-2 years"
"EMP2078","Technology and Product","Engineering","Director and Above","People Manager","Remote","Northeast",2024-03-05,1.61,"1-2 years"
"EMP2079","Technology and Product","Engineering","Senior Professional","Individual Contributor","Remote","Midwest",2006-08-08,19.19,"11 or more years"
"EMP2080","Technology and Product","Engineering","Entry Level","Individual Contributor","Remote","South",2021-03-07,4.61,"3-5 years"
"EMP2081","Technology and Product","Engineering","Entry Level","Individual Contributor","Hybrid","West",2020-11-18,4.91,"3-5 years"
"EMP2082","Technology and Product","Engineering","Senior Professional","Individual Contributor","Remote","West",2018-07-05,7.28,"6-10 years"
"EMP2083","Technology and Product","Engineering","Professional","Individual Contributor","Remote","Northeast",2019-09-12,6.09,"6-10 years"
"EMP2084","Technology and Product","Engineering","Professional","Individual Contributor","Hybrid","Northeast",2022-08-28,3.13,"3-5 years"
"EMP2085","Technology and Product","Engineering","Senior Professional","Individual Contributor","Remote","South",2023-02-13,2.67,"1-2 years"
"EMP2086","Technology and Product","Engineering","Manager","People Manager","Hybrid","South",2019-06-13,6.34,"6-10 years"
"EMP2087","Technology and Product","Engineering","Senior Professional","Individual Contributor","Remote","South",2024-06-17,1.33,"1-2 years"
"EMP2088","Technology and Product","Engineering","Senior Professional","People Manager","Remote","Northeast",2007-04-25,18.48,"11 or more years"
"EMP2089","Technology and Product","Engineering","Senior Professional","Individual Contributor","Remote","Northeast",2015-05-04,10.45,"6-10 years"
"EMP2090","Technology and Product","Engineering","Senior Professional","Individual Contributor","Remote","Northeast",2024-04-25,1.47,"1-2 years"
"EMP2091","Technology and Product","Engineering","Senior Professional","Individual Contributor","Remote","Northeast",2022-04-25,3.47,"3-5 years"
"EMP2092","Technology and Product","Engineering","Manager","People Manager","Remote","Northeast",2022-10-30,2.96,"1-2 years"
"EMP2093","Technology and Product","Engineering","Entry Level","Individual Contributor","Hybrid","South",2022-08-07,3.19,"3-5 years"
"EMP2094","Technology and Product","Engineering","Senior Professional","Individual Contributor","Remote","Northeast",2022-09-03,3.12,"3-5 years"
"EMP2095","Technology and Product","Engineering","Senior Professional","Individual Contributor","Hybrid","Northeast",2024-02-23,1.64,"1-2 years"
"EMP2096","Technology and Product","Engineering","Professional","Individual Contributor","On-site","West",2014-12-30,10.79,"6-10 years"
"EMP2097","Technology and Product","Engineering","Professional","Individual Contributor","On-site","Midwest",2005-12-22,19.81,"11 or more years"
"EMP2098","Technology and Product","Engineering","Senior Professional","Individual Contributor","Remote","South",2024-03-20,1.57,"1-2 years"
"EMP2099","Technology and Product","Engineering","Professional","Individual Contributor","Remote","South",2024-07-02,1.29,"1-2 years"
"EMP2100","Technology and Product","Engineering","Senior Professional","Individual Contributor","Remote","South",2022-08-03,3.2,"3-5 years"
"EMP2101","Technology and Product","Engineering","Professional","Individual Contributor","Remote","South",2018-11-05,6.94,"6-10 years"
"EMP2102","Technology and Product","Engineering","Senior Professional","Individual Contributor","Remote","Midwest",2024-01-08,1.77,"1-2 years"
"EMP2103","Technology and Product","Engineering","Professional","Individual Contributor","Remote","South",2024-07-16,1.25,"1-2 years"
"EMP2104","Technology and Product","Engineering","Professional","Individual Contributor","On-site","West",2008-07-30,17.21,"11 or more years"
"EMP2105","Technology and Product","Engineering","Manager","People Manager","Remote","Northeast",2015-10-09,10.02,"6-10 years"
"EMP2106","Technology and Product","Engineering","Manager","People Manager","On-site","Midwest",2017-10-31,7.96,"6-10 years"
"EMP2107","Technology and Product","Engineering","Senior Professional","Individual Contributor","Hybrid","Northeast",2022-05-17,3.41,"3-5 years"
"EMP2108","Technology and Product","Engineering","Senior Professional","Individual Contributor","Hybrid","Northeast",2021-12-14,3.84,"3-5 years"
"EMP2109","Technology and Product","Engineering","Professional","Individual Contributor","Remote","Midwest",2025-06-13,0.34,"Less than 1 year"
"EMP2110","Technology and Product","Engineering","Senior Professional","Individual Contributor","On-site","South",2025-08-23,0.15,"Less than 1 year"
"EMP2111","Technology and Product","Engineering","Manager","People Manager","Remote","Midwest",2015-06-10,10.35,"6-10 years"
"EMP2112","Technology and Product","Engineering","Professional","Individual Contributor","Hybrid","West",2021-08-25,4.14,"3-5 years"
"EMP2113","Technology and Product","Engineering","Director and Above","People Manager","Remote","Northeast",2019-11-04,5.95,"3-5 years"
"EMP2114","Technology and Product","Engineering","Manager","People Manager","Hybrid","Midwest",2023-08-15,2.17,"1-2 years"
"EMP2115","Technology and Product","Engineering","Professional","Individual Contributor","Hybrid","Midwest",2024-07-04,1.28,"1-2 years"
"EMP2116","Technology and Product","Engineering","Senior Professional","Individual Contributor","Hybrid","West",2021-11-04,3.95,"3-5 years"
"EMP2117","Technology and Product","Engineering","Professional","Individual Contributor","Hybrid","Midwest",2025-04-15,0.5,"Less than 1 year"
"EMP2118","Technology and Product","Engineering","Entry Level","Individual Contributor","Hybrid","South",2021-11-17,3.91,"3-5 years"
"EMP2119","Technology and Product","Engineering","Senior Professional","Individual Contributor","Remote","West",2017-08-29,8.13,"6-10 years"
"EMP2120","Technology and Product","Engineering","Senior Professional","Individual Contributor","Hybrid","Northeast",2024-11-07,0.94,"Less than 1 year"
"EMP2121","Technology and Product","Engineering","Entry Level","Individual Contributor","Remote","South",2006-07-30,19.21,"11 or more years"
"EMP2122","Technology and Product","Engineering","Senior Professional","Individual Contributor","Hybrid","South",2017-08-26,8.14,"6-10 years"
"EMP2123","Technology and Product","Engineering","Professional","Individual Contributor","Hybrid","West",2021-07-02,4.29,"3-5 years"
"EMP2124","Technology and Product","Engineering","Manager","People Manager","Hybrid","South",2021-10-24,3.98,"3-5 years"
"EMP2125","Technology and Product","Engineering","Senior Professional","Individual Contributor","Hybrid","Midwest",2025-01-04,0.78,"Less than 1 year"
"EMP2126","Technology and Product","Engineering","Senior Professional","Individual Contributor","Remote","Midwest",2019-11-12,5.92,"3-5 years"
"EMP2127","Technology and Product","Engineering","Professional","Individual Contributor","Hybrid","South",2024-11-20,0.9,"Less than 1 year"
"EMP2128","Technology and Product","Engineering","Professional","Individual Contributor","Hybrid","West",2024-07-25,1.22,"1-2 years"
"EMP2129","Technology and Product","Engineering","Professional","Individual Contributor","On-site","South",2023-04-19,2.49,"1-2 years"
"EMP2130","Technology and Product","Engineering","Professional","Individual Contributor","Hybrid","Northeast",2009-08-22,16.15,"11 or more years"
"EMP2131","Technology and Product","Engineering","Senior Professional","Individual Contributor","Hybrid","Midwest",2019-12-12,5.84,"3-5 years"
"EMP2132","Technology and Product","Engineering","Senior Professional","Individual Contributor","Remote","West",2023-09-15,2.08,"1-2 years"
"EMP2133","Technology and Product","Engineering","Professional","Individual Contributor","Hybrid","South",2020-03-05,5.61,"3-5 years"
"EMP2134","Technology and Product","Engineering","Senior Professional","Individual Contributor","Hybrid","South",2022-07-14,3.26,"3-5 years"
"EMP2135","Technology and Product","Engineering","Senior Professional","Individual Contributor","On-site","Northeast",2017-06-06,8.36,"6-10 years"
"EMP2136","Technology and Product","Engineering","Senior Professional","Individual Contributor","Remote","West",2017-03-05,8.61,"6-10 years"
"EMP2137","Technology and Product","Engineering","Professional","Individual Contributor","Remote","South",2024-02-02,1.7,"1-2 years"
"EMP2138","Technology and Product","Engineering","Professional","Individual Contributor","Hybrid","Midwest",2025-04-11,0.51,"Less than 1 year"
"EMP2139","Technology and Product","Engineering","Professional","Individual Contributor","Hybrid","Midwest",2014-06-14,11.34,"11 or more years"
"EMP2140","Technology and Product","Engineering","Professional","Individual Contributor","Remote","Northeast",2023-02-14,2.67,"1-2 years"
"EMP2141","Technology and Product","Engineering","Senior Professional","Individual Contributor","Remote","Northeast",2015-11-10,9.93,"6-10 years"
"EMP2142","Technology and Product","Engineering","Professional","Individual Contributor","Hybrid","South",2020-10-11,5.01,"3-5 years"
"EMP2143","Technology and Product","Engineering","Professional","Individual Contributor","Hybrid","Midwest",2024-10-06,1.02,"1-2 years"
"EMP2144","Technology and Product","Engineering","Professional","Individual Contributor","Hybrid","Midwest",2019-10-17,6,"6-10 years"
"EMP2145","Technology and Product","Engineering","Entry Level","Individual Contributor","Hybrid","Midwest",2020-07-10,5.26,"3-5 years"
"EMP2146","Technology and Product","Engineering","Professional","Individual Contributor","Hybrid","West",2021-09-27,4.05,"3-5 years"
"EMP2147","Technology and Product","Engineering","Professional","Individual Contributor","On-site","South",2022-03-03,3.62,"3-5 years"
"EMP2148","Technology and Product","Engineering","Entry Level","Individual Contributor","Hybrid","Northeast",2023-01-17,2.74,"1-2 years"
"EMP2149","Technology and Product","Engineering","Senior Professional","Individual Contributor","Remote","Midwest",2016-08-22,9.15,"6-10 years"
"EMP2150","Technology and Product","Engineering","Manager","People Manager","Hybrid","West",2017-06-17,8.33,"6-10 years"
"EMP2151","Technology and Product","Engineering","Professional","Individual Contributor","Hybrid","Northeast",2023-03-20,2.57,"1-2 years"
"EMP2152","Technology and Product","Engineering","Manager","People Manager","Remote","Midwest",2012-08-14,13.17,"11 or more years"
"EMP2153","Technology and Product","Engineering","Manager","Individual Contributor","Hybrid","South",2019-07-31,6.21,"6-10 years"
"EMP2154","Technology and Product","Engineering","Professional","Individual Contributor","Remote","Midwest",2020-04-23,5.48,"3-5 years"
"EMP2155","Technology and Product","Engineering","Senior Professional","Individual Contributor","Remote","West",2024-05-23,1.4,"1-2 years"
"EMP2156","Technology and Product","Engineering","Professional","Individual Contributor","On-site","Midwest",2024-02-27,1.63,"1-2 years"
"EMP2157","Technology and Product","Engineering","Entry Level","Individual Contributor","Hybrid","West",2023-04-02,2.54,"1-2 years"
"EMP2158","Technology and Product","Engineering","Professional","Individual Contributor","On-site","Midwest",2024-10-24,0.97,"Less than 1 year"
"EMP2159","Technology and Product","Engineering","Professional","Individual Contributor","Hybrid","South",2020-04-07,5.52,"3-5 years"
"EMP2160","Technology and Product","Engineering","Entry Level","Individual Contributor","Hybrid","West",2023-10-19,1.99,"1-2 years"
"EMP2161","Technology and Product","Engineering","Professional","Individual Contributor","On-site","West",2009-10-30,15.96,"11 or more years"
"EMP2162","Technology and Product","Engineering","Manager","People Manager","Hybrid","Midwest",2022-07-09,3.27,"3-5 years"
"EMP2163","Technology and Product","Engineering","Director and Above","Individual Contributor","Hybrid","Northeast",2019-02-25,6.64,"6-10 years"
"EMP2164","Technology and Product","Engineering","Professional","Individual Contributor","On-site","West",2015-09-24,10.06,"6-10 years"
"EMP2165","Technology and Product","Engineering","Senior Professional","Individual Contributor","Hybrid","West",2017-05-20,8.41,"6-10 years"
"EMP2166","Technology and Product","Engineering","Professional","Individual Contributor","Hybrid","Northeast",2014-08-16,11.16,"11 or more years"
"EMP2167","Technology and Product","Engineering","Professional","Individual Contributor","Hybrid","Midwest",2020-02-08,5.68,"3-5 years"
"EMP2168","Technology and Product","Engineering","Senior Professional","Individual Contributor","Hybrid","South",2010-06-12,15.34,"11 or more years"
"EMP2169","Technology and Product","Engineering","Senior Professional","Individual Contributor","Hybrid","Midwest",2014-11-09,10.93,"6-10 years"
"EMP2170","Technology and Product","Engineering","Manager","People Manager","Remote","Northeast",2023-08-05,2.2,"1-2 years"
"EMP2171","Technology and Product","Engineering","Manager","People Manager","Hybrid","West",2021-04-30,4.46,"3-5 years"
"EMP2172","Technology and Product","Engineering","Professional","Individual Contributor","Hybrid","Midwest",2023-04-14,2.51,"1-2 years"
"EMP2173","Technology and Product","Engineering","Entry Level","Individual Contributor","On-site","Midwest",2020-11-25,4.89,"3-5 years"
"EMP2174","Technology and Product","Engineering","Professional","Individual Contributor","Remote","South",2024-04-03,1.53,"1-2 years"
"EMP2175","Technology and Product","Engineering","Professional","Individual Contributor","Hybrid","Midwest",2025-09-06,0.11,"Less than 1 year"
"EMP2176","Technology and Product","Engineering","Senior Professional","Individual Contributor","On-site","West",2020-01-02,5.79,"3-5 years"
"EMP2177","Technology and Product","Engineering","Manager","People Manager","Remote","Midwest",2022-11-30,2.87,"1-2 years"
"EMP2178","Technology and Product","Engineering","Professional","Individual Contributor","Remote","Northeast",2024-11-06,0.94,"Less than 1 year"
"EMP2179","Technology and Product","Engineering","Professional","Individual Contributor","Remote","West",2020-10-23,4.98,"3-5 years"
"EMP2180","Technology and Product","Engineering","Senior Professional","Individual Contributor","Remote","Midwest",2025-05-24,0.39,"Less than 1 year"
"EMP2181","Technology and Product","Engineering","Professional","Individual Contributor","On-site","Northeast",2012-05-10,13.43,"11 or more years"
"EMP2182","Technology and Product","Engineering","Professional","People Manager","Hybrid","South",2019-03-28,6.55,"6-10 years"
"EMP2183","Technology and Product","Engineering","Senior Professional","Individual Contributor","Remote","Northeast",2019-10-20,5.99,"3-5 years"
"EMP2184","Technology and Product","Engineering","Senior Professional","Individual Contributor","On-site","Midwest",2024-03-04,1.62,"1-2 years"
"EMP2185","Technology and Product","Engineering","Senior Professional","Individual Contributor","Hybrid","South",2016-01-30,9.71,"6-10 years"
"EMP2186","Technology and Product","Engineering","Senior Professional","Individual Contributor","Hybrid","Midwest",2021-12-07,3.85,"3-5 years"
"EMP2187","Technology and Product","Engineering","Senior Professional","Individual Contributor","Hybrid","Northeast",2025-04-17,0.5,"Less than 1 year"
"EMP2188","Technology and Product","Engineering","Senior Professional","Individual Contributor","On-site","Northeast",2018-10-10,7.01,"6-10 years"
"EMP2189","Technology and Product","Engineering","Professional","Individual Contributor","Hybrid","South",2019-12-08,5.85,"3-5 years"
"EMP2190","Technology and Product","Engineering","Professional","Individual Contributor","On-site","West",2017-11-15,7.92,"6-10 years"
"EMP2191","Technology and Product","Engineering","Professional","Individual Contributor","Remote","Midwest",2015-08-08,10.19,"6-10 years"
"EMP2192","Technology and Product","Engineering","Senior Professional","People Manager","Hybrid","Northeast",2021-04-26,4.47,"3-5 years"
"EMP2193","Technology and Product","Engineering","Entry Level","Individual Contributor","Remote","Midwest",2018-02-26,7.63,"6-10 years"
"EMP2194","Technology and Product","Engineering","Senior Professional","Individual Contributor","Hybrid","Midwest",2012-06-28,13.3,"11 or more years"
"EMP2195","Technology and Product","Engineering","Professional","Individual Contributor","Hybrid","Northeast",2025-06-01,0.37,"Less than 1 year"
"EMP2196","Technology and Product","Engineering","Professional","Individual Contributor","Hybrid","West",2025-10-09,0.02,"Less than 1 year"
"EMP2197","Technology and Product","Engineering","Manager","People Manager","Hybrid","Northeast",2017-11-12,7.92,"6-10 years"
"EMP2198","Technology and Product","Engineering","Senior Professional","Individual Contributor","Remote","West",2017-06-15,8.33,"6-10 years"
"EMP2199","Technology and Product","Engineering","Professional","Individual Contributor","Remote","South",2022-11-17,2.91,"1-2 years"
"EMP2200","Technology and Product","Engineering","Entry Level","Individual Contributor","Remote","Midwest",2021-10-19,3.99,"3-5 years"
"EMP2201","Technology and Product","Engineering","Entry Level","Individual Contributor","Hybrid","Midwest",2025-06-14,0.34,"Less than 1 year"
"EMP2202","Technology and Product","Engineering","Manager","People Manager","Hybrid","West",2018-01-22,7.73,"6-10 years"
"EMP2203","Technology and Product","Engineering","Senior Professional","Individual Contributor","Hybrid","South",2024-10-30,0.96,"Less than 1 year"
"EMP2204","Technology and Product","Engineering","Senior Professional","Individual Contributor","On-site","South",2021-01-30,4.71,"3-5 years"
"EMP2205","Technology and Product","Engineering","Manager","People Manager","Hybrid","Midwest",2021-11-15,3.92,"3-5 years"
"EMP2206","Technology and Product","Engineering","Professional","Individual Contributor","Hybrid","Midwest",2017-06-14,8.34,"6-10 years"
"EMP2207","Technology and Product","Engineering","Professional","Individual Contributor","Hybrid","West",2021-10-05,4.03,"3-5 years"
"EMP2208","Technology and Product","Engineering","Professional","Individual Contributor","Hybrid","West",2015-01-21,10.73,"6-10 years"
"EMP2209","Technology and Product","Engineering","Professional","Individual Contributor","Hybrid","Midwest",2015-05-03,10.45,"6-10 years"
"EMP2210","Technology and Product","Engineering","Senior Professional","Individual Contributor","Hybrid","South",2021-08-10,4.18,"3-5 years"
"EMP2211","Technology and Product","Engineering","Senior Professional","Individual Contributor","Remote","Midwest",2023-05-19,2.41,"1-2 years"
"EMP2212","Technology and Product","Engineering","Manager","People Manager","Remote","West",2016-05-17,9.41,"6-10 years"
"EMP2213","Technology and Product","Engineering","Professional","Individual Contributor","Hybrid","Midwest",2020-06-05,5.36,"3-5 years"
"EMP2214","Technology and Product","Engineering","Director and Above","People Manager","Hybrid","West",2020-12-14,4.84,"3-5 years"
"EMP2215","Technology and Product","Engineering","Senior Professional","Individual Contributor","Hybrid","Northeast",2024-04-09,1.52,"1-2 years"
"EMP2216","Technology and Product","Engineering","Senior Professional","Individual Contributor","Hybrid","South",2021-09-18,4.07,"3-5 years"
"EMP2217","Technology and Product","Engineering","Manager","People Manager","Remote","South",2021-12-20,3.82,"3-5 years"
"EMP2218","Technology and Product","Engineering","Senior Professional","People Manager","Remote","South",2017-02-28,8.63,"6-10 years"
"EMP2219","Technology and Product","Engineering","Professional","Individual Contributor","Remote","West",2016-05-08,9.44,"6-10 years"
"EMP2220","Technology and Product","Engineering","Senior Professional","Individual Contributor","Hybrid","West",2023-09-09,2.1,"1-2 years"
"EMP2221","Technology and Product","Data and Analytics","Senior Professional","Individual Contributor","Hybrid","West",2019-12-13,5.84,"3-5 years"
"EMP2222","Technology and Product","Data and Analytics","Senior Professional","Individual Contributor","Remote","South",2019-09-17,6.08,"6-10 years"
"EMP2223","Technology and Product","Data and Analytics","Professional","Individual Contributor","Remote","South",2025-09-17,0.08,"Less than 1 year"
"EMP2224","Technology and Product","Data and Analytics","Senior Professional","Individual Contributor","Hybrid","South",2021-12-08,3.85,"3-5 years"
"EMP2225","Technology and Product","Data and Analytics","Professional","Individual Contributor","On-site","Midwest",2013-12-30,11.79,"11 or more years"
"EMP2226","Technology and Product","Data and Analytics","Professional","Individual Contributor","Hybrid","Midwest",2022-05-22,3.4,"3-5 years"
"EMP2227","Technology and Product","Data and Analytics","Professional","Individual Contributor","Hybrid","Midwest",2022-08-15,3.17,"3-5 years"
"EMP2228","Technology and Product","Data and Analytics","Senior Professional","Individual Contributor","Hybrid","Midwest",2024-04-18,1.49,"1-2 years"
"EMP2229","Technology and Product","Data and Analytics","Professional","Individual Contributor","Remote","Northeast",2025-08-31,0.12,"Less than 1 year"
"EMP2230","Technology and Product","Data and Analytics","Professional","Individual Contributor","Hybrid","South",2020-01-21,5.73,"3-5 years"
"EMP2231","Technology and Product","Data and Analytics","Professional","Individual Contributor","Hybrid","South",2025-09-03,0.11,"Less than 1 year"
"EMP2232","Technology and Product","Data and Analytics","Professional","Individual Contributor","Remote","South",2025-02-04,0.69,"Less than 1 year"
"EMP2233","Technology and Product","Data and Analytics","Senior Professional","Individual Contributor","Hybrid","Midwest",2022-12-31,2.79,"1-2 years"
"EMP2234","Technology and Product","Data and Analytics","Professional","Individual Contributor","Remote","Northeast",2016-10-02,9.03,"6-10 years"
"EMP2235","Technology and Product","Data and Analytics","Senior Professional","People Manager","Hybrid","Northeast",2022-11-22,2.9,"1-2 years"
"EMP2236","Technology and Product","Data and Analytics","Senior Professional","Individual Contributor","Hybrid","South",2024-06-11,1.34,"1-2 years"
"EMP2237","Technology and Product","Data and Analytics","Professional","Individual Contributor","Hybrid","Midwest",2010-02-28,15.63,"11 or more years"
"EMP2238","Technology and Product","Data and Analytics","Manager","Individual Contributor","Hybrid","West",2021-01-31,4.7,"3-5 years"
"EMP2239","Technology and Product","Data and Analytics","Senior Professional","People Manager","Hybrid","Midwest",2022-08-29,3.13,"3-5 years"
"EMP2240","Technology and Product","Data and Analytics","Senior Professional","Individual Contributor","Hybrid","Midwest",2013-03-26,12.56,"11 or more years"
"EMP2241","Technology and Product","Data and Analytics","Senior Professional","Individual Contributor","Hybrid","West",2022-02-25,3.64,"3-5 years"
"EMP2242","Technology and Product","Data and Analytics","Senior Professional","Individual Contributor","Hybrid","Midwest",2017-09-17,8.08,"6-10 years"
"EMP2243","Technology and Product","Data and Analytics","Professional","Individual Contributor","Hybrid","South",2021-03-13,4.59,"3-5 years"
"EMP2244","Technology and Product","Data and Analytics","Professional","Individual Contributor","Hybrid","South",2007-01-19,18.74,"11 or more years"
"EMP2245","Technology and Product","Data and Analytics","Professional","Individual Contributor","Hybrid","Midwest",2013-09-02,12.12,"11 or more years"
"EMP2246","Technology and Product","Data and Analytics","Entry Level","Individual Contributor","Hybrid","Northeast",2025-07-25,0.22,"Less than 1 year"
"EMP2247","Technology and Product","Data and Analytics","Manager","People Manager","On-site","South",2023-12-19,1.82,"1-2 years"
"EMP2248","Technology and Product","Data and Analytics","Professional","Individual Contributor","Hybrid","South",2025-01-07,0.77,"Less than 1 year"
"EMP2249","Technology and Product","Data and Analytics","Senior Professional","Individual Contributor","Hybrid","Northeast",2021-03-03,4.62,"3-5 years"
"EMP2250","Technology and Product","Data and Analytics","Manager","People Manager","Hybrid","South",2019-11-26,5.89,"3-5 years"
"EMP2251","Technology and Product","Data and Analytics","Professional","Individual Contributor","Remote","West",2014-10-11,11.01,"11 or more years"
"EMP2252","Technology and Product","Data and Analytics","Professional","Individual Contributor","Hybrid","Midwest",2007-09-04,18.11,"11 or more years"
"EMP2253","Technology and Product","Data and Analytics","Professional","Individual Contributor","Remote","South",2023-09-18,2.08,"1-2 years"
"EMP2254","Technology and Product","Data and Analytics","Senior Professional","Individual Contributor","Remote","West",2025-01-29,0.71,"Less than 1 year"
"EMP2255","Technology and Product","Data and Analytics","Manager","People Manager","Remote","Northeast",2023-08-20,2.15,"1-2 years"
"EMP2256","Technology and Product","Data and Analytics","Manager","People Manager","Remote","Northeast",2020-08-08,5.19,"3-5 years"
"EMP2257","Technology and Product","Data and Analytics","Manager","People Manager","On-site","Northeast",2019-10-14,6,"6-10 years"
"EMP2258","Technology and Product","Data and Analytics","Professional","Individual Contributor","Hybrid","Midwest",2024-03-26,1.56,"1-2 years"
"EMP2259","Technology and Product","Data and Analytics","Senior Professional","Individual Contributor","Remote","Midwest",2019-12-18,5.83,"3-5 years"
"EMP2260","Technology and Product","Data and Analytics","Senior Professional","People Manager","Remote","Northeast",2013-06-30,12.29,"11 or more years"
"EMP2261","Technology and Product","Data and Analytics","Senior Professional","Individual Contributor","Remote","Midwest",2015-12-20,9.82,"6-10 years"
"EMP2262","Technology and Product","Data and Analytics","Professional","Individual Contributor","Hybrid","South",2025-03-09,0.6,"Less than 1 year"
"EMP2263","Technology and Product","Data and Analytics","Professional","Individual Contributor","Remote","South",2023-04-13,2.51,"1-2 years"
"EMP2264","Technology and Product","Data and Analytics","Senior Professional","Individual Contributor","On-site","West",2022-05-10,3.43,"3-5 years"
"EMP2265","Technology and Product","Data and Analytics","Manager","Individual Contributor","Hybrid","South",2019-04-06,6.53,"6-10 years"
"EMP2266","Technology and Product","Data and Analytics","Professional","People Manager","Remote","South",2021-09-07,4.1,"3-5 years"
"EMP2267","Technology and Product","Data and Analytics","Senior Professional","Individual Contributor","Remote","South",2021-02-24,4.64,"3-5 years"
"EMP2268","Technology and Product","Data and Analytics","Professional","Individual Contributor","Remote","South",2025-07-03,0.28,"Less than 1 year"
"EMP2269","Technology and Product","Data and Analytics","Manager","People Manager","Remote","South",2019-10-26,5.97,"3-5 years"
"EMP2270","Technology and Product","Data and Analytics","Professional","Individual Contributor","Remote","Northeast",2020-08-27,5.13,"3-5 years"
"EMP2271","Technology and Product","Data and Analytics","Senior Professional","Individual Contributor","Hybrid","Northeast",2022-09-14,3.09,"3-5 years"
"EMP2272","Technology and Product","Data and Analytics","Professional","Individual Contributor","Hybrid","West",2023-06-21,2.32,"1-2 years"
"EMP2273","Technology and Product","Data and Analytics","Professional","Individual Contributor","Hybrid","Northeast",2021-07-17,4.25,"3-5 years"
"EMP2274","Technology and Product","Data and Analytics","Professional","Individual Contributor","Hybrid","Northeast",2022-09-01,3.12,"3-5 years"
"EMP2275","Technology and Product","Data and Analytics","Senior Professional","Individual Contributor","On-site","Northeast",2009-03-06,16.61,"11 or more years"
"EMP2276","Technology and Product","Data and Analytics","Senior Professional","Individual Contributor","Remote","South",2012-10-24,12.97,"11 or more years"
"EMP2277","Technology and Product","Data and Analytics","Professional","Individual Contributor","Hybrid","Northeast",2012-07-13,13.26,"11 or more years"
"EMP2278","Technology and Product","Data and Analytics","Professional","Individual Contributor","Hybrid","South",2023-12-08,1.85,"1-2 years"
"EMP2279","Technology and Product","Data and Analytics","Senior Professional","Individual Contributor","On-site","West",2023-04-16,2.5,"1-2 years"
"EMP2280","Technology and Product","Data and Analytics","Senior Professional","People Manager","On-site","West",2021-10-18,3.99,"3-5 years"
"EMP2281","Technology and Product","Data and Analytics","Entry Level","Individual Contributor","Remote","Midwest",2024-08-10,1.18,"1-2 years"
"EMP2282","Technology and Product","Data and Analytics","Professional","Individual Contributor","Hybrid","Northeast",2025-06-26,0.3,"Less than 1 year"
"EMP2283","Technology and Product","Data and Analytics","Professional","People Manager","On-site","South",2023-02-05,2.69,"1-2 years"
"EMP2284","Technology and Product","Data and Analytics","Professional","Individual Contributor","Hybrid","Northeast",2023-07-08,2.27,"1-2 years"
"EMP2285","Technology and Product","Data and Analytics","Professional","Individual Contributor","Remote","South",2023-01-19,2.74,"1-2 years"
"EMP2286","Technology and Product","Data and Analytics","Manager","People Manager","Hybrid","West",2020-06-14,5.34,"3-5 years"
"EMP2287","Technology and Product","Data and Analytics","Professional","Individual Contributor","Hybrid","West",2024-07-22,1.23,"1-2 years"
"EMP2288","Technology and Product","Data and Analytics","Entry Level","Individual Contributor","Hybrid","Northeast",2020-09-09,5.1,"3-5 years"
"EMP2289","Technology and Product","Data and Analytics","Senior Professional","Individual Contributor","On-site","South",2015-05-26,10.39,"6-10 years"
"EMP2290","Technology and Product","Data and Analytics","Senior Professional","Individual Contributor","Hybrid","West",2024-01-10,1.76,"1-2 years"
"EMP2291","Technology and Product","Data and Analytics","Professional","Individual Contributor","Remote","Midwest",2022-10-02,3.04,"3-5 years"
"EMP2292","Technology and Product","Data and Analytics","Professional","Individual Contributor","On-site","Northeast",2005-12-20,19.82,"11 or more years"
"EMP2293","Technology and Product","Data and Analytics","Professional","Individual Contributor","Hybrid","South",2020-12-02,4.87,"3-5 years"
"EMP2294","Technology and Product","Data and Analytics","Director and Above","People Manager","Hybrid","Midwest",2023-06-19,2.32,"1-2 years"
"EMP2295","Technology and Product","Data and Analytics","Senior Professional","Individual Contributor","Remote","South",2025-09-20,0.07,"Less than 1 year"
"EMP2296","Technology and Product","Data and Analytics","Professional","Individual Contributor","Hybrid","South",2021-01-12,4.76,"3-5 years"
"EMP2297","Technology and Product","Data and Analytics","Professional","Individual Contributor","Hybrid","Northeast",2020-08-16,5.16,"3-5 years"
"EMP2298","Technology and Product","Data and Analytics","Professional","Individual Contributor","Hybrid","South",2024-11-05,0.94,"Less than 1 year"
"EMP2299","Technology and Product","Data and Analytics","Professional","Individual Contributor","Remote","West",2015-10-07,10.02,"6-10 years"
"EMP2300","Technology and Product","Data and Analytics","Professional","Individual Contributor","Hybrid","Midwest",2025-03-28,0.55,"Less than 1 year"
"EMP2301","Technology and Product","Data and Analytics","Senior Professional","Individual Contributor","Remote","South",2024-10-02,1.03,"1-2 years"
"EMP2302","Technology and Product","Data and Analytics","Entry Level","Individual Contributor","Hybrid","West",2025-06-19,0.32,"Less than 1 year"
"EMP2303","Technology and Product","Data and Analytics","Senior Professional","Individual Contributor","Hybrid","Midwest",2022-04-20,3.49,"3-5 years"
"EMP2304","Technology and Product","Data and Analytics","Professional","Individual Contributor","On-site","Midwest",2018-10-17,7,"6-10 years"
"EMP2305","Technology and Product","Data and Analytics","Entry Level","Individual Contributor","Remote","Midwest",2015-07-30,10.21,"6-10 years"
"EMP2306","Technology and Product","Data and Analytics","Director and Above","People Manager","Hybrid","Midwest",2019-12-27,5.8,"3-5 years"
"EMP2307","Technology and Product","Data and Analytics","Professional","Individual Contributor","Hybrid","Northeast",2019-07-29,6.21,"6-10 years"
"EMP2308","Technology and Product","Data and Analytics","Professional","Individual Contributor","Remote","West",2015-12-04,9.86,"6-10 years"
"EMP2309","Technology and Product","Data and Analytics","Director and Above","People Manager","Hybrid","Northeast",2010-03-22,15.57,"11 or more years"
"EMP2310","Technology and Product","Data and Analytics","Professional","Individual Contributor","On-site","Midwest",2023-11-03,1.95,"1-2 years"
"EMP2311","Technology and Product","Data and Analytics","Professional","Individual Contributor","Hybrid","South",2024-07-13,1.26,"1-2 years"
"EMP2312","Technology and Product","Data and Analytics","Professional","Individual Contributor","Hybrid","West",2021-06-29,4.3,"3-5 years"
"EMP2313","Technology and Product","Data and Analytics","Entry Level","Individual Contributor","Hybrid","South",2023-08-06,2.19,"1-2 years"
"EMP2314","Technology and Product","Data and Analytics","Professional","Individual Contributor","Remote","South",2019-03-05,6.61,"6-10 years"
"EMP2315","Technology and Product","Data and Analytics","Professional","Individual Contributor","Remote","Northeast",2016-11-17,8.91,"6-10 years"
"EMP2316","Technology and Product","Data and Analytics","Professional","Individual Contributor","Hybrid","Northeast",2025-03-13,0.59,"Less than 1 year"
"EMP2317","Technology and Product","Data and Analytics","Professional","Individual Contributor","Hybrid","South",2022-09-17,3.08,"3-5 years"
"EMP2318","Technology and Product","Data and Analytics","Manager","People Manager","Hybrid","Midwest",2016-08-17,9.16,"6-10 years"
"EMP2319","Technology and Product","Data and Analytics","Professional","Individual Contributor","Hybrid","Northeast",2020-06-03,5.37,"3-5 years"
"EMP2320","Technology and Product","Data and Analytics","Senior Professional","People Manager","Hybrid","West",2016-07-03,9.28,"6-10 years"
"EMP2321","Technology and Product","Data and Analytics","Manager","People Manager","On-site","South",2018-05-16,7.42,"6-10 years"
"EMP2322","Technology and Product","Data and Analytics","Professional","Individual Contributor","Remote","Midwest",2024-01-28,1.71,"1-2 years"
"EMP2323","Technology and Product","Data and Analytics","Professional","Individual Contributor","Hybrid","Northeast",2024-07-04,1.28,"1-2 years"
"EMP2324","Technology and Product","Data and Analytics","Director and Above","People Manager","On-site","South",2018-07-23,7.23,"6-10 years"
"EMP2325","Technology and Product","Data and Analytics","Professional","Individual Contributor","Hybrid","South",2024-06-16,1.33,"1-2 years"
"EMP2326","Technology and Product","Data and Analytics","Professional","Individual Contributor","Hybrid","Midwest",2022-08-06,3.19,"3-5 years"
"EMP2327","Technology and Product","Data and Analytics","Professional","Individual Contributor","Remote","Midwest",2023-11-04,1.95,"1-2 years"
"EMP2328","Technology and Product","Data and Analytics","Senior Professional","Individual Contributor","On-site","Northeast",2020-02-10,5.68,"3-5 years"
"EMP2329","Technology and Product","Data and Analytics","Senior Professional","Individual Contributor","Hybrid","Northeast",2020-07-11,5.26,"3-5 years"
"EMP2330","Technology and Product","Data and Analytics","Professional","Individual Contributor","On-site","Northeast",2017-09-29,8.04,"6-10 years"
"EMP2331","Technology and Product","Data and Analytics","Professional","Individual Contributor","Remote","Midwest",2021-07-06,4.28,"3-5 years"
"EMP2332","Technology and Product","Data and Analytics","Professional","Individual Contributor","Hybrid","Midwest",2019-12-14,5.84,"3-5 years"
"EMP2333","Technology and Product","Data and Analytics","Professional","Individual Contributor","Hybrid","South",2019-01-31,6.7,"6-10 years"
"EMP2334","Technology and Product","Data and Analytics","Professional","Individual Contributor","Hybrid","Midwest",2015-09-21,10.07,"6-10 years"
"EMP2335","Technology and Product","Data and Analytics","Professional","Individual Contributor","On-site","West",2025-03-12,0.59,"Less than 1 year"
"EMP2336","Technology and Product","Data and Analytics","Senior Professional","Individual Contributor","Remote","South",2020-09-04,5.11,"3-5 years"
"EMP2337","Technology and Product","Data and Analytics","Professional","Individual Contributor","Hybrid","South",2021-10-12,4.01,"3-5 years"
"EMP2338","Technology and Product","Data and Analytics","Senior Professional","Individual Contributor","Hybrid","Northeast",2008-08-04,17.2,"11 or more years"
"EMP2339","Technology and Product","Data and Analytics","Professional","Individual Contributor","Hybrid","Northeast",2006-09-29,19.04,"11 or more years"
"EMP2340","Technology and Product","Data and Analytics","Senior Professional","Individual Contributor","Hybrid","Midwest",2010-10-09,15.02,"11 or more years"
"EMP2341","Technology and Product","Data and Analytics","Professional","Individual Contributor","Hybrid","West",2018-03-04,7.62,"6-10 years"
"EMP2342","Technology and Product","Data and Analytics","Professional","Individual Contributor","On-site","South",2021-10-19,3.99,"3-5 years"
"EMP2343","Technology and Product","Data and Analytics","Senior Professional","People Manager","Remote","South",2005-12-18,19.82,"11 or more years"
"EMP2344","Technology and Product","Data and Analytics","Manager","People Manager","Hybrid","Northeast",2011-11-29,13.88,"11 or more years"
"EMP2345","Technology and Product","Data and Analytics","Professional","Individual Contributor","Hybrid","Midwest",2021-12-14,3.84,"3-5 years"
"EMP2346","Technology and Product","Data and Analytics","Senior Professional","Individual Contributor","Remote","Northeast",2022-10-01,3.04,"3-5 years"
"EMP2347","Technology and Product","Data and Analytics","Manager","People Manager","Hybrid","Northeast",2016-03-10,9.6,"6-10 years"
"EMP2348","Technology and Product","Data and Analytics","Senior Professional","Individual Contributor","Remote","Midwest",2024-04-15,1.5,"1-2 years"
"EMP2349","Technology and Product","Data and Analytics","Professional","Individual Contributor","Hybrid","Midwest",2024-01-17,1.74,"1-2 years"
"EMP2350","Technology and Product","Data and Analytics","Manager","People Manager","Hybrid","Northeast",2023-07-09,2.27,"1-2 years"
"EMP2351","Technology and Product","Data and Analytics","Professional","Individual Contributor","Hybrid","Northeast",2025-02-25,0.64,"Less than 1 year"
"EMP2352","Technology and Product","Data and Analytics","Professional","Individual Contributor","On-site","South",2025-07-30,0.21,"Less than 1 year"
"EMP2353","Technology and Product","Data and Analytics","Senior Professional","Individual Contributor","Hybrid","Northeast",2022-10-02,3.04,"3-5 years"
"EMP2354","Technology and Product","Data and Analytics","Professional","Individual Contributor","On-site","West",2015-05-27,10.39,"6-10 years"
"EMP2355","Technology and Product","Data and Analytics","Senior Professional","Individual Contributor","Remote","West",2023-12-24,1.81,"1-2 years"
"EMP2356","Technology and Product","Data and Analytics","Senior Professional","Individual Contributor","Remote","Northeast",2021-10-29,3.96,"3-5 years"
"EMP2357","Technology and Product","Data and Analytics","Professional","Individual Contributor","Remote","South",2020-11-15,4.91,"3-5 years"
"EMP2358","Technology and Product","Data and Analytics","Entry Level","Individual Contributor","Remote","West",2021-01-06,4.77,"3-5 years"
"EMP2359","Technology and Product","Data and Analytics","Manager","People Manager","Hybrid","Midwest",2019-12-27,5.8,"3-5 years"
"EMP2360","Technology and Product","Data and Analytics","Senior Professional","Individual Contributor","Hybrid","Midwest",2024-08-13,1.17,"1-2 years"
"EMP2361","Technology and Product","Data and Analytics","Entry Level","Individual Contributor","Hybrid","West",2023-03-29,2.55,"1-2 years"
"EMP2362","Technology and Product","Data and Analytics","Manager","People Manager","Hybrid","South",2017-06-03,8.37,"6-10 years"
"EMP2363","Technology and Product","Data and Analytics","Entry Level","Individual Contributor","Hybrid","South",2021-12-23,3.81,"3-5 years"
"EMP2364","Technology and Product","Data and Analytics","Entry Level","Individual Contributor","Remote","Midwest",2025-09-19,0.07,"Less than 1 year"
"EMP2365","Technology and Product","Data and Analytics","Senior Professional","Individual Contributor","Remote","Northeast",2024-01-10,1.76,"1-2 years"
"EMP2366","Technology and Product","Data and Analytics","Senior Professional","Individual Contributor","Remote","South",2020-12-27,4.8,"3-5 years"
"EMP2367","Technology and Product","Data and Analytics","Professional","Individual Contributor","Remote","Midwest",2023-05-29,2.38,"1-2 years"
"EMP2368","Technology and Product","Data and Analytics","Senior Professional","Individual Contributor","Hybrid","Midwest",2019-08-05,6.2,"6-10 years"
"EMP2369","Technology and Product","Data and Analytics","Professional","Individual Contributor","Remote","Northeast",2016-03-14,9.59,"6-10 years"
"EMP2370","Technology and Product","Data and Analytics","Professional","Individual Contributor","Hybrid","South",2015-03-18,10.58,"6-10 years"
"EMP2371","Technology and Product","Data and Analytics","Director and Above","People Manager","Hybrid","West",2024-12-22,0.81,"Less than 1 year"
"EMP2372","Technology and Product","Data and Analytics","Professional","Individual Contributor","Remote","West",2024-02-07,1.69,"1-2 years"
"EMP2373","Technology and Product","Data and Analytics","Director and Above","People Manager","Hybrid","Northeast",2022-07-09,3.27,"3-5 years"
"EMP2374","Technology and Product","Data and Analytics","Professional","Individual Contributor","Hybrid","South",2023-04-23,2.48,"1-2 years"
"EMP2375","Technology and Product","Data and Analytics","Senior Professional","Individual Contributor","Hybrid","Northeast",2024-05-22,1.4,"1-2 years"
"EMP2376","Technology and Product","Data and Analytics","Senior Professional","Individual Contributor","Hybrid","Northeast",2020-06-10,5.35,"3-5 years"
"EMP2377","Technology and Product","Data and Analytics","Manager","People Manager","Hybrid","Midwest",2006-08-24,19.14,"11 or more years"
"EMP2378","Technology and Product","Data and Analytics","Professional","Individual Contributor","Hybrid","Midwest",2023-03-24,2.56,"1-2 years"
"EMP2379","Technology and Product","Data and Analytics","Professional","Individual Contributor","Remote","Midwest",2021-06-06,4.36,"3-5 years"
"EMP2380","Technology and Product","Data and Analytics","Senior Professional","Individual Contributor","Remote","West",2012-01-22,13.73,"11 or more years"
"EMP2381","Technology and Product","Data and Analytics","Senior Professional","Individual Contributor","On-site","South",2023-04-11,2.51,"1-2 years"
"EMP2382","Technology and Product","Data and Analytics","Professional","Individual Contributor","Hybrid","Midwest",2019-10-25,5.97,"3-5 years"
"EMP2383","Technology and Product","Data and Analytics","Senior Professional","Individual Contributor","On-site","West",2008-08-07,17.19,"11 or more years"
"EMP2384","Technology and Product","Data and Analytics","Senior Professional","Individual Contributor","Remote","West",2023-05-12,2.43,"1-2 years"
"EMP2385","Technology and Product","Data and Analytics","Professional","Individual Contributor","Hybrid","South",2014-01-11,11.76,"11 or more years"
"EMP2386","Technology and Product","Data and Analytics","Senior Professional","Individual Contributor","Hybrid","Northeast",2021-08-04,4.2,"3-5 years"
"EMP2387","Technology and Product","Data and Analytics","Manager","People Manager","Remote","Midwest",2016-08-01,9.2,"6-10 years"
"EMP2388","Technology and Product","Data and Analytics","Professional","Individual Contributor","Hybrid","South",2025-10-05,0.03,"Less than 1 year"
"EMP2389","Technology and Product","Data and Analytics","Manager","People Manager","Hybrid","Midwest",2020-11-09,4.93,"3-5 years"
"EMP2390","Technology and Product","Data and Analytics","Professional","Individual Contributor","Hybrid","Midwest",2019-03-10,6.6,"6-10 years"
"EMP2391","Technology and Product","Data and Analytics","Senior Professional","People Manager","Hybrid","Northeast",2017-11-17,7.91,"6-10 years"
"EMP2392","Technology and Product","Data and Analytics","Professional","Individual Contributor","Hybrid","Midwest",2021-08-20,4.15,"3-5 years"
"EMP2393","Technology and Product","Data and Analytics","Director and Above","People Manager","Hybrid","Midwest",2022-02-17,3.66,"3-5 years"
"EMP2394","Technology and Product","Data and Analytics","Manager","People Manager","On-site","Midwest",2023-02-24,2.64,"1-2 years"
"EMP2395","Technology and Product","Data and Analytics","Manager","Individual Contributor","Hybrid","Northeast",2008-09-18,17.07,"11 or more years"
"EMP2396","Technology and Product","Data and Analytics","Senior Professional","People Manager","Remote","Midwest",2014-09-18,11.07,"11 or more years"
"EMP2397","Technology and Product","Data and Analytics","Director and Above","People Manager","Hybrid","Northeast",2020-11-30,4.87,"3-5 years"
"EMP2398","Technology and Product","Data and Analytics","Senior Professional","Individual Contributor","Hybrid","Northeast",2023-06-20,2.32,"1-2 years"
"EMP2399","Technology and Product","Data and Analytics","Professional","Individual Contributor","Remote","Northeast",2015-02-27,10.63,"6-10 years"
"EMP2400","Technology and Product","Data and Analytics","Professional","Individual Contributor","Hybrid","South",2009-12-14,15.84,"11 or more years"
"EMP2401","Technology and Product","Data and Analytics","Professional","Individual Contributor","Hybrid","West",2019-08-28,6.13,"6-10 years"
"EMP2402","Technology and Product","Data and Analytics","Senior Professional","Individual Contributor","Hybrid","Midwest",2016-01-15,9.75,"6-10 years"
"EMP2403","Technology and Product","Data and Analytics","Senior Professional","Individual Contributor","On-site","Midwest",2020-10-27,4.97,"3-5 years"
"EMP2404","Technology and Product","Data and Analytics","Entry Level","Individual Contributor","On-site","Midwest",2013-11-21,11.9,"11 or more years"
"EMP2405","Technology and Product","Data and Analytics","Professional","Individual Contributor","Remote","Midwest",2025-05-30,0.38,"Less than 1 year"
"EMP2406","Technology and Product","Data and Analytics","Senior Professional","Individual Contributor","On-site","Northeast",2023-12-14,1.84,"1-2 years"
"EMP2407","Technology and Product","Data and Analytics","Professional","Individual Contributor","Hybrid","West",2022-02-13,3.67,"3-5 years"
"EMP2408","Technology and Product","Data and Analytics","Professional","Individual Contributor","Remote","Northeast",2015-01-07,10.77,"6-10 years"
"EMP2409","Technology and Product","Data and Analytics","Professional","Individual Contributor","Hybrid","Midwest",2019-01-24,6.72,"6-10 years"
"EMP2410","Technology and Product","Data and Analytics","Entry Level","Individual Contributor","Hybrid","Midwest",2024-02-10,1.68,"1-2 years"
"EMP2411","Technology and Product","Data and Analytics","Professional","Individual Contributor","Remote","Northeast",2024-10-18,0.99,"Less than 1 year"
"EMP2412","Technology and Product","Data and Analytics","Senior Professional","Individual Contributor","On-site","South",2019-03-09,6.6,"6-10 years"
"EMP2413","Technology and Product","Data and Analytics","Senior Professional","Individual Contributor","Remote","Midwest",2022-01-18,3.74,"3-5 years"
"EMP2414","Technology and Product","Data and Analytics","Senior Professional","Individual Contributor","Remote","Northeast",2020-07-16,5.25,"3-5 years"
"EMP2415","Technology and Product","Data and Analytics","Professional","Individual Contributor","Remote","Northeast",2025-10-14,0,"Less than 1 year"
"EMP2416","Technology and Product","Data and Analytics","Professional","Individual Contributor","Hybrid","Northeast",2020-05-29,5.38,"3-5 years"
"EMP2417","Technology and Product","Data and Analytics","Professional","Individual Contributor","Remote","Northeast",2023-06-08,2.35,"1-2 years"
"EMP2418","Technology and Product","Data and Analytics","Professional","Individual Contributor","On-site","Northeast",2024-07-04,1.28,"1-2 years"
"EMP2419","Technology and Product","Data and Analytics","Senior Professional","Individual Contributor","Hybrid","West",2017-10-20,7.99,"6-10 years"
"EMP2420","Technology and Product","Data and Analytics","Professional","Individual Contributor","Hybrid","Northeast",2024-08-09,1.18,"1-2 years"
"EMP2421","Technology and Product","Data and Analytics","Senior Professional","Individual Contributor","Remote","South",2016-10-30,8.96,"6-10 years"
"EMP2422","Technology and Product","Data and Analytics","Entry Level","Individual Contributor","Hybrid","Northeast",2025-06-17,0.33,"Less than 1 year"
"EMP2423","Technology and Product","Data and Analytics","Manager","People Manager","Remote","South",2023-06-13,2.34,"1-2 years"
"EMP2424","Technology and Product","Data and Analytics","Professional","Individual Contributor","Remote","South",2022-11-10,2.93,"1-2 years"
"EMP2425","Technology and Product","Data and Analytics","Professional","Individual Contributor","Hybrid","South",2017-03-26,8.56,"6-10 years"
"EMP2426","Technology and Product","Data and Analytics","Manager","People Manager","Hybrid","South",2023-03-09,2.6,"1-2 years"
"EMP2427","Technology and Product","Data and Analytics","Senior Professional","Individual Contributor","Remote","South",2019-10-30,5.96,"3-5 years"
"EMP2428","Technology and Product","Data and Analytics","Entry Level","Individual Contributor","Hybrid","Northeast",2025-01-13,0.75,"Less than 1 year"
"EMP2429","Technology and Product","Data and Analytics","Senior Professional","Individual Contributor","Remote","South",2024-05-13,1.42,"1-2 years"
"EMP2430","Technology and Product","Data and Analytics","Professional","Individual Contributor","Hybrid","South",2024-12-25,0.8,"Less than 1 year"
"EMP2431","Technology and Product","Data and Analytics","Professional","Individual Contributor","Hybrid","West",2025-04-07,0.52,"Less than 1 year"
"EMP2432","Technology and Product","Data and Analytics","Senior Professional","Individual Contributor","On-site","Midwest",2023-02-26,2.63,"1-2 years"
"EMP2433","Technology and Product","Data and Analytics","Senior Professional","Individual Contributor","Remote","West",2022-06-22,3.32,"3-5 years"
"EMP2434","Technology and Product","Data and Analytics","Manager","People Manager","Remote","Northeast",2019-09-25,6.06,"6-10 years"
"EMP2435","Technology and Product","Data and Analytics","Professional","Individual Contributor","Remote","Midwest",2021-01-04,4.78,"3-5 years"
"EMP2436","Technology and Product","Data and Analytics","Senior Professional","People Manager","Hybrid","Northeast",2022-11-18,2.91,"1-2 years"
"EMP2437","Technology and Product","Data and Analytics","Professional","Individual Contributor","Hybrid","Northeast",2019-12-20,5.82,"3-5 years"
"EMP2438","Technology and Product","Data and Analytics","Senior Professional","Individual Contributor","Hybrid","South",2019-01-05,6.78,"6-10 years"
"EMP2439","Technology and Product","Data and Analytics","Senior Professional","Individual Contributor","Hybrid","Midwest",2020-10-11,5.01,"3-5 years"
"EMP2440","Technology and Product","Data and Analytics","Professional","Individual Contributor","Remote","Northeast",2025-02-09,0.68,"Less than 1 year"
"EMP2441","Technology and Product","Data and Analytics","Director and Above","People Manager","Remote","West",2015-05-18,10.41,"6-10 years"
"EMP2442","Technology and Product","Data and Analytics","Professional","Individual Contributor","Hybrid","Northeast",2021-01-01,4.79,"3-5 years"
"EMP2443","Technology and Product","Data and Analytics","Senior Professional","Individual Contributor","Hybrid","Midwest",2022-09-27,3.05,"3-5 years"
"EMP2444","Technology and Product","Data and Analytics","Senior Professional","Individual Contributor","Remote","Midwest",2021-08-09,4.18,"3-5 years"
"EMP2445","Technology and Product","Data and Analytics","Professional","Individual Contributor","Remote","South",2020-10-19,4.99,"3-5 years"
"EMP2446","Technology and Product","Data and Analytics","Senior Professional","Individual Contributor","Hybrid","West",2024-11-12,0.92,"Less than 1 year"
"EMP2447","Technology and Product","Data and Analytics","Senior Professional","Individual Contributor","Hybrid","West",2021-12-31,3.79,"3-5 years"
"EMP2448","Technology and Product","Data and Analytics","Senior Professional","Individual Contributor","Remote","Northeast",2020-01-20,5.74,"3-5 years"
"EMP2449","Technology and Product","Data and Analytics","Professional","Individual Contributor","Hybrid","South",2024-10-11,1.01,"1-2 years"
"EMP2450","Technology and Product","Data and Analytics","Senior Professional","Individual Contributor","Remote","South",2019-04-17,6.5,"6-10 years"
"EMP2451","Technology and Product","Data and Analytics","Professional","Individual Contributor","Remote","West",2024-11-30,0.87,"Less than 1 year"
"EMP2452","Technology and Product","Data and Analytics","Professional","Individual Contributor","Remote","South",2024-02-28,1.63,"1-2 years"
"EMP2453","Technology and Product","Data and Analytics","Professional","Individual Contributor","Hybrid","Midwest",2021-09-23,4.06,"3-5 years"
"EMP2454","Technology and Product","Data and Analytics","Professional","Individual Contributor","Hybrid","Midwest",2024-12-24,0.81,"Less than 1 year"
"EMP2455","Technology and Product","Data and Analytics","Professional","Individual Contributor","Hybrid","South",2024-12-21,0.82,"Less than 1 year"
"EMP2456","Technology and Product","Data and Analytics","Senior Professional","Individual Contributor","Hybrid","South",2009-01-06,16.77,"11 or more years"
"EMP2457","Technology and Product","Data and Analytics","Senior Professional","Individual Contributor","Hybrid","South",2019-01-21,6.73,"6-10 years"
"EMP2458","Technology and Product","Data and Analytics","Professional","People Manager","On-site","South",2021-11-28,3.88,"3-5 years"
"EMP2459","Technology and Product","Data and Analytics","Professional","Individual Contributor","Remote","West",2015-09-16,10.08,"6-10 years"
"EMP2460","Technology and Product","Data and Analytics","Entry Level","Individual Contributor","Hybrid","Northeast",2023-10-23,1.98,"1-2 years"
"EMP2461","Technology and Product","Data and Analytics","Senior Professional","Individual Contributor","Remote","Midwest",2020-09-07,5.1,"3-5 years"
"EMP2462","Technology and Product","Data and Analytics","Senior Professional","Individual Contributor","Hybrid","South",2017-12-02,7.87,"6-10 years"
"EMP2463","Technology and Product","Data and Analytics","Senior Professional","Individual Contributor","Hybrid","Midwest",2013-08-04,12.2,"11 or more years"
"EMP2464","Technology and Product","Data and Analytics","Entry Level","Individual Contributor","On-site","Northeast",2019-12-07,5.86,"3-5 years"
"EMP2465","Technology and Product","Data and Analytics","Professional","Individual Contributor","Hybrid","West",2023-01-27,2.72,"1-2 years"
"EMP2466","Technology and Product","Data and Analytics","Director and Above","People Manager","Remote","Midwest",2024-08-29,1.13,"1-2 years"
"EMP2467","Technology and Product","Data and Analytics","Senior Professional","Individual Contributor","On-site","West",2020-09-16,5.08,"3-5 years"
"EMP2468","Technology and Product","Data and Analytics","Professional","Individual Contributor","Hybrid","South",2021-04-19,4.49,"3-5 years"
"EMP2469","Technology and Product","Data and Analytics","Professional","Individual Contributor","Hybrid","Northeast",2023-10-04,2.03,"1-2 years"
"EMP2470","Technology and Product","Data and Analytics","Professional","Individual Contributor","Remote","Northeast",2020-02-26,5.63,"3-5 years"
"EMP2471","Technology and Product","Data and Analytics","Senior Professional","Individual Contributor","Hybrid","Northeast",2021-11-05,3.94,"3-5 years"
"EMP2472","Technology and Product","Data and Analytics","Senior Professional","Individual Contributor","Remote","Midwest",2022-07-07,3.27,"3-5 years"
"EMP2473","Technology and Product","Data and Analytics","Entry Level","Individual Contributor","Remote","Northeast",2023-08-02,2.2,"1-2 years"
"EMP2474","Technology and Product","Data and Analytics","Entry Level","Individual Contributor","Remote","Northeast",2019-03-14,6.59,"6-10 years"
"EMP2475","Technology and Product","Data and Analytics","Professional","Individual Contributor","Hybrid","West",2024-03-06,1.61,"1-2 years"
"EMP2476","Technology and Product","Data and Analytics","Professional","Individual Contributor","Hybrid","South",2023-05-12,2.43,"1-2 years"
"EMP2477","Technology and Product","Data and Analytics","Entry Level","Individual Contributor","Hybrid","Midwest",2025-07-28,0.22,"Less than 1 year"
"EMP2478","Technology and Product","Data and Analytics","Manager","People Manager","Remote","Midwest",2022-03-20,3.57,"3-5 years"
"EMP2479","Technology and Product","Data and Analytics","Professional","Individual Contributor","Hybrid","West",2025-01-03,0.78,"Less than 1 year"
"EMP2480","Technology and Product","Data and Analytics","Professional","Individual Contributor","Remote","South",2023-07-19,2.24,"1-2 years"
"EMP2481","Technology and Product","Data and Analytics","Manager","People Manager","Hybrid","Northeast",2022-07-26,3.22,"3-5 years"
"EMP2482","Technology and Product","Data and Analytics","Professional","Individual Contributor","Hybrid","Midwest",2023-01-08,2.77,"1-2 years"
"EMP2483","Technology and Product","Data and Analytics","Professional","Individual Contributor","Hybrid","West",2025-01-28,0.71,"Less than 1 year"
"EMP2484","Technology and Product","Data and Analytics","Senior Professional","Individual Contributor","Remote","West",2022-08-30,3.13,"3-5 years"
"EMP2485","Technology and Product","Data and Analytics","Senior Professional","Individual Contributor","Remote","West",2010-02-20,15.65,"11 or more years"
"EMP2486","Technology and Product","Data and Analytics","Director and Above","People Manager","Hybrid","Midwest",2021-01-15,4.75,"3-5 years"
"EMP2487","Technology and Product","Data and Analytics","Professional","Individual Contributor","Hybrid","Midwest",2020-09-03,5.11,"3-5 years"
"EMP2488","Technology and Product","Data and Analytics","Senior Professional","Individual Contributor","Remote","Midwest",2015-04-17,10.5,"6-10 years"
"EMP2489","Technology and Product","Data and Analytics","Director and Above","People Manager","Remote","Midwest",2021-02-28,4.63,"3-5 years"
"EMP2490","Technology and Product","Data and Analytics","Professional","Individual Contributor","On-site","Midwest",2018-01-20,7.73,"6-10 years"
"EMP2491","Technology and Product","Product","Manager","People Manager","On-site","Northeast",2015-05-10,10.43,"6-10 years"
"EMP2492","Technology and Product","Product","Professional","Individual Contributor","Remote","Northeast",2021-07-02,4.29,"3-5 years"
"EMP2493","Technology and Product","Product","Senior Professional","Individual Contributor","On-site","Midwest",2014-10-19,10.99,"6-10 years"
"EMP2494","Technology and Product","Product","Manager","People Manager","Remote","South",2007-07-19,18.24,"11 or more years"
"EMP2495","Technology and Product","Product","Entry Level","Individual Contributor","Hybrid","Northeast",2016-02-23,9.64,"6-10 years"
"EMP2496","Technology and Product","Product","Senior Professional","Individual Contributor","Remote","Midwest",2025-06-23,0.31,"Less than 1 year"
"EMP2497","Technology and Product","Product","Senior Professional","Individual Contributor","Hybrid","Midwest",2012-07-20,13.24,"11 or more years"
"EMP2498","Technology and Product","Product","Professional","Individual Contributor","Hybrid","South",2022-07-14,3.26,"3-5 years"
"EMP2499","Technology and Product","Product","Manager","People Manager","Hybrid","Midwest",2018-08-29,7.13,"6-10 years"
"EMP2500","Technology and Product","Product","Senior Professional","Individual Contributor","Hybrid","Northeast",2020-07-22,5.23,"3-5 years"
"EMP2501","Technology and Product","Product","Senior Professional","Individual Contributor","Remote","West",2025-07-21,0.24,"Less than 1 year"
"EMP2502","Technology and Product","Product","Professional","Individual Contributor","Remote","Northeast",2017-07-22,8.23,"6-10 years"
"EMP2503","Technology and Product","Product","Director and Above","People Manager","On-site","South",2015-09-27,10.05,"6-10 years"
"EMP2504","Technology and Product","Product","Entry Level","Individual Contributor","On-site","Northeast",2023-09-22,2.06,"1-2 years"
"EMP2505","Technology and Product","Product","Senior Professional","Individual Contributor","On-site","South",2016-10-15,9,"6-10 years"
"EMP2506","Technology and Product","Product","Senior Professional","Individual Contributor","Remote","West",2023-11-07,1.94,"1-2 years"
"EMP2507","Technology and Product","Product","Manager","People Manager","Hybrid","West",2019-03-09,6.6,"6-10 years"
"EMP2508","Technology and Product","Product","Professional","Individual Contributor","Remote","South",2025-08-26,0.14,"Less than 1 year"
"EMP2509","Technology and Product","Product","Senior Professional","Individual Contributor","On-site","West",2012-09-17,13.08,"11 or more years"
"EMP2510","Technology and Product","Product","Professional","Individual Contributor","On-site","Midwest",2023-08-25,2.14,"1-2 years"
"EMP2511","Technology and Product","Product","Professional","Individual Contributor","Remote","Northeast",2020-11-16,4.91,"3-5 years"
"EMP2512","Technology and Product","Product","Manager","People Manager","Hybrid","Midwest",2020-11-07,4.94,"3-5 years"
"EMP2513","Technology and Product","Product","Senior Professional","Individual Contributor","Hybrid","West",2021-01-07,4.77,"3-5 years"
"EMP2514","Technology and Product","Product","Senior Professional","Individual Contributor","On-site","Northeast",2020-08-25,5.14,"3-5 years"
"EMP2515","Technology and Product","Product","Professional","Individual Contributor","Remote","Northeast",2016-08-11,9.18,"6-10 years"
"EMP2516","Technology and Product","Product","Senior Professional","Individual Contributor","Hybrid","South",2017-08-11,8.18,"6-10 years"
"EMP2517","Technology and Product","Product","Professional","Individual Contributor","Remote","South",2024-05-07,1.44,"1-2 years"
"EMP2518","Technology and Product","Product","Senior Professional","Individual Contributor","Hybrid","Midwest",2016-03-05,9.61,"6-10 years"
"EMP2519","Technology and Product","Product","Professional","Individual Contributor","On-site","Northeast",2023-08-08,2.19,"1-2 years"
"EMP2520","Technology and Product","Product","Senior Professional","Individual Contributor","Remote","Northeast",2023-09-17,2.08,"1-2 years"
"EMP2521","Technology and Product","Product","Entry Level","Individual Contributor","Hybrid","South",2025-04-10,0.51,"Less than 1 year"
"EMP2522","Technology and Product","Product","Manager","People Manager","Remote","Midwest",2015-11-08,9.94,"6-10 years"
"EMP2523","Technology and Product","Product","Professional","Individual Contributor","On-site","South",2025-03-25,0.56,"Less than 1 year"
"EMP2524","Technology and Product","Product","Entry Level","Individual Contributor","Hybrid","West",2020-08-27,5.13,"3-5 years"
"EMP2525","Technology and Product","Product","Entry Level","Individual Contributor","On-site","South",2023-06-05,2.36,"1-2 years"
"EMP2526","Technology and Product","Product","Senior Professional","People Manager","Hybrid","West",2014-05-06,11.44,"11 or more years"
"EMP2527","Technology and Product","Product","Senior Professional","Individual Contributor","Hybrid","South",2023-11-10,1.93,"1-2 years"
"EMP2528","Technology and Product","Product","Senior Professional","People Manager","Hybrid","West",2020-06-06,5.36,"3-5 years"
"EMP2529","Technology and Product","Product","Senior Professional","Individual Contributor","Hybrid","South",2023-04-05,2.53,"1-2 years"
"EMP2530","Technology and Product","Product","Senior Professional","Individual Contributor","Hybrid","Northeast",2012-06-25,13.31,"11 or more years"
"EMP2531","Technology and Product","Product","Entry Level","Individual Contributor","On-site","Midwest",2024-10-23,0.98,"Less than 1 year"
"EMP2532","Technology and Product","Product","Entry Level","Individual Contributor","Hybrid","Northeast",2024-04-28,1.46,"1-2 years"
"EMP2533","Technology and Product","Product","Senior Professional","Individual Contributor","Hybrid","Northeast",2018-05-03,7.45,"6-10 years"
"EMP2534","Technology and Product","Product","Senior Professional","Individual Contributor","Remote","Northeast",2023-04-08,2.52,"1-2 years"
"EMP2535","Technology and Product","Product","Professional","Individual Contributor","Remote","South",2007-10-14,18,"11 or more years"
"EMP2536","Technology and Product","Product","Senior Professional","Individual Contributor","Remote","Northeast",2022-05-16,3.42,"3-5 years"
"EMP2537","Technology and Product","Product","Manager","People Manager","Hybrid","West",2024-06-08,1.35,"1-2 years"
"EMP2538","Technology and Product","Product","Professional","Individual Contributor","Hybrid","Midwest",2025-06-23,0.31,"Less than 1 year"
"EMP2539","Technology and Product","Product","Entry Level","Individual Contributor","On-site","West",2025-07-02,0.29,"Less than 1 year"
"EMP2540","Technology and Product","Product","Senior Professional","People Manager","Hybrid","Northeast",2006-12-25,18.81,"11 or more years"
"EMP2541","Technology and Product","Product","Senior Professional","Individual Contributor","Hybrid","South",2024-11-23,0.89,"Less than 1 year"
"EMP2542","Technology and Product","Product","Director and Above","People Manager","Hybrid","West",2020-10-28,4.96,"3-5 years"
"EMP2543","Technology and Product","Product","Professional","Individual Contributor","Remote","South",2019-05-14,6.42,"6-10 years"
"EMP2544","Technology and Product","Product","Professional","Individual Contributor","Remote","Northeast",2025-05-25,0.39,"Less than 1 year"
"EMP2545","Technology and Product","Product","Professional","Individual Contributor","Hybrid","Northeast",2018-03-29,7.55,"6-10 years"
"EMP2546","Technology and Product","Product","Senior Professional","Individual Contributor","Hybrid","Northeast",2010-02-27,15.63,"11 or more years"
"EMP2547","Technology and Product","Product","Professional","Individual Contributor","Remote","South",2023-06-23,2.31,"1-2 years"
"EMP2548","Technology and Product","Product","Professional","Individual Contributor","Hybrid","South",2005-01-17,20.74,"11 or more years"
"EMP2549","Technology and Product","Product","Senior Professional","Individual Contributor","On-site","Northeast",2024-01-18,1.74,"1-2 years"
"EMP2550","Technology and Product","Product","Professional","Individual Contributor","Hybrid","Northeast",2020-05-25,5.39,"3-5 years"
"EMP2551","Technology and Product","Product","Senior Professional","Individual Contributor","On-site","Northeast",2018-05-29,7.38,"6-10 years"
"EMP2552","Technology and Product","Product","Senior Professional","Individual Contributor","Remote","Northeast",2020-01-29,5.71,"3-5 years"
"EMP2553","Technology and Product","Product","Senior Professional","Individual Contributor","Hybrid","South",2023-06-07,2.36,"1-2 years"
"EMP2554","Technology and Product","Product","Professional","Individual Contributor","Hybrid","Midwest",2024-05-08,1.44,"1-2 years"
"EMP2555","Technology and Product","Product","Professional","Individual Contributor","Remote","South",2025-07-14,0.25,"Less than 1 year"
"EMP2556","Technology and Product","Product","Senior Professional","Individual Contributor","Hybrid","South",2019-02-06,6.69,"6-10 years"
"EMP2557","Technology and Product","Product","Professional","Individual Contributor","Hybrid","West",2023-09-09,2.1,"1-2 years"
"EMP2558","Technology and Product","Product","Senior Professional","Individual Contributor","Hybrid","West",2021-01-20,4.73,"3-5 years"
"EMP2559","Technology and Product","Product","Professional","Individual Contributor","Hybrid","Northeast",2024-01-03,1.78,"1-2 years"
"EMP2560","Technology and Product","Product","Professional","Individual Contributor","Hybrid","Midwest",2021-01-29,4.71,"3-5 years"
"EMP2561","Technology and Product","Product","Professional","Individual Contributor","Remote","South",2024-06-06,1.36,"1-2 years"
"EMP2562","Technology and Product","Product","Professional","Individual Contributor","Remote","South",2024-11-25,0.89,"Less than 1 year"
"EMP2563","Technology and Product","Product","Professional","Individual Contributor","Hybrid","Northeast",2024-07-24,1.23,"1-2 years"
"EMP2564","Technology and Product","Product","Professional","Individual Contributor","Hybrid","West",2023-01-28,2.71,"1-2 years"
"EMP2565","Technology and Product","Product","Professional","Individual Contributor","Hybrid","Northeast",2024-01-12,1.76,"1-2 years"
"EMP2566","Technology and Product","Product","Professional","Individual Contributor","On-site","West",2025-10-02,0.04,"Less than 1 year"
"EMP2567","Technology and Product","Product","Senior Professional","Individual Contributor","Remote","West",2021-05-24,4.39,"3-5 years"
"EMP2568","Technology and Product","Product","Professional","Individual Contributor","On-site","Northeast",2023-07-05,2.28,"1-2 years"
"EMP2569","Technology and Product","Product","Professional","Individual Contributor","Hybrid","Northeast",2020-01-22,5.73,"3-5 years"
"EMP2570","Technology and Product","Product","Professional","Individual Contributor","Remote","South",2024-12-24,0.81,"Less than 1 year"
"EMP2571","Technology and Product","Product","Professional","Individual Contributor","Hybrid","Midwest",2024-01-16,1.75,"1-2 years"
"EMP2572","Technology and Product","Product","Entry Level","Individual Contributor","Remote","Midwest",2024-01-02,1.79,"1-2 years"
"EMP2573","Technology and Product","Product","Director and Above","People Manager","Hybrid","West",2023-07-28,2.22,"1-2 years"
"EMP2574","Technology and Product","Product","Senior Professional","Individual Contributor","Hybrid","South",2024-04-19,1.49,"1-2 years"
"EMP2575","Technology and Product","Product","Professional","Individual Contributor","Hybrid","South",2020-03-02,5.62,"3-5 years"
"EMP2576","Technology and Product","Product","Professional","Individual Contributor","Hybrid","Midwest",2020-11-14,4.92,"3-5 years"
"EMP2577","Technology and Product","Product","Manager","Individual Contributor","On-site","Midwest",2021-11-13,3.92,"3-5 years"
"EMP2578","Technology and Product","Product","Manager","Individual Contributor","Remote","West",2021-10-14,4,"3-5 years"
"EMP2579","Technology and Product","Product","Professional","Individual Contributor","Hybrid","South",2024-09-11,1.09,"1-2 years"
"EMP2580","Technology and Product","Product","Professional","Individual Contributor","Hybrid","West",2025-01-11,0.76,"Less than 1 year"
"EMP2581","Technology and Product","Product","Senior Professional","Individual Contributor","Hybrid","Northeast",2017-07-16,8.25,"6-10 years"
"EMP2582","Technology and Product","Product","Professional","Individual Contributor","Hybrid","South",2022-01-31,3.7,"3-5 years"
"EMP2583","Technology and Product","Product","Senior Professional","Individual Contributor","Remote","West",2011-07-01,14.29,"11 or more years"
"EMP2584","Technology and Product","Product","Manager","People Manager","Hybrid","Midwest",2022-05-20,3.41,"3-5 years"
"EMP2585","Technology and Product","Product","Entry Level","Individual Contributor","Hybrid","Midwest",2023-04-04,2.53,"1-2 years"
"EMP2586","Technology and Product","Product","Senior Professional","People Manager","Hybrid","Midwest",2017-10-20,7.99,"6-10 years"
"EMP2587","Technology and Product","Product","Senior Professional","Individual Contributor","Hybrid","South",2013-07-28,12.22,"11 or more years"
"EMP2588","Technology and Product","Product","Professional","Individual Contributor","Hybrid","South",2025-03-21,0.57,"Less than 1 year"
"EMP2589","Technology and Product","Product","Director and Above","People Manager","Hybrid","South",2023-12-09,1.85,"1-2 years"
"EMP2590","Technology and Product","Product","Senior Professional","Individual Contributor","Hybrid","Northeast",2023-09-12,2.09,"1-2 years"
"EMP2591","Technology and Product","Product","Senior Professional","Individual Contributor","On-site","Northeast",2024-07-28,1.22,"1-2 years"
"EMP2592","Technology and Product","Product","Senior Professional","Individual Contributor","Remote","South",2025-01-04,0.78,"Less than 1 year"
"EMP2593","Technology and Product","Product","Director and Above","People Manager","Hybrid","South",2018-09-24,7.06,"6-10 years"
"EMP2594","Technology and Product","Product","Senior Professional","Individual Contributor","Remote","Midwest",2019-10-31,5.96,"3-5 years"
"EMP2595","Technology and Product","Product","Professional","Individual Contributor","Hybrid","West",2021-07-08,4.27,"3-5 years"
"EMP2596","Technology and Product","Product","Entry Level","Individual Contributor","Remote","Midwest",2025-08-14,0.17,"Less than 1 year"
"EMP2597","Technology and Product","Product","Professional","Individual Contributor","Hybrid","West",2023-09-28,2.05,"1-2 years"
"EMP2598","Technology and Product","Product","Director and Above","People Manager","Hybrid","South",2025-05-12,0.43,"Less than 1 year"
"EMP2599","Technology and Product","Product","Entry Level","Individual Contributor","Hybrid","West",2024-12-05,0.86,"Less than 1 year"
"EMP2600","Technology and Product","Product","Manager","People Manager","Remote","South",2021-04-06,4.53,"3-5 years"
"EMP2601","Technology and Product","Product","Entry Level","Individual Contributor","Hybrid","Midwest",2020-11-12,4.92,"3-5 years"
"EMP2602","Technology and Product","Product","Entry Level","Individual Contributor","Hybrid","South",2018-05-03,7.45,"6-10 years"
"EMP2603","Technology and Product","Product","Professional","Individual Contributor","Hybrid","South",2024-05-23,1.4,"1-2 years"
"EMP2604","Technology and Product","Product","Manager","People Manager","Hybrid","Northeast",2025-08-04,0.2,"Less than 1 year"
"EMP2605","Technology and Product","Product","Professional","Individual Contributor","Hybrid","Northeast",2022-02-15,3.66,"3-5 years"
"EMP2606","Technology and Product","Product","Professional","Individual Contributor","Hybrid","Northeast",2021-01-23,4.73,"3-5 years"
"EMP2607","Technology and Product","Product","Senior Professional","Individual Contributor","Hybrid","South",2016-03-18,9.58,"6-10 years"
"EMP2608","Technology and Product","Product","Senior Professional","People Manager","Hybrid","Midwest",2021-04-03,4.53,"3-5 years"
"EMP2609","Technology and Product","Product","Professional","Individual Contributor","Hybrid","West",2015-11-06,9.94,"6-10 years"
"EMP2610","Technology and Product","Product","Professional","Individual Contributor","Hybrid","South",2022-10-30,2.96,"1-2 years"
"EMP2611","Technology and Product","Product","Senior Professional","People Manager","Hybrid","Northeast",2014-12-09,10.85,"6-10 years"
"EMP2612","Technology and Product","Product","Senior Professional","Individual Contributor","Remote","South",2024-09-02,1.12,"1-2 years"
"EMP2613","Technology and Product","Product","Professional","Individual Contributor","Remote","Northeast",2021-07-17,4.25,"3-5 years"
"EMP2614","Technology and Product","Product","Professional","Individual Contributor","Hybrid","South",2023-05-20,2.41,"1-2 years"
"EMP2615","Technology and Product","Product","Manager","People Manager","Hybrid","West",2024-04-29,1.46,"1-2 years"
"EMP2616","Technology and Product","Product","Senior Professional","Individual Contributor","Hybrid","Northeast",2016-01-15,9.75,"6-10 years"
"EMP2617","Technology and Product","Product","Professional","Individual Contributor","Hybrid","West",2021-11-30,3.87,"3-5 years"
"EMP2618","Technology and Product","Product","Senior Professional","Individual Contributor","On-site","West",2015-04-13,10.51,"6-10 years"
"EMP2619","Technology and Product","Product","Entry Level","Individual Contributor","Hybrid","Northeast",2022-12-14,2.84,"1-2 years"
"EMP2620","Technology and Product","Product","Senior Professional","Individual Contributor","Remote","Midwest",2013-01-02,12.78,"11 or more years"
"EMP2621","Technology and Product","Product","Professional","Individual Contributor","Hybrid","Midwest",2005-04-06,20.53,"11 or more years"
"EMP2622","Technology and Product","Product","Professional","Individual Contributor","Hybrid","Northeast",2020-02-27,5.63,"3-5 years"
"EMP2623","Technology and Product","Product","Professional","Individual Contributor","Hybrid","West",2024-06-04,1.36,"1-2 years"
"EMP2624","Technology and Product","Product","Senior Professional","Individual Contributor","Remote","Northeast",2015-11-22,9.9,"6-10 years"
"EMP2625","Technology and Product","Product","Professional","Individual Contributor","Hybrid","West",2025-09-30,0.04,"Less than 1 year"
"EMP2626","Technology and Product","Product","Professional","Individual Contributor","Remote","Midwest",2023-08-30,2.13,"1-2 years"
"EMP2627","Technology and Product","Product","Senior Professional","Individual Contributor","Remote","South",2022-07-16,3.25,"3-5 years"
"EMP2628","Technology and Product","Product","Professional","Individual Contributor","Remote","Northeast",2019-12-27,5.8,"3-5 years"
"EMP2629","Technology and Product","Product","Professional","Individual Contributor","Remote","Midwest",2024-07-18,1.24,"1-2 years"
"EMP2630","Technology and Product","Product","Professional","Individual Contributor","Remote","South",2022-04-10,3.52,"3-5 years"
"EMP2631","Technology and Product","Product","Senior Professional","Individual Contributor","Hybrid","South",2015-09-23,10.06,"6-10 years"
"EMP2632","Technology and Product","Product","Professional","Individual Contributor","Remote","South",2017-11-18,7.91,"6-10 years"
"EMP2633","Technology and Product","Product","Professional","Individual Contributor","Remote","South",2020-04-23,5.48,"3-5 years"
"EMP2634","Technology and Product","Product","Entry Level","Individual Contributor","Hybrid","Midwest",2023-04-18,2.49,"1-2 years"
"EMP2635","Technology and Product","Product","Senior Professional","Individual Contributor","Remote","Northeast",2020-02-05,5.69,"3-5 years"
"EMP2636","Technology and Product","Product","Manager","People Manager","Hybrid","Midwest",2020-10-02,5.03,"3-5 years"
"EMP2637","Technology and Product","Product","Professional","Individual Contributor","On-site","Midwest",2025-07-05,0.28,"Less than 1 year"
"EMP2638","Technology and Product","Product","Senior Professional","Individual Contributor","Remote","West",2019-06-30,6.29,"6-10 years"
"EMP2639","Technology and Product","Product","Senior Professional","People Manager","Remote","Northeast",2015-12-18,9.83,"6-10 years"
"EMP2640","Technology and Product","Product","Professional","Individual Contributor","Hybrid","South",2023-03-06,2.61,"1-2 years"
"EMP2641","Technology and Product","Product","Senior Professional","Individual Contributor","Hybrid","Northeast",2021-12-25,3.81,"3-5 years"
"EMP2642","Technology and Product","Product","Manager","People Manager","Hybrid","Northeast",2006-11-21,18.9,"11 or more years"
"EMP2643","Technology and Product","Product","Director and Above","Individual Contributor","Remote","Northeast",2021-06-12,4.34,"3-5 years"
"EMP2644","Technology and Product","Product","Professional","Individual Contributor","Hybrid","Midwest",2021-05-06,4.44,"3-5 years"
"EMP2645","Technology and Product","Product","Senior Professional","Individual Contributor","Remote","Midwest",2005-09-25,20.05,"11 or more years"
"EMP2646","Technology and Product","Product","Entry Level","Individual Contributor","Remote","South",2025-06-04,0.36,"Less than 1 year"
"EMP2647","Technology and Product","Product","Professional","Individual Contributor","Remote","Northeast",2011-02-01,14.7,"11 or more years"
"EMP2648","Technology and Product","Product","Senior Professional","Individual Contributor","On-site","South",2020-01-21,5.73,"3-5 years"
"EMP2649","Technology and Product","Product","Professional","Individual Contributor","Hybrid","Midwest",2016-04-07,9.52,"6-10 years"
"EMP2650","Technology and Product","Product","Professional","Individual Contributor","Remote","South",2019-11-27,5.88,"3-5 years"
"EMP2651","Technology and Product","Product","Professional","Individual Contributor","Remote","South",2025-09-19,0.07,"Less than 1 year"
"EMP2652","Technology and Product","Product","Senior Professional","Individual Contributor","Hybrid","West",2025-10-10,0.01,"Less than 1 year"
"EMP2653","Technology and Product","Product","Professional","Individual Contributor","Remote","Northeast",2025-07-17,0.25,"Less than 1 year"
"EMP2654","Technology and Product","Product","Professional","Individual Contributor","On-site","Northeast",2020-06-28,5.3,"3-5 years"
"EMP2655","Technology and Product","Product","Senior Professional","People Manager","Hybrid","South",2021-07-27,4.22,"3-5 years"
"EMP2656","Technology and Product","Product","Professional","Individual Contributor","Hybrid","South",2017-07-14,8.25,"6-10 years"
"EMP2657","Technology and Product","Product","Professional","Individual Contributor","Hybrid","South",2024-03-24,1.56,"1-2 years"
"EMP2658","Technology and Product","Product","Manager","People Manager","Hybrid","South",2017-09-01,8.12,"6-10 years"
"EMP2659","Technology and Product","Product","Senior Professional","Individual Contributor","Hybrid","Northeast",2020-01-16,5.75,"3-5 years"
"EMP2660","Technology and Product","Product","Senior Professional","Individual Contributor","Remote","Northeast",2019-10-02,6.04,"6-10 years"
"EMP2661","Technology and Product","Product","Senior Professional","Individual Contributor","Hybrid","South",2022-10-14,3,"3-5 years"
"EMP2662","Technology and Product","Product","Manager","People Manager","Remote","South",2022-02-14,3.67,"3-5 years"
"EMP2663","Technology and Product","Product","Senior Professional","Individual Contributor","Remote","Midwest",2018-03-11,7.6,"6-10 years"
"EMP2664","Technology and Product","Product","Entry Level","Individual Contributor","Remote","Northeast",2019-10-30,5.96,"3-5 years"
"EMP2665","Technology and Product","Product","Professional","Individual Contributor","Hybrid","Northeast",2024-07-26,1.22,"1-2 years"
"EMP2666","Technology and Product","Product","Senior Professional","Individual Contributor","Remote","Northeast",2015-05-01,10.46,"6-10 years"
"EMP2667","Technology and Product","Product","Professional","Individual Contributor","Hybrid","Northeast",2022-12-14,2.84,"1-2 years"
"EMP2668","Technology and Product","Product","Professional","Individual Contributor","Hybrid","Northeast",2023-08-07,2.19,"1-2 years"
"EMP2669","Technology and Product","Product","Professional","Individual Contributor","Hybrid","Northeast",2023-12-09,1.85,"1-2 years"
"EMP2670","Technology and Product","Product","Senior Professional","Individual Contributor","Remote","South",2021-06-05,4.36,"3-5 years"
"EMP2671","Technology and Product","Product","Senior Professional","Individual Contributor","Hybrid","Northeast",2020-03-01,5.62,"3-5 years"
"EMP2672","Technology and Product","Product","Senior Professional","Individual Contributor","Remote","West",2020-12-21,4.82,"3-5 years"
"EMP2673","Technology and Product","Product","Professional","Individual Contributor","Remote","South",2025-08-08,0.19,"Less than 1 year"
"EMP2674","Technology and Product","Product","Professional","Individual Contributor","Hybrid","South",2021-06-25,4.31,"3-5 years"
"EMP2675","Technology and Product","Product","Professional","Individual Contributor","Hybrid","South",2022-08-16,3.16,"3-5 years"
"EMP2676","Technology and Product","Product","Senior Professional","Individual Contributor","Hybrid","Midwest",2022-06-18,3.33,"3-5 years"
"EMP2677","Technology and Product","Product","Professional","Individual Contributor","Hybrid","Northeast",2023-01-11,2.76,"1-2 years"
"EMP2678","Technology and Product","Product","Professional","Individual Contributor","Remote","Midwest",2025-07-24,0.23,"Less than 1 year"
"EMP2679","Technology and Product","Product","Professional","Individual Contributor","Hybrid","Northeast",2024-02-29,1.63,"1-2 years"
"EMP2680","Technology and Product","Product","Professional","Individual Contributor","Hybrid","South",2023-09-24,2.06,"1-2 years"
"EMP2681","Technology and Product","Product","Professional","Individual Contributor","Remote","Northeast",2023-02-26,2.63,"1-2 years"
"EMP2682","Technology and Product","Product","Professional","Individual Contributor","Hybrid","West",2023-12-21,1.82,"1-2 years"
"EMP2683","Technology and Product","Product","Senior Professional","Individual Contributor","Remote","Northeast",2005-07-13,20.26,"11 or more years"
"EMP2684","Technology and Product","Product","Professional","Individual Contributor","Hybrid","West",2005-02-25,20.64,"11 or more years"
"EMP2685","Technology and Product","Product","Senior Professional","Individual Contributor","Remote","Midwest",2021-02-15,4.66,"3-5 years"
"EMP2686","Technology and Product","Product","Professional","Individual Contributor","On-site","South",2019-01-03,6.78,"6-10 years"
"EMP2687","Technology and Product","Product","Professional","Individual Contributor","On-site","Midwest",2020-08-10,5.18,"3-5 years"
"EMP2688","Technology and Product","Product","Senior Professional","People Manager","On-site","West",2008-07-30,17.21,"11 or more years"
"EMP2689","Technology and Product","Product","Professional","Individual Contributor","Remote","Midwest",2021-09-04,4.11,"3-5 years"
"EMP2690","Technology and Product","Product","Manager","Individual Contributor","Remote","Midwest",2012-04-25,13.47,"11 or more years"
"EMP2691","Technology and Product","Product","Senior Professional","People Manager","Hybrid","South",2020-12-04,4.86,"3-5 years"
"EMP2692","Technology and Product","Product","Professional","Individual Contributor","Remote","Northeast",2023-09-21,2.07,"1-2 years"
"EMP2693","Technology and Product","Product","Professional","Individual Contributor","Hybrid","Midwest",2022-02-05,3.69,"3-5 years"
"EMP2694","Technology and Product","Product","Senior Professional","Individual Contributor","Hybrid","Northeast",2017-07-08,8.27,"6-10 years"
"EMP2695","Technology and Product","Product","Professional","Individual Contributor","Remote","Northeast",2019-06-28,6.3,"6-10 years"
"EMP2696","Technology and Product","Product","Director and Above","People Manager","Hybrid","West",2007-04-18,18.49,"11 or more years"
"EMP2697","Technology and Product","Product","Senior Professional","Individual Contributor","On-site","South",2020-09-12,5.09,"3-5 years"
"EMP2698","Technology and Product","Product","Professional","Individual Contributor","Hybrid","Northeast",2025-07-10,0.27,"Less than 1 year"
"EMP2699","Technology and Product","Product","Manager","People Manager","Remote","Midwest",2016-02-29,9.63,"6-10 years"
"EMP2700","Technology and Product","Product","Entry Level","Individual Contributor","Hybrid","South",2010-03-15,15.59,"11 or more years"
"EMP2701","Technology and Product","Product","Senior Professional","Individual Contributor","On-site","Midwest",2023-02-26,2.63,"1-2 years"
"EMP2702","Technology and Product","Product","Senior Professional","Individual Contributor","Hybrid","Northeast",2017-03-13,8.59,"6-10 years"
"EMP2703","Technology and Product","Product","Senior Professional","Individual Contributor","Hybrid","Northeast",2021-03-14,4.59,"3-5 years"
"EMP2704","Technology and Product","Product","Senior Professional","Individual Contributor","Hybrid","South",2017-09-27,8.05,"6-10 years"
"EMP2705","Technology and Product","Product","Professional","Individual Contributor","Hybrid","Midwest",2020-11-03,4.95,"3-5 years"
"EMP2706","Technology and Product","Product","Manager","People Manager","On-site","South",2012-10-26,12.97,"11 or more years"
"EMP2707","Technology and Product","Product","Professional","Individual Contributor","Hybrid","West",2025-05-19,0.41,"Less than 1 year"
"EMP2708","Technology and Product","Product","Professional","Individual Contributor","Remote","South",2025-04-23,0.48,"Less than 1 year"
"EMP2709","Technology and Product","Product","Entry Level","Individual Contributor","On-site","West",2024-10-25,0.97,"Less than 1 year"
"EMP2710","Technology and Product","Product","Professional","Individual Contributor","Remote","South",2023-05-05,2.45,"1-2 years"
"EMP2711","Technology and Product","Product","Professional","Individual Contributor","Remote","West",2014-08-10,11.18,"11 or more years"
"EMP2712","Technology and Product","Product","Professional","Individual Contributor","Hybrid","Northeast",2023-12-31,1.79,"1-2 years"
"EMP2713","Technology and Product","Product","Professional","Individual Contributor","Hybrid","Northeast",2023-04-09,2.52,"1-2 years"
"EMP2714","Technology and Product","Product","Professional","Individual Contributor","Hybrid","Midwest",2022-10-16,3,"3-5 years"
"EMP2715","Technology and Product","Product","Senior Professional","Individual Contributor","Remote","South",2020-04-19,5.49,"3-5 years"
"EMP2716","Technology and Product","Product","Senior Professional","Individual Contributor","Hybrid","South",2011-04-09,14.52,"11 or more years"
"EMP2717","Technology and Product","Product","Senior Professional","Individual Contributor","Hybrid","South",2021-09-19,4.07,"3-5 years"
"EMP2718","Technology and Product","Product","Professional","Individual Contributor","Hybrid","South",2020-11-24,4.89,"3-5 years"
"EMP2719","Technology and Product","Product","Professional","Individual Contributor","Hybrid","Northeast",2014-12-26,10.8,"6-10 years"
"EMP2720","Technology and Product","Product","Senior Professional","Individual Contributor","Hybrid","South",2019-08-26,6.14,"6-10 years"
"EMP2721","Technology and Product","Product","Entry Level","Individual Contributor","Hybrid","West",2008-03-13,17.59,"11 or more years"
"EMP2722","Technology and Product","Product","Professional","Individual Contributor","Remote","Midwest",2022-05-31,3.38,"3-5 years"
"EMP2723","Technology and Product","Product","Professional","Individual Contributor","Hybrid","South",2024-02-02,1.7,"1-2 years"
"EMP2724","Technology and Product","Product","Professional","Individual Contributor","Remote","Northeast",2014-01-03,11.78,"11 or more years"
"EMP2725","Technology and Product","Product","Professional","Individual Contributor","Hybrid","West",2025-02-14,0.67,"Less than 1 year"
"EMP2726","Technology and Product","Product","Professional","Individual Contributor","Hybrid","South",2007-07-24,18.23,"11 or more years"
"EMP2727","Technology and Product","Product","Senior Professional","Individual Contributor","Hybrid","South",2025-04-20,0.49,"Less than 1 year"
"EMP2728","Technology and Product","Product","Professional","Individual Contributor","Hybrid","Midwest",2020-05-31,5.37,"3-5 years"
"EMP2729","Technology and Product","Product","Professional","Individual Contributor","Hybrid","Midwest",2021-10-13,4.01,"3-5 years"
"EMP2730","Technology and Product","Product","Professional","Individual Contributor","On-site","West",2021-01-18,4.74,"3-5 years"
"EMP2731","Technology and Product","Product","Senior Professional","People Manager","Hybrid","South",2023-05-19,2.41,"1-2 years"
"EMP2732","Technology and Product","Product","Professional","Individual Contributor","Hybrid","Midwest",2024-11-10,0.93,"Less than 1 year"
"EMP2733","Technology and Product","Product","Director and Above","People Manager","On-site","Northeast",2013-04-12,12.51,"11 or more years"
"EMP2734","Technology and Product","Product","Professional","Individual Contributor","Remote","Midwest",2024-06-17,1.33,"1-2 years"
"EMP2735","Technology and Product","Product","Professional","Individual Contributor","Hybrid","Northeast",2025-06-19,0.32,"Less than 1 year"
"EMP2736","Technology and Product","Product","Entry Level","Individual Contributor","Hybrid","Northeast",2023-05-29,2.38,"1-2 years"
"EMP2737","Technology and Product","Product","Professional","Individual Contributor","Hybrid","South",2018-11-19,6.9,"6-10 years"
"EMP2738","Technology and Product","Product","Professional","Individual Contributor","Remote","Northeast",2025-05-26,0.39,"Less than 1 year"
"EMP2739","Technology and Product","Product","Senior Professional","Individual Contributor","On-site","Northeast",2015-05-25,10.39,"6-10 years"
"EMP2740","Technology and Product","Product","Entry Level","Individual Contributor","Hybrid","Midwest",2024-11-05,0.94,"Less than 1 year"
"EMP2741","Technology and Product","Product","Senior Professional","Individual Contributor","Hybrid","West",2023-05-07,2.44,"1-2 years"
"EMP2742","Technology and Product","Product","Director and Above","People Manager","Hybrid","West",2020-09-23,5.06,"3-5 years"
"EMP2743","Technology and Product","Product","Senior Professional","Individual Contributor","Hybrid","South",2022-09-28,3.05,"3-5 years"
"EMP2744","Technology and Product","Product","Professional","Individual Contributor","Hybrid","West",2021-02-27,4.63,"3-5 years"
"EMP2745","Technology and Product","Product","Professional","Individual Contributor","Hybrid","Midwest",2009-12-26,15.8,"11 or more years"
"EMP2746","Technology and Product","Product","Professional","Individual Contributor","Hybrid","Northeast",2025-09-20,0.07,"Less than 1 year"
"EMP2747","Technology and Product","Product","Professional","Individual Contributor","On-site","Midwest",2020-10-20,4.99,"3-5 years"
"EMP2748","Technology and Product","Product","Senior Professional","Individual Contributor","Hybrid","South",2020-11-15,4.91,"3-5 years"
"EMP2749","Technology and Product","Product","Entry Level","Individual Contributor","Hybrid","West",2021-03-29,4.55,"3-5 years"
"EMP2750","Technology and Product","Product","Manager","People Manager","Remote","Northeast",2024-09-26,1.05,"1-2 years"
"EMP2751","Technology and Product","Product","Professional","Individual Contributor","Hybrid","Northeast",2017-08-29,8.13,"6-10 years"
"EMP2752","Technology and Product","Product","Senior Professional","Individual Contributor","Hybrid","South",2020-12-18,4.82,"3-5 years"
"EMP2753","Technology and Product","Product","Professional","Individual Contributor","Hybrid","South",2021-11-11,3.93,"3-5 years"
"EMP2754","Technology and Product","Product","Professional","Individual Contributor","Hybrid","Midwest",2019-01-09,6.77,"6-10 years"
"EMP2755","Technology and Product","Product","Senior Professional","Individual Contributor","Hybrid","Midwest",2020-07-31,5.21,"3-5 years"
"EMP2756","Technology and Product","Product","Professional","Individual Contributor","Hybrid","Midwest",2024-04-28,1.46,"1-2 years"
"EMP2757","Technology and Product","Product","Professional","Individual Contributor","On-site","Northeast",2022-06-22,3.32,"3-5 years"
"EMP2758","Technology and Product","Product","Senior Professional","Individual Contributor","Remote","South",2008-12-11,16.84,"11 or more years"
"EMP2759","Technology and Product","Product","Manager","People Manager","Hybrid","Midwest",2017-09-15,8.08,"6-10 years"
"EMP2760","Technology and Product","Product","Professional","Individual Contributor","Hybrid","South",2022-11-28,2.88,"1-2 years"
"EMP2761","Technology and Product","Product","Professional","Individual Contributor","Hybrid","Midwest",2014-12-04,10.86,"6-10 years"
"EMP2762","Technology and Product","Product","Senior Professional","Individual Contributor","Hybrid","Midwest",2019-11-30,5.88,"3-5 years"
"EMP2763","Technology and Product","Product","Senior Professional","Individual Contributor","Remote","South",2015-04-05,10.53,"6-10 years"
"EMP2764","Technology and Product","Product","Professional","Individual Contributor","Hybrid","Northeast",2024-07-29,1.21,"1-2 years"
"EMP2765","Technology and Product","Product","Professional","Individual Contributor","Hybrid","South",2017-01-24,8.72,"6-10 years"
"EMP2766","Technology and Product","Product","Director and Above","People Manager","Hybrid","South",2023-11-19,1.91,"1-2 years"
"EMP2767","Technology and Product","Product","Professional","Individual Contributor","Remote","Northeast",2014-11-14,10.92,"6-10 years"
"EMP2768","Technology and Product","Product","Senior Professional","Individual Contributor","Hybrid","Northeast",2020-07-12,5.26,"3-5 years"
"EMP2769","Technology and Product","Product","Professional","Individual Contributor","Hybrid","South",2016-06-19,9.32,"6-10 years"
"EMP2770","Technology and Product","Product","Professional","Individual Contributor","Hybrid","West",2015-07-09,10.27,"6-10 years"
"EMP2771","Technology and Product","Product","Director and Above","People Manager","Remote","Northeast",2022-09-04,3.11,"3-5 years"
"EMP2772","Technology and Product","Product","Professional","Individual Contributor","Remote","South",2023-09-09,2.1,"1-2 years"
"EMP2773","Technology and Product","Product","Senior Professional","Individual Contributor","On-site","Northeast",2024-05-14,1.42,"1-2 years"
"EMP2774","Technology and Product","Product","Professional","Individual Contributor","Remote","Northeast",2023-04-27,2.47,"1-2 years"
"EMP2775","Technology and Product","Product","Professional","Individual Contributor","Remote","Northeast",2023-05-04,2.45,"1-2 years"
"EMP2776","Technology and Product","Product","Entry Level","Individual Contributor","On-site","West",2025-06-13,0.34,"Less than 1 year"
"EMP2777","Technology and Product","Product","Professional","Individual Contributor","On-site","West",2024-11-07,0.94,"Less than 1 year"
"EMP2778","Technology and Product","Product","Senior Professional","Individual Contributor","Hybrid","West",2021-06-27,4.3,"3-5 years"
"EMP2779","Technology and Product","Product","Manager","Individual Contributor","Hybrid","Northeast",2021-12-01,3.87,"3-5 years"
"EMP2780","Technology and Product","Product","Professional","Individual Contributor","Hybrid","Midwest",2024-07-20,1.24,"1-2 years"
"EMP2781","Technology and Product","Product","Senior Professional","Individual Contributor","Remote","West",2024-06-15,1.33,"1-2 years"
"EMP2782","Technology and Product","Product","Senior Professional","Individual Contributor","Hybrid","Midwest",2017-12-03,7.87,"6-10 years"
"EMP2783","Technology and Product","Product","Senior Professional","Individual Contributor","Hybrid","Northeast",2022-07-22,3.23,"3-5 years"
"EMP2784","Technology and Product","Product","Senior Professional","Individual Contributor","Hybrid","Midwest",2010-11-23,14.89,"11 or more years"
"EMP2785","Technology and Product","Product","Professional","Individual Contributor","Remote","Northeast",2025-01-05,0.77,"Less than 1 year"
"EMP2786","Technology and Product","Product","Professional","Individual Contributor","Hybrid","West",2015-10-27,9.97,"6-10 years"
"EMP2787","Technology and Product","Product","Professional","Individual Contributor","Remote","South",2025-07-07,0.27,"Less than 1 year"
"EMP2788","Technology and Product","Product","Senior Professional","People Manager","Hybrid","Midwest",2019-11-23,5.89,"3-5 years"
"EMP2789","Technology and Product","Product","Professional","Individual Contributor","Hybrid","Northeast",2025-01-08,0.77,"Less than 1 year"
"EMP2790","Technology and Product","Product","Professional","Individual Contributor","Remote","West",2011-07-25,14.23,"11 or more years"
"EMP2791","Technology and Product","Product","Professional","Individual Contributor","Remote","Midwest",2020-08-01,5.2,"3-5 years"
"EMP2792","Technology and Product","Product","Senior Professional","People Manager","Remote","Midwest",2024-05-14,1.42,"1-2 years"
"EMP2793","Technology and Product","Product","Director and Above","People Manager","Hybrid","Northeast",2018-09-26,7.05,"6-10 years"
"EMP2794","Technology and Product","Product","Professional","Individual Contributor","Hybrid","South",2023-02-11,2.67,"1-2 years"
"EMP2795","Technology and Product","Product","Professional","Individual Contributor","Hybrid","South",2025-09-18,0.07,"Less than 1 year"
"EMP2796","Technology and Product","Product","Senior Professional","Individual Contributor","Hybrid","South",2023-09-29,2.05,"1-2 years"
"EMP2797","Technology and Product","Product","Senior Professional","Individual Contributor","Hybrid","West",2018-05-12,7.43,"6-10 years"
"EMP2798","Technology and Product","Product","Senior Professional","Individual Contributor","Remote","Midwest",2015-05-26,10.39,"6-10 years"
"EMP2799","Technology and Product","Product","Senior Professional","Individual Contributor","Hybrid","South",2021-07-18,4.24,"3-5 years"
"EMP2800","Technology and Product","Product","Professional","Individual Contributor","Hybrid","Northeast",2025-09-02,0.12,"Less than 1 year"
"EMP2801","Technology and Product","Product","Senior Professional","Individual Contributor","Remote","Midwest",2021-08-08,4.19,"3-5 years"
"EMP2802","Technology and Product","Product","Senior Professional","Individual Contributor","Hybrid","Midwest",2018-03-28,7.55,"6-10 years"
"EMP2803","Technology and Product","Product","Senior Professional","Individual Contributor","Remote","Northeast",2020-02-20,5.65,"3-5 years"
"EMP2804","Technology and Product","Product","Professional","Individual Contributor","Hybrid","Northeast",2022-06-23,3.31,"3-5 years"
"EMP2805","Technology and Product","Product","Professional","Individual Contributor","Hybrid","Midwest",2024-11-26,0.88,"Less than 1 year"
"EMP2806","Technology and Product","Product","Senior Professional","Individual Contributor","Hybrid","Northeast",2017-04-04,8.53,"6-10 years"
"EMP2807","Technology and Product","Product","Professional","Individual Contributor","Remote","Midwest",2023-01-07,2.77,"1-2 years"
"EMP2808","Technology and Product","Product","Professional","Individual Contributor","Remote","Northeast",2006-04-27,19.47,"11 or more years"
"EMP2809","Technology and Product","Product","Professional","Individual Contributor","Hybrid","South",2017-02-26,8.63,"6-10 years"
"EMP2810","Technology and Product","Product","Senior Professional","Individual Contributor","Hybrid","West",2014-07-09,11.27,"11 or more years"
"EMP2811","Technology and Product","Product","Professional","Individual Contributor","Hybrid","Northeast",2010-09-24,15.06,"11 or more years"
"EMP2812","Technology and Product","Product","Professional","Individual Contributor","Hybrid","Northeast",2023-12-27,1.8,"1-2 years"
"EMP2813","Technology and Product","Product","Manager","People Manager","On-site","West",2017-01-02,8.78,"6-10 years"
"EMP2814","Technology and Product","Product","Senior Professional","Individual Contributor","Hybrid","West",2024-12-19,0.82,"Less than 1 year"
"EMP2815","Technology and Product","Product","Manager","People Manager","Hybrid","South",2014-02-17,11.66,"11 or more years"
"EMP2816","Technology and Product","Product","Professional","Individual Contributor","Remote","South",2020-01-26,5.72,"3-5 years"
"EMP2817","Technology and Product","Product","Senior Professional","Individual Contributor","Hybrid","South",2019-11-26,5.89,"3-5 years"
"EMP2818","Technology and Product","Product","Senior Professional","Individual Contributor","Hybrid","West",2009-09-15,16.08,"11 or more years"
"EMP2819","Technology and Product","Product","Senior Professional","People Manager","Hybrid","South",2024-06-12,1.34,"1-2 years"
"EMP2820","Technology and Product","Product","Senior Professional","Individual Contributor","Hybrid","Midwest",2016-08-20,9.15,"6-10 years"
"EMP2821","Technology and Product","Product","Professional","Individual Contributor","On-site","South",2023-02-13,2.67,"1-2 years"
"EMP2822","Technology and Product","Product","Professional","Individual Contributor","Hybrid","Northeast",2023-05-09,2.44,"1-2 years"
"EMP2823","Technology and Product","Product","Senior Professional","Individual Contributor","Hybrid","West",2017-06-27,8.3,"6-10 years"
"EMP2824","Technology and Product","Product","Professional","Individual Contributor","On-site","West",2025-06-10,0.35,"Less than 1 year"
"EMP2825","Technology and Product","Product","Manager","People Manager","Hybrid","Midwest",2020-09-03,5.11,"3-5 years"
"EMP2826","Technology and Product","Product","Professional","Individual Contributor","Remote","West",2023-06-04,2.37,"1-2 years"
"EMP2827","Technology and Product","Product","Professional","Individual Contributor","Hybrid","South",2025-04-28,0.47,"Less than 1 year"
"EMP2828","Technology and Product","Product","Senior Professional","Individual Contributor","Remote","South",2019-11-22,5.9,"3-5 years"
"EMP2829","Technology and Product","Product","Professional","Individual Contributor","Remote","West",2015-05-11,10.43,"6-10 years"
"EMP2830","Technology and Product","Product","Senior Professional","Individual Contributor","Remote","South",2024-04-18,1.49,"1-2 years"
"EMP2831","Technology and Product","Product","Professional","Individual Contributor","Hybrid","South",2016-04-14,9.5,"6-10 years"
"EMP2832","Technology and Product","Product","Senior Professional","Individual Contributor","Hybrid","West",2017-07-17,8.25,"6-10 years"
"EMP2833","Technology and Product","Product","Senior Professional","People Manager","Hybrid","West",2019-05-02,6.46,"6-10 years"
"EMP2834","Technology and Product","Product","Professional","People Manager","Hybrid","South",2025-03-31,0.54,"Less than 1 year"
"EMP2835","Technology and Product","Product","Professional","Individual Contributor","Hybrid","Northeast",2024-07-04,1.28,"1-2 years"
"EMP2836","Technology and Product","Product","Professional","Individual Contributor","Hybrid","Northeast",2024-08-18,1.16,"1-2 years"
"EMP2837","Technology and Product","Product","Senior Professional","Individual Contributor","Hybrid","Northeast",2025-03-26,0.56,"Less than 1 year"
"EMP2838","Technology and Product","Product","Professional","Individual Contributor","On-site","Midwest",2023-03-21,2.57,"1-2 years"
"EMP2839","Technology and Product","Product","Senior Professional","Individual Contributor","Hybrid","Midwest",2019-03-27,6.55,"6-10 years"
"EMP2840","Technology and Product","Product","Professional","Individual Contributor","Remote","South",2025-04-20,0.49,"Less than 1 year"
"EMP2841","Technology and Product","Product","Senior Professional","Individual Contributor","Hybrid","Midwest",2024-09-12,1.09,"1-2 years"
"EMP2842","Technology and Product","Product","Senior Professional","Individual Contributor","Hybrid","South",2023-07-03,2.29,"1-2 years"
"EMP2843","Technology and Product","Product","Professional","Individual Contributor","Remote","Midwest",2025-05-19,0.41,"Less than 1 year"
"EMP2844","Technology and Product","Product","Senior Professional","Individual Contributor","Hybrid","Midwest",2019-08-18,6.16,"6-10 years"
"EMP2845","Technology and Product","Product","Director and Above","People Manager","Hybrid","Midwest",2017-03-05,8.61,"6-10 years"
"EMP2846","Technology and Product","Product","Manager","People Manager","Hybrid","West",2019-02-06,6.69,"6-10 years"
"EMP2847","Technology and Product","Product","Professional","Individual Contributor","Remote","South",2018-12-25,6.81,"6-10 years"
"EMP2848","Technology and Product","Product","Senior Professional","Individual Contributor","Hybrid","Northeast",2019-12-31,5.79,"3-5 years"
"EMP2849","Technology and Product","Product","Professional","Individual Contributor","Remote","Northeast",2021-03-29,4.55,"3-5 years"
"EMP2850","Technology and Product","Product","Professional","Individual Contributor","Hybrid","Midwest",2022-02-02,3.7,"3-5 years"
"EMP2851","Technology and Product","Product","Professional","Individual Contributor","Remote","West",2006-06-04,19.36,"11 or more years"
"EMP2852","Technology and Product","Product","Director and Above","People Manager","Hybrid","West",2020-06-15,5.33,"3-5 years"
"EMP2853","Technology and Product","Product","Professional","Individual Contributor","Hybrid","Northeast",2023-06-18,2.33,"1-2 years"
"EMP2854","Technology and Product","Product","Professional","Individual Contributor","Remote","South",2021-08-08,4.19,"3-5 years"
"EMP2855","Technology and Product","Product","Entry Level","Individual Contributor","Remote","Midwest",2025-03-23,0.56,"Less than 1 year"
"EMP2856","Technology and Product","Product","Senior Professional","Individual Contributor","Hybrid","Midwest",2024-09-02,1.12,"1-2 years"
"EMP2857","Technology and Product","Product","Professional","Individual Contributor","Hybrid","Northeast",2023-08-05,2.2,"1-2 years"
"EMP2858","Technology and Product","Product","Senior Professional","Individual Contributor","Hybrid","Midwest",2013-11-20,11.9,"11 or more years"
"EMP2859","Technology and Product","Product","Professional","Individual Contributor","Hybrid","Midwest",2024-01-27,1.72,"1-2 years"
"EMP2860","Technology and Product","Product","Professional","Individual Contributor","Remote","South",2019-02-14,6.67,"6-10 years"
"EMP2861","Technology and Product","Product","Professional","Individual Contributor","Hybrid","South",2025-05-27,0.39,"Less than 1 year"
"EMP2862","Technology and Product","Product","Entry Level","Individual Contributor","On-site","Midwest",2020-09-05,5.11,"3-5 years"
"EMP2863","Technology and Product","Product","Senior Professional","Individual Contributor","Hybrid","Midwest",2020-07-20,5.24,"3-5 years"
"EMP2864","Technology and Product","Product","Manager","Individual Contributor","Hybrid","Midwest",2023-10-29,1.96,"1-2 years"
"EMP2865","Technology and Product","Product","Professional","Individual Contributor","Hybrid","Midwest",2017-11-12,7.92,"6-10 years"
"EMP2866","Technology and Product","Product","Professional","Individual Contributor","Hybrid","West",2025-01-31,0.7,"Less than 1 year"
"EMP2867","Technology and Product","Product","Professional","Individual Contributor","Hybrid","Midwest",2015-09-24,10.06,"6-10 years"
"EMP2868","Technology and Product","Product","Senior Professional","Individual Contributor","Hybrid","Midwest",2013-03-05,12.61,"11 or more years"
"EMP2869","Technology and Product","Product","Professional","Individual Contributor","Hybrid","South",2022-09-11,3.09,"3-5 years"
"EMP2870","Technology and Product","Product","Professional","Individual Contributor","Remote","Midwest",2023-01-15,2.75,"1-2 years"
"EMP2871","Technology and Product","Product","Senior Professional","Individual Contributor","Remote","South",2017-03-05,8.61,"6-10 years"
"EMP2872","Technology and Product","Product","Senior Professional","Individual Contributor","Hybrid","West",2021-04-25,4.47,"3-5 years"
"EMP2873","Technology and Product","Product","Senior Professional","Individual Contributor","On-site","Midwest",2022-04-02,3.54,"3-5 years"
"EMP2874","Technology and Product","Product","Senior Professional","Individual Contributor","Remote","Midwest",2020-11-18,4.91,"3-5 years"
"EMP2875","Technology and Product","Product","Professional","Individual Contributor","On-site","South",2018-04-06,7.53,"6-10 years"
"EMP2876","Technology and Product","Product","Senior Professional","Individual Contributor","Remote","South",2025-07-13,0.26,"Less than 1 year"
"EMP2877","Technology and Product","Product","Manager","Individual Contributor","Hybrid","Midwest",2022-12-28,2.8,"1-2 years"
"EMP2878","Technology and Product","Product","Senior Professional","Individual Contributor","Hybrid","Midwest",2020-12-22,4.81,"3-5 years"
"EMP2879","Technology and Product","Product","Senior Professional","Individual Contributor","Hybrid","Midwest",2021-09-22,4.06,"3-5 years"
"EMP2880","Technology and Product","Product","Professional","Individual Contributor","Remote","Northeast",2012-01-17,13.74,"11 or more years"
"EMP2881","Corporate Services","Human Resources","Manager","People Manager","Hybrid","South",2023-12-21,1.82,"1-2 years"
"EMP2882","Corporate Services","Human Resources","Professional","Individual Contributor","On-site","Midwest",2016-12-03,8.87,"6-10 years"
"EMP2883","Corporate Services","Human Resources","Professional","Individual Contributor","Hybrid","South",2014-08-31,11.12,"11 or more years"
"EMP2884","Corporate Services","Human Resources","Professional","Individual Contributor","Remote","West",2018-11-23,6.89,"6-10 years"
"EMP2885","Corporate Services","Human Resources","Professional","Individual Contributor","Hybrid","West",2020-04-19,5.49,"3-5 years"
"EMP2886","Corporate Services","Human Resources","Professional","Individual Contributor","On-site","South",2010-09-22,15.06,"11 or more years"
"EMP2887","Corporate Services","Human Resources","Professional","Individual Contributor","Hybrid","Midwest",2017-06-22,8.31,"6-10 years"
"EMP2888","Corporate Services","Human Resources","Professional","Individual Contributor","Hybrid","Midwest",2020-10-12,5.01,"3-5 years"
"EMP2889","Corporate Services","Human Resources","Senior Professional","Individual Contributor","Hybrid","Northeast",2015-05-02,10.46,"6-10 years"
"EMP2890","Corporate Services","Human Resources","Entry Level","Individual Contributor","On-site","Northeast",2024-12-01,0.87,"Less than 1 year"
"EMP2891","Corporate Services","Human Resources","Senior Professional","Individual Contributor","Hybrid","South",2022-03-11,3.6,"3-5 years"
"EMP2892","Corporate Services","Human Resources","Professional","Individual Contributor","Hybrid","Northeast",2013-11-22,11.9,"11 or more years"
"EMP2893","Corporate Services","Human Resources","Senior Professional","Individual Contributor","Hybrid","Northeast",2020-07-16,5.25,"3-5 years"
"EMP2894","Corporate Services","Human Resources","Professional","Individual Contributor","On-site","Northeast",2020-11-02,4.95,"3-5 years"
"EMP2895","Corporate Services","Human Resources","Professional","Individual Contributor","Hybrid","Northeast",2022-01-15,3.75,"3-5 years"
"EMP2896","Corporate Services","Human Resources","Professional","Individual Contributor","Hybrid","Northeast",2022-12-11,2.84,"1-2 years"
"EMP2897","Corporate Services","Human Resources","Senior Professional","Individual Contributor","Hybrid","Northeast",2015-08-23,10.15,"6-10 years"
"EMP2898","Corporate Services","Human Resources","Senior Professional","Individual Contributor","On-site","South",2017-03-24,8.56,"6-10 years"
"EMP2899","Corporate Services","Human Resources","Professional","People Manager","On-site","Midwest",2022-11-19,2.9,"1-2 years"
"EMP2900","Corporate Services","Human Resources","Senior Professional","Individual Contributor","Remote","Northeast",2020-06-28,5.3,"3-5 years"
"EMP2901","Corporate Services","Human Resources","Manager","Individual Contributor","Hybrid","South",2011-01-16,14.75,"11 or more years"
"EMP2902","Corporate Services","Human Resources","Professional","Individual Contributor","Hybrid","South",2017-05-16,8.42,"6-10 years"
"EMP2903","Corporate Services","Human Resources","Professional","Individual Contributor","Hybrid","West",2015-10-13,10.01,"6-10 years"
"EMP2904","Corporate Services","Human Resources","Senior Professional","Individual Contributor","Remote","South",2020-04-01,5.54,"3-5 years"
"EMP2905","Corporate Services","Human Resources","Senior Professional","Individual Contributor","Hybrid","Northeast",2025-08-29,0.13,"Less than 1 year"
"EMP2906","Corporate Services","Human Resources","Professional","Individual Contributor","On-site","South",2015-03-07,10.61,"6-10 years"
"EMP2907","Corporate Services","Human Resources","Senior Professional","Individual Contributor","Hybrid","West",2006-10-05,19.03,"11 or more years"
"EMP2908","Corporate Services","Human Resources","Entry Level","Individual Contributor","Hybrid","Midwest",2023-08-23,2.15,"1-2 years"
"EMP2909","Corporate Services","Human Resources","Professional","Individual Contributor","On-site","Northeast",2024-03-01,1.62,"1-2 years"
"EMP2910","Corporate Services","Human Resources","Senior Professional","Individual Contributor","On-site","West",2017-03-19,8.57,"6-10 years"
"EMP2911","Corporate Services","Human Resources","Professional","Individual Contributor","Hybrid","Northeast",2016-12-09,8.85,"6-10 years"
"EMP2912","Corporate Services","Human Resources","Professional","Individual Contributor","Hybrid","Northeast",2024-09-24,1.06,"1-2 years"
"EMP2913","Corporate Services","Human Resources","Manager","People Manager","Hybrid","South",2025-10-03,0.03,"Less than 1 year"
"EMP2914","Corporate Services","Human Resources","Senior Professional","Individual Contributor","Remote","Northeast",2024-05-03,1.45,"1-2 years"
"EMP2915","Corporate Services","Human Resources","Professional","Individual Contributor","Hybrid","South",2007-12-24,17.81,"11 or more years"
"EMP2916","Corporate Services","Human Resources","Professional","Individual Contributor","Hybrid","Northeast",2016-07-12,9.26,"6-10 years"
"EMP2917","Corporate Services","Human Resources","Senior Professional","Individual Contributor","On-site","West",2025-03-08,0.61,"Less than 1 year"
"EMP2918","Corporate Services","Human Resources","Professional","Individual Contributor","Hybrid","Northeast",2015-12-11,9.85,"6-10 years"
"EMP2919","Corporate Services","Human Resources","Entry Level","Individual Contributor","Hybrid","Northeast",2019-08-09,6.18,"6-10 years"
"EMP2920","Corporate Services","Human Resources","Professional","Individual Contributor","Hybrid","West",2019-03-17,6.58,"6-10 years"
"EMP2921","Corporate Services","Human Resources","Senior Professional","Individual Contributor","Hybrid","West",2019-11-30,5.88,"3-5 years"
"EMP2922","Corporate Services","Human Resources","Director and Above","People Manager","On-site","West",2017-05-15,8.42,"6-10 years"
"EMP2923","Corporate Services","Human Resources","Entry Level","Individual Contributor","Hybrid","South",2025-07-15,0.25,"Less than 1 year"
"EMP2924","Corporate Services","Human Resources","Professional","Individual Contributor","Hybrid","Midwest",2021-07-28,4.22,"3-5 years"
"EMP2925","Corporate Services","Human Resources","Professional","Individual Contributor","Hybrid","Midwest",2015-01-15,10.75,"6-10 years"
"EMP2926","Corporate Services","Human Resources","Entry Level","Individual Contributor","On-site","South",2021-12-18,3.82,"3-5 years"
"EMP2927","Corporate Services","Human Resources","Senior Professional","Individual Contributor","Hybrid","West",2016-03-12,9.59,"6-10 years"
"EMP2928","Corporate Services","Human Resources","Director and Above","People Manager","Remote","Midwest",2012-07-16,13.25,"11 or more years"
"EMP2929","Corporate Services","Human Resources","Entry Level","Individual Contributor","Remote","West",2015-02-09,10.68,"6-10 years"
"EMP2930","Corporate Services","Human Resources","Professional","Individual Contributor","Hybrid","Northeast",2017-04-12,8.51,"6-10 years"
"EMP2931","Corporate Services","Human Resources","Professional","Individual Contributor","Remote","South",2023-04-04,2.53,"1-2 years"
"EMP2932","Corporate Services","Human Resources","Senior Professional","Individual Contributor","On-site","Midwest",2021-10-31,3.96,"3-5 years"
"EMP2933","Corporate Services","Human Resources","Professional","Individual Contributor","Remote","Northeast",2024-06-08,1.35,"1-2 years"
"EMP2934","Corporate Services","Human Resources","Professional","Individual Contributor","Hybrid","South",2022-07-02,3.29,"3-5 years"
"EMP2935","Corporate Services","Human Resources","Professional","People Manager","Remote","South",2025-02-15,0.66,"Less than 1 year"
"EMP2936","Corporate Services","Human Resources","Manager","People Manager","Hybrid","West",2022-11-15,2.92,"1-2 years"
"EMP2937","Corporate Services","Human Resources","Professional","Individual Contributor","Hybrid","South",2018-05-02,7.46,"6-10 years"
"EMP2938","Corporate Services","Human Resources","Professional","Individual Contributor","On-site","South",2024-07-18,1.24,"1-2 years"
"EMP2939","Corporate Services","Human Resources","Senior Professional","Individual Contributor","On-site","West",2020-06-02,5.37,"3-5 years"
"EMP2940","Corporate Services","Human Resources","Senior Professional","Individual Contributor","Hybrid","West",2024-05-01,1.46,"1-2 years"
"EMP2941","Corporate Services","Human Resources","Senior Professional","Individual Contributor","Hybrid","Midwest",2024-05-14,1.42,"1-2 years"
"EMP2942","Corporate Services","Human Resources","Professional","Individual Contributor","Hybrid","South",2025-10-09,0.02,"Less than 1 year"
"EMP2943","Corporate Services","Human Resources","Professional","Individual Contributor","Remote","Northeast",2019-11-23,5.89,"3-5 years"
"EMP2944","Corporate Services","Human Resources","Senior Professional","Individual Contributor","Hybrid","Northeast",2022-08-17,3.16,"3-5 years"
"EMP2945","Corporate Services","Human Resources","Senior Professional","Individual Contributor","Remote","South",2022-02-17,3.66,"3-5 years"
"EMP2946","Corporate Services","Human Resources","Professional","Individual Contributor","Hybrid","Northeast",2007-01-16,18.75,"11 or more years"
"EMP2947","Corporate Services","Human Resources","Professional","Individual Contributor","Hybrid","Northeast",2024-09-15,1.08,"1-2 years"
"EMP2948","Corporate Services","Human Resources","Senior Professional","Individual Contributor","Hybrid","South",2016-04-10,9.51,"6-10 years"
"EMP2949","Corporate Services","Human Resources","Senior Professional","Individual Contributor","Hybrid","South",2020-02-16,5.66,"3-5 years"
"EMP2950","Corporate Services","Human Resources","Senior Professional","Individual Contributor","Remote","Northeast",2023-04-21,2.49,"1-2 years"
"EMP2951","Corporate Services","Human Resources","Professional","Individual Contributor","On-site","Northeast",2020-03-27,5.55,"3-5 years"
"EMP2952","Corporate Services","Human Resources","Director and Above","People Manager","Hybrid","South",2016-07-15,9.25,"6-10 years"
"EMP2953","Corporate Services","Human Resources","Professional","Individual Contributor","Hybrid","West",2025-05-06,0.44,"Less than 1 year"
"EMP2954","Corporate Services","Human Resources","Senior Professional","Individual Contributor","Hybrid","Northeast",2020-10-26,4.97,"3-5 years"
"EMP2955","Corporate Services","Human Resources","Professional","Individual Contributor","Hybrid","South",2020-06-09,5.35,"3-5 years"
"EMP2956","Corporate Services","Human Resources","Professional","Individual Contributor","Hybrid","West",2025-03-21,0.57,"Less than 1 year"
"EMP2957","Corporate Services","Human Resources","Professional","Individual Contributor","Hybrid","Northeast",2022-04-16,3.5,"3-5 years"
"EMP2958","Corporate Services","Human Resources","Entry Level","Individual Contributor","Hybrid","Midwest",2025-08-08,0.19,"Less than 1 year"
"EMP2959","Corporate Services","Human Resources","Senior Professional","Individual Contributor","Hybrid","Northeast",2023-11-27,1.88,"1-2 years"
"EMP2960","Corporate Services","Human Resources","Professional","Individual Contributor","Hybrid","West",2021-08-02,4.2,"3-5 years"
"EMP2961","Corporate Services","Human Resources","Director and Above","People Manager","Hybrid","Northeast",2009-04-23,16.48,"11 or more years"
"EMP2962","Corporate Services","Human Resources","Senior Professional","Individual Contributor","Remote","South",2021-05-30,4.38,"3-5 years"
"EMP2963","Corporate Services","Human Resources","Professional","Individual Contributor","Hybrid","South",2018-12-26,6.8,"6-10 years"
"EMP2964","Corporate Services","Human Resources","Professional","Individual Contributor","Hybrid","Midwest",2024-02-14,1.67,"1-2 years"
"EMP2965","Corporate Services","Human Resources","Professional","Individual Contributor","Hybrid","Northeast",2019-08-19,6.16,"6-10 years"
"EMP2966","Corporate Services","Human Resources","Professional","Individual Contributor","Remote","Northeast",2020-10-08,5.02,"3-5 years"
"EMP2967","Corporate Services","Human Resources","Professional","Individual Contributor","Remote","Midwest",2025-07-06,0.28,"Less than 1 year"
"EMP2968","Corporate Services","Human Resources","Senior Professional","Individual Contributor","Hybrid","Midwest",2022-07-18,3.24,"3-5 years"
"EMP2969","Corporate Services","Human Resources","Entry Level","Individual Contributor","Hybrid","South",2022-09-30,3.04,"3-5 years"
"EMP2970","Corporate Services","Human Resources","Professional","Individual Contributor","Remote","Northeast",2021-01-28,4.71,"3-5 years"
"EMP2971","Corporate Services","Human Resources","Manager","People Manager","Hybrid","Midwest",2024-12-28,0.8,"Less than 1 year"
"EMP2972","Corporate Services","Human Resources","Professional","Individual Contributor","Remote","South",2023-04-05,2.53,"1-2 years"
"EMP2973","Corporate Services","Human Resources","Professional","Individual Contributor","On-site","Midwest",2020-01-31,5.71,"3-5 years"
"EMP2974","Corporate Services","Human Resources","Professional","Individual Contributor","Hybrid","Midwest",2020-07-16,5.25,"3-5 years"
"EMP2975","Corporate Services","Human Resources","Professional","People Manager","On-site","Midwest",2023-09-30,2.04,"1-2 years"
"EMP2976","Corporate Services","Human Resources","Senior Professional","People Manager","Hybrid","Northeast",2023-02-04,2.69,"1-2 years"
"EMP2977","Corporate Services","Human Resources","Professional","Individual Contributor","Hybrid","Northeast",2007-08-21,18.15,"11 or more years"
"EMP2978","Corporate Services","Human Resources","Senior Professional","Individual Contributor","Hybrid","West",2020-04-14,5.5,"3-5 years"
"EMP2979","Corporate Services","Human Resources","Professional","Individual Contributor","On-site","Northeast",2025-09-18,0.07,"Less than 1 year"
"EMP2980","Corporate Services","Human Resources","Senior Professional","Individual Contributor","Hybrid","Northeast",2021-02-04,4.69,"3-5 years"
"EMP2981","Corporate Services","Human Resources","Professional","Individual Contributor","Hybrid","Midwest",2025-03-05,0.61,"Less than 1 year"
"EMP2982","Corporate Services","Human Resources","Professional","Individual Contributor","Hybrid","Midwest",2021-11-26,3.89,"3-5 years"
"EMP2983","Corporate Services","Human Resources","Professional","Individual Contributor","Hybrid","South",2022-09-13,3.09,"3-5 years"
"EMP2984","Corporate Services","Human Resources","Professional","Individual Contributor","On-site","Northeast",2021-09-18,4.07,"3-5 years"
"EMP2985","Corporate Services","Human Resources","Senior Professional","Individual Contributor","Hybrid","Midwest",2022-01-16,3.75,"3-5 years"
"EMP2986","Corporate Services","Human Resources","Manager","People Manager","On-site","Northeast",2011-05-11,14.43,"11 or more years"
"EMP2987","Corporate Services","Human Resources","Senior Professional","Individual Contributor","On-site","West",2011-01-11,14.76,"11 or more years"
"EMP2988","Corporate Services","Human Resources","Professional","Individual Contributor","Hybrid","West",2023-05-26,2.39,"1-2 years"
"EMP2989","Corporate Services","Human Resources","Senior Professional","Individual Contributor","Hybrid","West",2020-12-17,4.83,"3-5 years"
"EMP2990","Corporate Services","Human Resources","Professional","Individual Contributor","Hybrid","Midwest",2017-03-31,8.54,"6-10 years"
"EMP2991","Corporate Services","Human Resources","Professional","Individual Contributor","Hybrid","Northeast",2017-05-25,8.39,"6-10 years"
"EMP2992","Corporate Services","Human Resources","Professional","People Manager","On-site","Northeast",2023-12-05,1.86,"1-2 years"
"EMP2993","Corporate Services","Human Resources","Professional","Individual Contributor","Hybrid","Northeast",2025-06-11,0.34,"Less than 1 year"
"EMP2994","Corporate Services","Human Resources","Professional","Individual Contributor","Hybrid","West",2019-11-25,5.89,"3-5 years"
"EMP2995","Corporate Services","Human Resources","Entry Level","Individual Contributor","Hybrid","South",2025-06-11,0.34,"Less than 1 year"
"EMP2996","Corporate Services","Human Resources","Professional","Individual Contributor","Hybrid","Northeast",2020-08-07,5.19,"3-5 years"
"EMP2997","Corporate Services","Human Resources","Professional","Individual Contributor","Hybrid","South",2024-11-15,0.91,"Less than 1 year"
"EMP2998","Corporate Services","Human Resources","Senior Professional","People Manager","Hybrid","Northeast",2021-05-14,4.42,"3-5 years"
"EMP2999","Corporate Services","Human Resources","Professional","Individual Contributor","Hybrid","West",2024-09-23,1.06,"1-2 years"
"EMP3000","Corporate Services","Human Resources","Manager","People Manager","Remote","Northeast",2015-10-01,10.04,"6-10 years"
"EMP3001","Corporate Services","Human Resources","Professional","Individual Contributor","Hybrid","South",2021-01-13,4.75,"3-5 years"
"EMP3002","Corporate Services","Human Resources","Professional","Individual Contributor","On-site","West",2007-05-24,18.4,"11 or more years"
"EMP3003","Corporate Services","Human Resources","Professional","Individual Contributor","Hybrid","South",2023-03-10,2.6,"1-2 years"
"EMP3004","Corporate Services","Human Resources","Professional","Individual Contributor","Remote","Northeast",2017-10-08,8.02,"6-10 years"
"EMP3005","Corporate Services","Human Resources","Entry Level","Individual Contributor","Hybrid","Midwest",2022-05-31,3.38,"3-5 years"
"EMP3006","Corporate Services","Human Resources","Senior Professional","People Manager","Remote","Midwest",2017-09-24,8.06,"6-10 years"
"EMP3007","Corporate Services","Human Resources","Senior Professional","Individual Contributor","Hybrid","Midwest",2018-04-06,7.53,"6-10 years"
"EMP3008","Corporate Services","Human Resources","Senior Professional","Individual Contributor","Hybrid","Northeast",2023-11-13,1.92,"1-2 years"
"EMP3009","Corporate Services","Human Resources","Entry Level","Individual Contributor","On-site","West",2025-06-13,0.34,"Less than 1 year"
"EMP3010","Corporate Services","Human Resources","Professional","Individual Contributor","On-site","Midwest",2024-11-23,0.89,"Less than 1 year"
"EMP3011","Corporate Services","Human Resources","Professional","Individual Contributor","Remote","South",2007-01-05,18.78,"11 or more years"
"EMP3012","Corporate Services","Human Resources","Senior Professional","Individual Contributor","Hybrid","Midwest",2016-09-27,9.05,"6-10 years"
"EMP3013","Corporate Services","Human Resources","Senior Professional","Individual Contributor","Hybrid","Northeast",2015-09-29,10.05,"6-10 years"
"EMP3014","Corporate Services","Human Resources","Professional","Individual Contributor","On-site","South",2022-08-12,3.18,"3-5 years"
"EMP3015","Corporate Services","Human Resources","Professional","Individual Contributor","Hybrid","South",2020-02-25,5.64,"3-5 years"
"EMP3016","Corporate Services","Human Resources","Professional","Individual Contributor","Remote","Northeast",2020-12-29,4.79,"3-5 years"
"EMP3017","Corporate Services","Human Resources","Professional","Individual Contributor","On-site","Midwest",2025-04-24,0.48,"Less than 1 year"
"EMP3018","Corporate Services","Human Resources","Entry Level","Individual Contributor","Hybrid","West",2023-07-10,2.27,"1-2 years"
"EMP3019","Corporate Services","Human Resources","Manager","People Manager","Remote","Northeast",2025-07-10,0.27,"Less than 1 year"
"EMP3020","Corporate Services","Human Resources","Manager","People Manager","Remote","South",2021-05-06,4.44,"3-5 years"
"EMP3021","Corporate Services","Human Resources","Professional","Individual Contributor","On-site","Midwest",2024-03-14,1.59,"1-2 years"
"EMP3022","Corporate Services","Human Resources","Professional","Individual Contributor","Hybrid","West",2015-01-18,10.74,"6-10 years"
"EMP3023","Corporate Services","Human Resources","Professional","Individual Contributor","On-site","Midwest",2020-02-26,5.63,"3-5 years"
"EMP3024","Corporate Services","Human Resources","Senior Professional","Individual Contributor","Remote","Northeast",2023-03-02,2.62,"1-2 years"
"EMP3025","Corporate Services","Human Resources","Manager","Individual Contributor","On-site","South",2025-03-02,0.62,"Less than 1 year"
"EMP3026","Corporate Services","Human Resources","Manager","People Manager","Hybrid","Midwest",2025-05-01,0.46,"Less than 1 year"
"EMP3027","Corporate Services","Human Resources","Entry Level","Individual Contributor","On-site","Midwest",2025-03-17,0.58,"Less than 1 year"
"EMP3028","Corporate Services","Human Resources","Senior Professional","Individual Contributor","Hybrid","Midwest",2005-04-12,20.51,"11 or more years"
"EMP3029","Corporate Services","Human Resources","Professional","Individual Contributor","Hybrid","Midwest",2023-06-13,2.34,"1-2 years"
"EMP3030","Corporate Services","Human Resources","Senior Professional","Individual Contributor","Hybrid","West",2010-10-30,14.96,"11 or more years"
"EMP3031","Corporate Services","Human Resources","Entry Level","Individual Contributor","Hybrid","Northeast",2017-06-22,8.31,"6-10 years"
"EMP3032","Corporate Services","Human Resources","Senior Professional","Individual Contributor","Remote","Northeast",2023-07-10,2.27,"1-2 years"
"EMP3033","Corporate Services","Human Resources","Professional","Individual Contributor","On-site","Northeast",2023-02-17,2.66,"1-2 years"
"EMP3034","Corporate Services","Human Resources","Professional","Individual Contributor","Hybrid","Midwest",2020-04-07,5.52,"3-5 years"
"EMP3035","Corporate Services","Human Resources","Professional","Individual Contributor","Hybrid","Northeast",2025-06-09,0.35,"Less than 1 year"
"EMP3036","Corporate Services","Human Resources","Entry Level","Individual Contributor","Hybrid","South",2024-01-11,1.76,"1-2 years"
"EMP3037","Corporate Services","Human Resources","Professional","Individual Contributor","Hybrid","South",2024-02-21,1.65,"1-2 years"
"EMP3038","Corporate Services","Human Resources","Professional","Individual Contributor","Hybrid","Northeast",2020-08-26,5.14,"3-5 years"
"EMP3039","Corporate Services","Human Resources","Professional","Individual Contributor","On-site","Midwest",2024-01-31,1.71,"1-2 years"
"EMP3040","Corporate Services","Human Resources","Senior Professional","Individual Contributor","Hybrid","Northeast",2025-07-07,0.27,"Less than 1 year"
"EMP3041","Corporate Services","Human Resources","Professional","Individual Contributor","Hybrid","South",2024-07-09,1.27,"1-2 years"
"EMP3042","Corporate Services","Human Resources","Senior Professional","Individual Contributor","Hybrid","South",2022-04-02,3.54,"3-5 years"
"EMP3043","Corporate Services","Human Resources","Professional","Individual Contributor","Hybrid","Midwest",2024-02-19,1.65,"1-2 years"
"EMP3044","Corporate Services","Human Resources","Professional","Individual Contributor","Remote","Midwest",2022-03-11,3.6,"3-5 years"
"EMP3045","Corporate Services","Human Resources","Professional","Individual Contributor","Remote","South",2021-07-29,4.21,"3-5 years"
"EMP3046","Corporate Services","Human Resources","Director and Above","Individual Contributor","Hybrid","Northeast",2014-12-29,10.8,"6-10 years"
"EMP3047","Corporate Services","Human Resources","Manager","Individual Contributor","Hybrid","South",2022-10-28,2.97,"1-2 years"
"EMP3048","Corporate Services","Human Resources","Professional","Individual Contributor","Hybrid","West",2019-01-02,6.78,"6-10 years"
"EMP3049","Corporate Services","Human Resources","Professional","Individual Contributor","Remote","Midwest",2024-03-28,1.55,"1-2 years"
"EMP3050","Corporate Services","Human Resources","Entry Level","Individual Contributor","Hybrid","Northeast",2025-03-10,0.6,"Less than 1 year"
"EMP3051","Corporate Services","Human Resources","Manager","People Manager","On-site","South",2016-07-28,9.22,"6-10 years"
"EMP3052","Corporate Services","Human Resources","Professional","Individual Contributor","Remote","West",2022-03-26,3.56,"3-5 years"
"EMP3053","Corporate Services","Human Resources","Manager","People Manager","Hybrid","South",2012-02-08,13.68,"11 or more years"
"EMP3054","Corporate Services","Human Resources","Professional","Individual Contributor","Hybrid","Midwest",2022-08-13,3.17,"3-5 years"
"EMP3055","Corporate Services","Human Resources","Professional","Individual Contributor","Hybrid","Midwest",2021-02-21,4.65,"3-5 years"
"EMP3056","Corporate Services","Human Resources","Professional","Individual Contributor","Hybrid","Midwest",2025-04-01,0.54,"Less than 1 year"
"EMP3057","Corporate Services","Human Resources","Senior Professional","Individual Contributor","Remote","Midwest",2023-03-31,2.54,"1-2 years"
"EMP3058","Corporate Services","Human Resources","Senior Professional","Individual Contributor","Hybrid","West",2018-08-11,7.18,"6-10 years"
"EMP3059","Corporate Services","Human Resources","Senior Professional","Individual Contributor","Hybrid","Midwest",2015-07-03,10.29,"6-10 years"
"EMP3060","Corporate Services","Human Resources","Professional","Individual Contributor","Remote","Northeast",2006-05-01,19.46,"11 or more years"
"EMP3061","Corporate Services","Finance","Professional","Individual Contributor","Hybrid","South",2014-03-23,11.56,"11 or more years"
"EMP3062","Corporate Services","Finance","Professional","Individual Contributor","On-site","West",2020-09-10,5.1,"3-5 years"
"EMP3063","Corporate Services","Finance","Director and Above","People Manager","Hybrid","South",2019-02-02,6.7,"6-10 years"
"EMP3064","Corporate Services","Finance","Senior Professional","Individual Contributor","Hybrid","Northeast",2020-11-14,4.92,"3-5 years"
"EMP3065","Corporate Services","Finance","Senior Professional","Individual Contributor","On-site","Midwest",2024-10-04,1.03,"1-2 years"
"EMP3066","Corporate Services","Finance","Professional","Individual Contributor","Hybrid","West",2025-06-20,0.32,"Less than 1 year"
"EMP3067","Corporate Services","Finance","Professional","Individual Contributor","Hybrid","Midwest",2022-11-21,2.9,"1-2 years"
"EMP3068","Corporate Services","Finance","Manager","People Manager","Remote","South",2010-05-21,15.4,"11 or more years"
"EMP3069","Corporate Services","Finance","Senior Professional","People Manager","Remote","Northeast",2017-03-04,8.62,"6-10 years"
"EMP3070","Corporate Services","Finance","Entry Level","Individual Contributor","On-site","South",2023-04-04,2.53,"1-2 years"
"EMP3071","Corporate Services","Finance","Professional","Individual Contributor","Hybrid","Midwest",2024-11-19,0.9,"Less than 1 year"
"EMP3072","Corporate Services","Finance","Professional","Individual Contributor","On-site","South",2025-09-06,0.11,"Less than 1 year"
"EMP3073","Corporate Services","Finance","Professional","Individual Contributor","Remote","West",2024-04-14,1.5,"1-2 years"
"EMP3074","Corporate Services","Finance","Professional","Individual Contributor","Hybrid","Midwest",2024-01-23,1.73,"1-2 years"
"EMP3075","Corporate Services","Finance","Senior Professional","Individual Contributor","Hybrid","Midwest",2016-04-25,9.47,"6-10 years"
"EMP3076","Corporate Services","Finance","Professional","Individual Contributor","Hybrid","South",2025-06-30,0.29,"Less than 1 year"
"EMP3077","Corporate Services","Finance","Entry Level","Individual Contributor","Hybrid","Midwest",2018-10-29,6.96,"6-10 years"
"EMP3078","Corporate Services","Finance","Professional","Individual Contributor","On-site","West",2016-12-03,8.87,"6-10 years"
"EMP3079","Corporate Services","Finance","Professional","Individual Contributor","Hybrid","South",2025-01-17,0.74,"Less than 1 year"
"EMP3080","Corporate Services","Finance","Senior Professional","Individual Contributor","Hybrid","West",2018-12-15,6.83,"6-10 years"
"EMP3081","Corporate Services","Finance","Director and Above","People Manager","Hybrid","Northeast",2025-02-27,0.63,"Less than 1 year"
"EMP3082","Corporate Services","Finance","Professional","Individual Contributor","On-site","South",2020-09-18,5.07,"3-5 years"
"EMP3083","Corporate Services","Finance","Professional","Individual Contributor","On-site","Northeast",2017-01-29,8.71,"6-10 years"
"EMP3084","Corporate Services","Finance","Professional","Individual Contributor","Remote","South",2022-10-11,3.01,"3-5 years"
"EMP3085","Corporate Services","Finance","Senior Professional","Individual Contributor","On-site","Northeast",2024-06-25,1.31,"1-2 years"
"EMP3086","Corporate Services","Finance","Professional","Individual Contributor","On-site","South",2020-03-08,5.6,"3-5 years"
"EMP3087","Corporate Services","Finance","Professional","Individual Contributor","Hybrid","Northeast",2012-05-31,13.37,"11 or more years"
"EMP3088","Corporate Services","Finance","Professional","Individual Contributor","On-site","Midwest",2023-10-29,1.96,"1-2 years"
"EMP3089","Corporate Services","Finance","Senior Professional","People Manager","On-site","Northeast",2017-10-14,8,"6-10 years"
"EMP3090","Corporate Services","Finance","Professional","People Manager","Remote","Midwest",2020-05-02,5.45,"3-5 years"
"EMP3091","Corporate Services","Finance","Professional","Individual Contributor","Hybrid","Midwest",2012-07-15,13.25,"11 or more years"
"EMP3092","Corporate Services","Finance","Senior Professional","Individual Contributor","Hybrid","Northeast",2019-01-21,6.73,"6-10 years"
"EMP3093","Corporate Services","Finance","Manager","People Manager","On-site","South",2023-12-05,1.86,"1-2 years"
"EMP3094","Corporate Services","Finance","Senior Professional","Individual Contributor","On-site","Northeast",2019-11-17,5.91,"3-5 years"
"EMP3095","Corporate Services","Finance","Professional","Individual Contributor","Hybrid","Northeast",2018-05-16,7.42,"6-10 years"
"EMP3096","Corporate Services","Finance","Senior Professional","People Manager","Hybrid","West",2017-04-09,8.52,"6-10 years"
"EMP3097","Corporate Services","Finance","Senior Professional","Individual Contributor","On-site","South",2019-12-25,5.81,"3-5 years"
"EMP3098","Corporate Services","Finance","Senior Professional","Individual Contributor","On-site","South",2020-11-01,4.95,"3-5 years"
"EMP3099","Corporate Services","Finance","Senior Professional","Individual Contributor","On-site","Midwest",2022-12-25,2.81,"1-2 years"
"EMP3100","Corporate Services","Finance","Professional","Individual Contributor","Hybrid","Northeast",2020-09-19,5.07,"3-5 years"
"EMP3101","Corporate Services","Finance","Senior Professional","Individual Contributor","Hybrid","West",2024-03-26,1.56,"1-2 years"
"EMP3102","Corporate Services","Finance","Professional","Individual Contributor","Hybrid","West",2006-05-01,19.46,"11 or more years"
"EMP3103","Corporate Services","Finance","Professional","Individual Contributor","Hybrid","South",2021-04-01,4.54,"3-5 years"
"EMP3104","Corporate Services","Finance","Manager","People Manager","Remote","Midwest",2019-08-20,6.15,"6-10 years"
"EMP3105","Corporate Services","Finance","Professional","Individual Contributor","Hybrid","Northeast",2019-12-10,5.85,"3-5 years"
"EMP3106","Corporate Services","Finance","Professional","Individual Contributor","Hybrid","Northeast",2022-10-23,2.98,"1-2 years"
"EMP3107","Corporate Services","Finance","Entry Level","Individual Contributor","On-site","South",2025-04-09,0.52,"Less than 1 year"
"EMP3108","Corporate Services","Finance","Professional","Individual Contributor","Hybrid","Northeast",2019-12-12,5.84,"3-5 years"
"EMP3109","Corporate Services","Finance","Senior Professional","People Manager","Hybrid","Midwest",2024-11-04,0.94,"Less than 1 year"
"EMP3110","Corporate Services","Finance","Professional","Individual Contributor","On-site","Northeast",2022-09-12,3.09,"3-5 years"
"EMP3111","Corporate Services","Finance","Senior Professional","Individual Contributor","Remote","Midwest",2021-08-22,4.15,"3-5 years"
"EMP3112","Corporate Services","Finance","Entry Level","Individual Contributor","Hybrid","Midwest",2020-04-27,5.47,"3-5 years"
"EMP3113","Corporate Services","Finance","Professional","Individual Contributor","Hybrid","South",2018-09-24,7.06,"6-10 years"
"EMP3114","Corporate Services","Finance","Professional","Individual Contributor","Hybrid","South",2019-08-16,6.17,"6-10 years"
"EMP3115","Corporate Services","Finance","Professional","Individual Contributor","On-site","West",2020-01-05,5.78,"3-5 years"
"EMP3116","Corporate Services","Finance","Manager","People Manager","Hybrid","South",2010-09-08,15.1,"11 or more years"
"EMP3117","Corporate Services","Finance","Professional","Individual Contributor","Hybrid","South",2020-09-26,5.05,"3-5 years"
"EMP3118","Corporate Services","Finance","Manager","People Manager","Hybrid","South",2007-12-29,17.8,"11 or more years"
"EMP3119","Corporate Services","Finance","Senior Professional","Individual Contributor","Remote","Northeast",2015-05-15,10.42,"6-10 years"
"EMP3120","Corporate Services","Finance","Senior Professional","Individual Contributor","On-site","Northeast",2016-09-01,9.12,"6-10 years"
"EMP3121","Corporate Services","Finance","Senior Professional","Individual Contributor","Hybrid","South",2021-01-23,4.73,"3-5 years"
"EMP3122","Corporate Services","Finance","Senior Professional","Individual Contributor","Hybrid","South",2022-12-18,2.83,"1-2 years"
"EMP3123","Corporate Services","Finance","Professional","Individual Contributor","Hybrid","West",2025-03-02,0.62,"Less than 1 year"
"EMP3124","Corporate Services","Finance","Professional","Individual Contributor","On-site","Midwest",2011-01-30,14.71,"11 or more years"
"EMP3125","Corporate Services","Finance","Professional","Individual Contributor","On-site","West",2023-11-02,1.95,"1-2 years"
"EMP3126","Corporate Services","Finance","Professional","Individual Contributor","Hybrid","South",2025-08-27,0.13,"Less than 1 year"
"EMP3127","Corporate Services","Finance","Professional","Individual Contributor","Remote","West",2018-09-19,7.07,"6-10 years"
"EMP3128","Corporate Services","Finance","Entry Level","Individual Contributor","Hybrid","Midwest",2022-11-14,2.92,"1-2 years"
"EMP3129","Corporate Services","Finance","Professional","Individual Contributor","Hybrid","Midwest",2023-03-25,2.56,"1-2 years"
"EMP3130","Corporate Services","Finance","Senior Professional","Individual Contributor","Hybrid","Northeast",2005-01-14,20.75,"11 or more years"
"EMP3131","Corporate Services","Finance","Senior Professional","People Manager","Hybrid","West",2021-02-01,4.7,"3-5 years"
"EMP3132","Corporate Services","Finance","Entry Level","Individual Contributor","Hybrid","Northeast",2018-04-09,7.52,"6-10 years"
"EMP3133","Corporate Services","Finance","Entry Level","Individual Contributor","Hybrid","Northeast",2024-10-30,0.96,"Less than 1 year"
"EMP3134","Corporate Services","Finance","Director and Above","People Manager","Hybrid","South",2022-05-03,3.45,"3-5 years"
"EMP3135","Corporate Services","Finance","Senior Professional","Individual Contributor","Hybrid","West",2016-10-24,8.97,"6-10 years"
"EMP3136","Corporate Services","Finance","Senior Professional","Individual Contributor","Hybrid","Midwest",2020-08-11,5.18,"3-5 years"
"EMP3137","Corporate Services","Finance","Professional","Individual Contributor","Hybrid","South",2023-05-11,2.43,"1-2 years"
"EMP3138","Corporate Services","Finance","Professional","Individual Contributor","On-site","Northeast",2021-06-06,4.36,"3-5 years"
"EMP3139","Corporate Services","Finance","Senior Professional","Individual Contributor","Hybrid","West",2024-06-12,1.34,"1-2 years"
"EMP3140","Corporate Services","Finance","Senior Professional","Individual Contributor","Hybrid","South",2016-02-09,9.68,"6-10 years"
"EMP3141","Corporate Services","Finance","Senior Professional","Individual Contributor","Hybrid","South",2011-02-27,14.63,"11 or more years"
"EMP3142","Corporate Services","Finance","Senior Professional","Individual Contributor","On-site","West",2023-08-14,2.17,"1-2 years"
"EMP3143","Corporate Services","Finance","Entry Level","Individual Contributor","Hybrid","Northeast",2020-12-12,4.84,"3-5 years"
"EMP3144","Corporate Services","Finance","Manager","People Manager","On-site","Northeast",2023-04-26,2.47,"1-2 years"
"EMP3145","Corporate Services","Finance","Senior Professional","People Manager","Hybrid","Northeast",2020-04-09,5.52,"3-5 years"
"EMP3146","Corporate Services","Finance","Professional","Individual Contributor","Remote","South",2021-03-26,4.56,"3-5 years"
"EMP3147","Corporate Services","Finance","Senior Professional","Individual Contributor","On-site","West",2020-03-28,5.55,"3-5 years"
"EMP3148","Corporate Services","Finance","Senior Professional","Individual Contributor","Hybrid","South",2009-05-07,16.44,"11 or more years"
"EMP3149","Corporate Services","Finance","Professional","Individual Contributor","Hybrid","South",2021-01-30,4.71,"3-5 years"
"EMP3150","Corporate Services","Finance","Senior Professional","Individual Contributor","Hybrid","Northeast",2024-06-10,1.35,"1-2 years"
"EMP3151","Corporate Services","Finance","Entry Level","Individual Contributor","Hybrid","Northeast",2025-08-24,0.14,"Less than 1 year"
"EMP3152","Corporate Services","Finance","Entry Level","Individual Contributor","On-site","Midwest",2025-01-24,0.72,"Less than 1 year"
"EMP3153","Corporate Services","Finance","Professional","Individual Contributor","Hybrid","Midwest",2015-02-27,10.63,"6-10 years"
"EMP3154","Corporate Services","Finance","Professional","Individual Contributor","Remote","Midwest",2020-07-08,5.27,"3-5 years"
"EMP3155","Corporate Services","Finance","Manager","People Manager","Hybrid","Midwest",2018-02-08,7.68,"6-10 years"
"EMP3156","Corporate Services","Finance","Senior Professional","Individual Contributor","Hybrid","Northeast",2021-10-28,3.96,"3-5 years"
"EMP3157","Corporate Services","Finance","Professional","Individual Contributor","Remote","Midwest",2024-03-14,1.59,"1-2 years"
"EMP3158","Corporate Services","Finance","Professional","Individual Contributor","Hybrid","Midwest",2022-01-18,3.74,"3-5 years"
"EMP3159","Corporate Services","Finance","Professional","Individual Contributor","Hybrid","West",2024-09-30,1.04,"1-2 years"
"EMP3160","Corporate Services","Finance","Manager","People Manager","Hybrid","Northeast",2015-06-23,10.31,"6-10 years"
"EMP3161","Corporate Services","Finance","Professional","Individual Contributor","Hybrid","Midwest",2020-10-16,5,"3-5 years"
"EMP3162","Corporate Services","Finance","Professional","Individual Contributor","Hybrid","South",2022-12-16,2.83,"1-2 years"
"EMP3163","Corporate Services","Finance","Professional","Individual Contributor","On-site","South",2025-01-03,0.78,"Less than 1 year"
"EMP3164","Corporate Services","Finance","Professional","Individual Contributor","Hybrid","Northeast",2020-09-02,5.12,"3-5 years"
"EMP3165","Corporate Services","Finance","Senior Professional","Individual Contributor","Hybrid","Northeast",2020-02-21,5.65,"3-5 years"
"EMP3166","Corporate Services","Finance","Manager","People Manager","Hybrid","Northeast",2025-01-23,0.73,"Less than 1 year"
"EMP3167","Corporate Services","Finance","Senior Professional","Individual Contributor","Hybrid","Northeast",2019-08-08,6.19,"6-10 years"
"EMP3168","Corporate Services","Finance","Professional","People Manager","Hybrid","Midwest",2024-08-27,1.13,"1-2 years"
"EMP3169","Corporate Services","Finance","Entry Level","Individual Contributor","Hybrid","Northeast",2020-06-25,5.31,"3-5 years"
"EMP3170","Corporate Services","Finance","Professional","Individual Contributor","Hybrid","West",2020-10-20,4.99,"3-5 years"
"EMP3171","Corporate Services","Finance","Professional","Individual Contributor","Remote","Midwest",2017-09-02,8.12,"6-10 years"
"EMP3172","Corporate Services","Finance","Senior Professional","Individual Contributor","Hybrid","South",2022-02-12,3.67,"3-5 years"
"EMP3173","Corporate Services","Finance","Professional","Individual Contributor","On-site","West",2021-06-03,4.37,"3-5 years"
"EMP3174","Corporate Services","Finance","Professional","Individual Contributor","Hybrid","West",2025-09-05,0.11,"Less than 1 year"
"EMP3175","Corporate Services","Finance","Professional","Individual Contributor","Remote","West",2024-09-25,1.05,"1-2 years"
"EMP3176","Corporate Services","Finance","Professional","Individual Contributor","On-site","Midwest",2020-01-19,5.74,"3-5 years"
"EMP3177","Corporate Services","Finance","Manager","Individual Contributor","Hybrid","South",2006-01-07,19.77,"11 or more years"
"EMP3178","Corporate Services","Finance","Senior Professional","Individual Contributor","On-site","South",2021-06-16,4.33,"3-5 years"
"EMP3179","Corporate Services","Finance","Entry Level","Individual Contributor","Hybrid","Northeast",2016-03-27,9.55,"6-10 years"
"EMP3180","Corporate Services","Finance","Professional","Individual Contributor","Hybrid","Midwest",2024-12-25,0.8,"Less than 1 year"
"EMP3181","Corporate Services","Finance","Professional","Individual Contributor","On-site","Northeast",2022-07-11,3.26,"3-5 years"
"EMP3182","Corporate Services","Finance","Professional","Individual Contributor","Hybrid","Midwest",2024-12-22,0.81,"Less than 1 year"
"EMP3183","Corporate Services","Finance","Senior Professional","Individual Contributor","Hybrid","South",2017-01-23,8.73,"6-10 years"
"EMP3184","Corporate Services","Finance","Senior Professional","Individual Contributor","Hybrid","Northeast",2024-09-28,1.05,"1-2 years"
"EMP3185","Corporate Services","Finance","Professional","Individual Contributor","On-site","West",2023-12-28,1.8,"1-2 years"
"EMP3186","Corporate Services","Finance","Manager","Individual Contributor","On-site","Midwest",2015-04-29,10.46,"6-10 years"
"EMP3187","Corporate Services","Finance","Entry Level","Individual Contributor","On-site","South",2022-02-15,3.66,"3-5 years"
"EMP3188","Corporate Services","Finance","Entry Level","Individual Contributor","Hybrid","West",2023-02-18,2.66,"1-2 years"
"EMP3189","Corporate Services","Finance","Senior Professional","Individual Contributor","Hybrid","Midwest",2019-04-28,6.47,"6-10 years"
"EMP3190","Corporate Services","Finance","Senior Professional","Individual Contributor","Hybrid","West",2024-12-06,0.86,"Less than 1 year"
"EMP3191","Corporate Services","Finance","Manager","People Manager","Hybrid","South",2018-03-05,7.61,"6-10 years"
"EMP3192","Corporate Services","Finance","Senior Professional","Individual Contributor","Hybrid","Northeast",2019-03-04,6.62,"6-10 years"
"EMP3193","Corporate Services","Finance","Entry Level","Individual Contributor","Hybrid","Midwest",2023-12-12,1.84,"1-2 years"
"EMP3194","Corporate Services","Finance","Senior Professional","Individual Contributor","On-site","Northeast",2011-05-11,14.43,"11 or more years"
"EMP3195","Corporate Services","Finance","Senior Professional","Individual Contributor","Hybrid","South",2012-04-22,13.48,"11 or more years"
"EMP3196","Corporate Services","Finance","Professional","Individual Contributor","Hybrid","Northeast",2025-04-09,0.52,"Less than 1 year"
"EMP3197","Corporate Services","Finance","Professional","Individual Contributor","Remote","West",2019-11-16,5.91,"3-5 years"
"EMP3198","Corporate Services","Finance","Professional","Individual Contributor","Hybrid","South",2023-05-04,2.45,"1-2 years"
"EMP3199","Corporate Services","Finance","Professional","Individual Contributor","Hybrid","Midwest",2025-02-09,0.68,"Less than 1 year"
"EMP3200","Corporate Services","Finance","Professional","Individual Contributor","On-site","Northeast",2022-04-30,3.46,"3-5 years"
"EMP3201","Corporate Services","Finance","Senior Professional","Individual Contributor","Remote","Northeast",2024-08-12,1.17,"1-2 years"
"EMP3202","Corporate Services","Finance","Senior Professional","Individual Contributor","Remote","Northeast",2023-09-17,2.08,"1-2 years"
"EMP3203","Corporate Services","Finance","Entry Level","Individual Contributor","On-site","South",2016-05-10,9.43,"6-10 years"
"EMP3204","Corporate Services","Finance","Professional","Individual Contributor","Hybrid","Midwest",2023-09-17,2.08,"1-2 years"
"EMP3205","Corporate Services","Finance","Senior Professional","Individual Contributor","Hybrid","West",2024-08-15,1.17,"1-2 years"
"EMP3206","Corporate Services","Finance","Professional","Individual Contributor","On-site","West",2023-11-24,1.89,"1-2 years"
"EMP3207","Corporate Services","Finance","Professional","Individual Contributor","Hybrid","Northeast",2020-11-12,4.92,"3-5 years"
"EMP3208","Corporate Services","Finance","Professional","Individual Contributor","On-site","Midwest",2015-08-31,10.12,"6-10 years"
"EMP3209","Corporate Services","Finance","Professional","Individual Contributor","Hybrid","Northeast",2022-04-24,3.48,"3-5 years"
"EMP3210","Corporate Services","Finance","Entry Level","Individual Contributor","Hybrid","Northeast",2017-06-05,8.36,"6-10 years"
"EMP3211","Corporate Services","Finance","Professional","Individual Contributor","Remote","Midwest",2024-05-26,1.39,"1-2 years"
"EMP3212","Corporate Services","Finance","Entry Level","Individual Contributor","Remote","South",2022-05-13,3.43,"3-5 years"
"EMP3213","Corporate Services","Finance","Senior Professional","Individual Contributor","Remote","West",2005-11-09,19.93,"11 or more years"
"EMP3214","Corporate Services","Finance","Professional","Individual Contributor","Hybrid","South",2014-10-22,10.98,"6-10 years"
"EMP3215","Corporate Services","Finance","Professional","Individual Contributor","Hybrid","South",2025-04-14,0.5,"Less than 1 year"
"EMP3216","Corporate Services","Finance","Senior Professional","Individual Contributor","Hybrid","South",2023-10-23,1.98,"1-2 years"
"EMP3217","Corporate Services","Finance","Professional","Individual Contributor","Hybrid","West",2011-12-12,13.84,"11 or more years"
"EMP3218","Corporate Services","Finance","Professional","Individual Contributor","Hybrid","West",2023-05-29,2.38,"1-2 years"
"EMP3219","Corporate Services","Finance","Professional","Individual Contributor","Hybrid","South",2025-02-09,0.68,"Less than 1 year"
"EMP3220","Corporate Services","Finance","Professional","Individual Contributor","Hybrid","South",2021-06-12,4.34,"3-5 years"
"EMP3221","Corporate Services","Finance","Entry Level","Individual Contributor","On-site","West",2025-09-13,0.09,"Less than 1 year"
"EMP3222","Corporate Services","Finance","Senior Professional","Individual Contributor","Remote","West",2022-07-12,3.26,"3-5 years"
"EMP3223","Corporate Services","Finance","Professional","Individual Contributor","On-site","Northeast",2025-01-03,0.78,"Less than 1 year"
"EMP3224","Corporate Services","Finance","Senior Professional","Individual Contributor","Hybrid","Midwest",2017-11-27,7.88,"6-10 years"
"EMP3225","Corporate Services","Finance","Professional","People Manager","Remote","Northeast",2018-05-08,7.44,"6-10 years"
"EMP3226","Corporate Services","Finance","Professional","Individual Contributor","On-site","Northeast",2017-01-23,8.73,"6-10 years"
"EMP3227","Corporate Services","Finance","Professional","Individual Contributor","Hybrid","Midwest",2020-02-28,5.63,"3-5 years"
"EMP3228","Corporate Services","Finance","Senior Professional","Individual Contributor","Remote","Northeast",2018-09-26,7.05,"6-10 years"
"EMP3229","Corporate Services","Finance","Senior Professional","Individual Contributor","Hybrid","Midwest",2022-03-07,3.61,"3-5 years"
"EMP3230","Corporate Services","Finance","Senior Professional","Individual Contributor","Remote","South",2016-01-27,9.72,"6-10 years"
"EMP3231","Corporate Services","Finance","Senior Professional","Individual Contributor","Hybrid","Northeast",2021-06-25,4.31,"3-5 years"
"EMP3232","Corporate Services","Finance","Professional","Individual Contributor","Hybrid","West",2023-12-29,1.8,"1-2 years"
"EMP3233","Corporate Services","Finance","Professional","Individual Contributor","Hybrid","South",2023-01-14,2.75,"1-2 years"
"EMP3234","Corporate Services","Finance","Senior Professional","People Manager","Remote","South",2024-09-22,1.06,"1-2 years"
"EMP3235","Corporate Services","Finance","Professional","Individual Contributor","Remote","West",2025-09-12,0.09,"Less than 1 year"
"EMP3236","Corporate Services","Finance","Professional","People Manager","Remote","Midwest",2023-04-05,2.53,"1-2 years"
"EMP3237","Corporate Services","Finance","Senior Professional","Individual Contributor","Hybrid","West",2025-06-23,0.31,"Less than 1 year"
"EMP3238","Corporate Services","Finance","Professional","Individual Contributor","Remote","Northeast",2017-07-19,8.24,"6-10 years"
"EMP3239","Corporate Services","Finance","Professional","Individual Contributor","Hybrid","Midwest",2023-11-08,1.94,"1-2 years"
"EMP3240","Corporate Services","Finance","Professional","Individual Contributor","On-site","South",2018-03-05,7.61,"6-10 years"
"EMP3241","Corporate Services","Sales and Marketing","Professional","Individual Contributor","Remote","South",2020-12-20,4.82,"3-5 years"
"EMP3242","Corporate Services","Sales and Marketing","Professional","Individual Contributor","Hybrid","South",2019-02-27,6.63,"6-10 years"
"EMP3243","Corporate Services","Sales and Marketing","Entry Level","Individual Contributor","Hybrid","West",2005-08-16,20.16,"11 or more years"
"EMP3244","Corporate Services","Sales and Marketing","Senior Professional","Individual Contributor","Hybrid","Northeast",2008-01-15,17.75,"11 or more years"
"EMP3245","Corporate Services","Sales and Marketing","Entry Level","Individual Contributor","Remote","Northeast",2025-07-11,0.26,"Less than 1 year"
"EMP3246","Corporate Services","Sales and Marketing","Entry Level","Individual Contributor","Remote","Northeast",2025-06-18,0.33,"Less than 1 year"
"EMP3247","Corporate Services","Sales and Marketing","Senior Professional","Individual Contributor","Remote","South",2010-04-08,15.52,"11 or more years"
"EMP3248","Corporate Services","Sales and Marketing","Professional","Individual Contributor","On-site","South",2015-02-22,10.64,"6-10 years"
"EMP3249","Corporate Services","Sales and Marketing","Senior Professional","Individual Contributor","Remote","Midwest",2023-10-18,1.99,"1-2 years"
"EMP3250","Corporate Services","Sales and Marketing","Senior Professional","Individual Contributor","Remote","Northeast",2015-06-18,10.33,"6-10 years"
"EMP3251","Corporate Services","Sales and Marketing","Manager","People Manager","Remote","Midwest",2023-06-01,2.37,"1-2 years"
"EMP3252","Corporate Services","Sales and Marketing","Senior Professional","Individual Contributor","Remote","Northeast",2021-02-05,4.69,"3-5 years"
"EMP3253","Corporate Services","Sales and Marketing","Professional","Individual Contributor","Hybrid","Northeast",2016-04-11,9.51,"6-10 years"
"EMP3254","Corporate Services","Sales and Marketing","Entry Level","Individual Contributor","Hybrid","South",2024-09-15,1.08,"1-2 years"
"EMP3255","Corporate Services","Sales and Marketing","Senior Professional","Individual Contributor","Remote","Midwest",2010-02-23,15.64,"11 or more years"
"EMP3256","Corporate Services","Sales and Marketing","Director and Above","People Manager","Remote","South",2021-01-07,4.77,"3-5 years"
"EMP3257","Corporate Services","Sales and Marketing","Entry Level","Individual Contributor","Remote","South",2023-02-15,2.66,"1-2 years"
"EMP3258","Corporate Services","Sales and Marketing","Entry Level","Individual Contributor","Remote","Northeast",2025-07-25,0.22,"Less than 1 year"
"EMP3259","Corporate Services","Sales and Marketing","Professional","Individual Contributor","Remote","Midwest",2024-11-18,0.91,"Less than 1 year"
"EMP3260","Corporate Services","Sales and Marketing","Professional","Individual Contributor","Hybrid","West",2023-02-10,2.68,"1-2 years"
"EMP3261","Corporate Services","Sales and Marketing","Manager","People Manager","On-site","West",2020-02-10,5.68,"3-5 years"
"EMP3262","Corporate Services","Sales and Marketing","Senior Professional","Individual Contributor","Hybrid","Midwest",2022-02-28,3.63,"3-5 years"
"EMP3263","Corporate Services","Sales and Marketing","Professional","Individual Contributor","Hybrid","West",2023-11-10,1.93,"1-2 years"
"EMP3264","Corporate Services","Sales and Marketing","Professional","Individual Contributor","On-site","Northeast",2015-01-13,10.75,"6-10 years"
"EMP3265","Corporate Services","Sales and Marketing","Professional","Individual Contributor","Remote","South",2022-06-12,3.34,"3-5 years"
"EMP3266","Corporate Services","Sales and Marketing","Entry Level","Individual Contributor","Remote","South",2007-03-26,18.56,"11 or more years"
"EMP3267","Corporate Services","Sales and Marketing","Entry Level","Individual Contributor","Remote","Northeast",2025-09-15,0.08,"Less than 1 year"
"EMP3268","Corporate Services","Sales and Marketing","Director and Above","People Manager","Hybrid","Northeast",2020-09-20,5.07,"3-5 years"
"EMP3269","Corporate Services","Sales and Marketing","Director and Above","People Manager","Remote","West",2024-07-15,1.25,"1-2 years"
"EMP3270","Corporate Services","Sales and Marketing","Entry Level","Individual Contributor","Remote","South",2023-01-02,2.78,"1-2 years"
"EMP3271","Corporate Services","Sales and Marketing","Manager","Individual Contributor","Remote","Northeast",2024-09-22,1.06,"1-2 years"
"EMP3272","Corporate Services","Sales and Marketing","Professional","Individual Contributor","Hybrid","South",2024-01-18,1.74,"1-2 years"
"EMP3273","Corporate Services","Sales and Marketing","Professional","Individual Contributor","Remote","West",2011-12-04,13.86,"11 or more years"
"EMP3274","Corporate Services","Sales and Marketing","Professional","Individual Contributor","Hybrid","Midwest",2021-09-08,4.1,"3-5 years"
"EMP3275","Corporate Services","Sales and Marketing","Manager","People Manager","Remote","West",2025-02-05,0.69,"Less than 1 year"
"EMP3276","Corporate Services","Sales and Marketing","Senior Professional","Individual Contributor","Hybrid","South",2025-07-13,0.26,"Less than 1 year"
"EMP3277","Corporate Services","Sales and Marketing","Senior Professional","Individual Contributor","Remote","West",2021-04-30,4.46,"3-5 years"
"EMP3278","Corporate Services","Sales and Marketing","Professional","Individual Contributor","Hybrid","Northeast",2021-05-11,4.43,"3-5 years"
"EMP3279","Corporate Services","Sales and Marketing","Professional","Individual Contributor","Remote","Northeast",2015-02-26,10.63,"6-10 years"
"EMP3280","Corporate Services","Sales and Marketing","Senior Professional","Individual Contributor","On-site","Midwest",2023-06-30,2.29,"1-2 years"
"EMP3281","Corporate Services","Sales and Marketing","Professional","Individual Contributor","Hybrid","Northeast",2020-04-24,5.48,"3-5 years"
"EMP3282","Corporate Services","Sales and Marketing","Senior Professional","Individual Contributor","Remote","Northeast",2021-08-26,4.14,"3-5 years"
"EMP3283","Corporate Services","Sales and Marketing","Entry Level","Individual Contributor","Remote","West",2024-01-15,1.75,"1-2 years"
"EMP3284","Corporate Services","Sales and Marketing","Entry Level","Individual Contributor","Remote","Northeast",2019-03-29,6.55,"6-10 years"
"EMP3285","Corporate Services","Sales and Marketing","Professional","Individual Contributor","On-site","Midwest",2013-03-13,12.59,"11 or more years"
"EMP3286","Corporate Services","Sales and Marketing","Professional","Individual Contributor","Remote","South",2024-07-24,1.23,"1-2 years"
"EMP3287","Corporate Services","Sales and Marketing","Senior Professional","Individual Contributor","Hybrid","Midwest",2011-11-20,13.9,"11 or more years"
"EMP3288","Corporate Services","Sales and Marketing","Professional","Individual Contributor","Hybrid","South",2022-01-09,3.76,"3-5 years"
"EMP3289","Corporate Services","Sales and Marketing","Entry Level","Individual Contributor","Hybrid","Northeast",2025-09-26,0.05,"Less than 1 year"
"EMP3290","Corporate Services","Sales and Marketing","Manager","People Manager","Hybrid","South",2020-06-25,5.31,"3-5 years"
"EMP3291","Corporate Services","Sales and Marketing","Director and Above","People Manager","Hybrid","South",2021-10-17,3.99,"3-5 years"
"EMP3292","Corporate Services","Sales and Marketing","Professional","Individual Contributor","Hybrid","South",2021-05-08,4.44,"3-5 years"
"EMP3293","Corporate Services","Sales and Marketing","Professional","Individual Contributor","Remote","West",2021-05-02,4.45,"3-5 years"
"EMP3294","Corporate Services","Sales and Marketing","Senior Professional","Individual Contributor","On-site","South",2022-09-01,3.12,"3-5 years"
"EMP3295","Corporate Services","Sales and Marketing","Professional","Individual Contributor","Remote","South",2021-02-15,4.66,"3-5 years"
"EMP3296","Corporate Services","Sales and Marketing","Senior Professional","Individual Contributor","On-site","West",2020-10-11,5.01,"3-5 years"
"EMP3297","Corporate Services","Sales and Marketing","Professional","Individual Contributor","On-site","Midwest",2025-06-19,0.32,"Less than 1 year"
"EMP3298","Corporate Services","Sales and Marketing","Professional","Individual Contributor","Hybrid","Midwest",2021-01-30,4.71,"3-5 years"
"EMP3299","Corporate Services","Sales and Marketing","Professional","Individual Contributor","Hybrid","West",2024-06-08,1.35,"1-2 years"
"EMP3300","Corporate Services","Sales and Marketing","Professional","Individual Contributor","Remote","South",2010-05-08,15.44,"11 or more years"
"EMP3301","Corporate Services","Sales and Marketing","Entry Level","Individual Contributor","Remote","West",2020-12-09,4.85,"3-5 years"
"EMP3302","Corporate Services","Sales and Marketing","Manager","People Manager","Hybrid","Northeast",2023-06-18,2.33,"1-2 years"
"EMP3303","Corporate Services","Sales and Marketing","Professional","Individual Contributor","Hybrid","West",2023-04-10,2.52,"1-2 years"
"EMP3304","Corporate Services","Sales and Marketing","Senior Professional","Individual Contributor","Hybrid","Northeast",2015-11-05,9.94,"6-10 years"
"EMP3305","Corporate Services","Sales and Marketing","Senior Professional","Individual Contributor","Remote","South",2006-03-20,19.57,"11 or more years"
"EMP3306","Corporate Services","Sales and Marketing","Professional","Individual Contributor","Remote","West",2023-12-17,1.83,"1-2 years"
"EMP3307","Corporate Services","Sales and Marketing","Professional","Individual Contributor","Hybrid","Midwest",2017-06-03,8.37,"6-10 years"
"EMP3308","Corporate Services","Sales and Marketing","Director and Above","People Manager","Hybrid","South",2017-01-01,8.79,"6-10 years"
"EMP3309","Corporate Services","Sales and Marketing","Senior Professional","Individual Contributor","Remote","West",2021-04-15,4.5,"3-5 years"
"EMP3310","Corporate Services","Sales and Marketing","Professional","Individual Contributor","Remote","Northeast",2024-05-05,1.45,"1-2 years"
"EMP3311","Corporate Services","Sales and Marketing","Senior Professional","Individual Contributor","Hybrid","Northeast",2020-08-24,5.14,"3-5 years"
"EMP3312","Corporate Services","Sales and Marketing","Senior Professional","Individual Contributor","Hybrid","Northeast",2025-09-06,0.11,"Less than 1 year"
"EMP3313","Corporate Services","Sales and Marketing","Professional","Individual Contributor","Hybrid","Midwest",2022-03-13,3.59,"3-5 years"
"EMP3314","Corporate Services","Sales and Marketing","Professional","Individual Contributor","Remote","Northeast",2025-07-22,0.23,"Less than 1 year"
"EMP3315","Corporate Services","Sales and Marketing","Professional","Individual Contributor","Remote","South",2023-08-22,2.15,"1-2 years"
"EMP3316","Corporate Services","Sales and Marketing","Senior Professional","Individual Contributor","Remote","Midwest",2020-11-16,4.91,"3-5 years"
"EMP3317","Corporate Services","Sales and Marketing","Senior Professional","Individual Contributor","Hybrid","Northeast",2025-10-07,0.02,"Less than 1 year"
"EMP3318","Corporate Services","Sales and Marketing","Professional","Individual Contributor","On-site","West",2021-04-29,4.46,"3-5 years"
"EMP3319","Corporate Services","Sales and Marketing","Senior Professional","Individual Contributor","Hybrid","Midwest",2022-09-03,3.12,"3-5 years"
"EMP3320","Corporate Services","Sales and Marketing","Professional","Individual Contributor","Hybrid","Northeast",2017-11-18,7.91,"6-10 years"
"EMP3321","Corporate Services","Sales and Marketing","Professional","Individual Contributor","Remote","South",2025-04-20,0.49,"Less than 1 year"
"EMP3322","Corporate Services","Sales and Marketing","Senior Professional","Individual Contributor","Hybrid","West",2024-08-08,1.19,"1-2 years"
"EMP3323","Corporate Services","Sales and Marketing","Professional","Individual Contributor","Hybrid","Midwest",2023-08-16,2.17,"1-2 years"
"EMP3324","Corporate Services","Sales and Marketing","Entry Level","Individual Contributor","Remote","South",2022-05-11,3.43,"3-5 years"
"EMP3325","Corporate Services","Sales and Marketing","Director and Above","People Manager","Hybrid","Northeast",2015-01-04,10.78,"6-10 years"
"EMP3326","Corporate Services","Sales and Marketing","Senior Professional","Individual Contributor","Remote","Midwest",2022-10-23,2.98,"1-2 years"
"EMP3327","Corporate Services","Sales and Marketing","Professional","Individual Contributor","Remote","Midwest",2021-10-18,3.99,"3-5 years"
"EMP3328","Corporate Services","Sales and Marketing","Professional","Individual Contributor","Hybrid","Northeast",2025-09-29,0.04,"Less than 1 year"
"EMP3329","Corporate Services","Sales and Marketing","Professional","Individual Contributor","Remote","South",2020-01-04,5.78,"3-5 years"
"EMP3330","Corporate Services","Sales and Marketing","Professional","Individual Contributor","Remote","West",2022-11-17,2.91,"1-2 years"
"EMP3331","Corporate Services","Sales and Marketing","Entry Level","Individual Contributor","Remote","South",2023-08-08,2.19,"1-2 years"
"EMP3332","Corporate Services","Sales and Marketing","Professional","Individual Contributor","Hybrid","Midwest",2020-03-04,5.62,"3-5 years"
"EMP3333","Corporate Services","Sales and Marketing","Professional","Individual Contributor","Remote","Midwest",2025-02-07,0.68,"Less than 1 year"
"EMP3334","Corporate Services","Sales and Marketing","Senior Professional","Individual Contributor","Remote","Northeast",2018-03-26,7.56,"6-10 years"
"EMP3335","Corporate Services","Sales and Marketing","Entry Level","Individual Contributor","Remote","South",2025-02-24,0.64,"Less than 1 year"
"EMP3336","Corporate Services","Sales and Marketing","Professional","Individual Contributor","Hybrid","West",2021-01-12,4.76,"3-5 years"
"EMP3337","Corporate Services","Sales and Marketing","Senior Professional","Individual Contributor","Hybrid","West",2017-09-17,8.08,"6-10 years"
"EMP3338","Corporate Services","Sales and Marketing","Senior Professional","Individual Contributor","Remote","Midwest",2019-08-24,6.14,"6-10 years"
"EMP3339","Corporate Services","Sales and Marketing","Senior Professional","Individual Contributor","On-site","Midwest",2013-05-18,12.41,"11 or more years"
"EMP3340","Corporate Services","Sales and Marketing","Director and Above","People Manager","On-site","South",2017-03-13,8.59,"6-10 years"
"EMP3341","Corporate Services","Sales and Marketing","Entry Level","Individual Contributor","Remote","Midwest",2023-10-29,1.96,"1-2 years"
"EMP3342","Corporate Services","Sales and Marketing","Manager","Individual Contributor","Remote","Northeast",2011-09-15,14.08,"11 or more years"
"EMP3343","Corporate Services","Sales and Marketing","Professional","Individual Contributor","Hybrid","Midwest",2024-11-24,0.89,"Less than 1 year"
"EMP3344","Corporate Services","Sales and Marketing","Professional","Individual Contributor","Hybrid","Midwest",2023-10-24,1.98,"1-2 years"
"EMP3345","Corporate Services","Sales and Marketing","Professional","Individual Contributor","Remote","Midwest",2023-05-12,2.43,"1-2 years"
"EMP3346","Corporate Services","Sales and Marketing","Professional","Individual Contributor","Remote","Midwest",2024-12-03,0.87,"Less than 1 year"
"EMP3347","Corporate Services","Sales and Marketing","Professional","Individual Contributor","Hybrid","West",2020-04-25,5.47,"3-5 years"
"EMP3348","Corporate Services","Sales and Marketing","Entry Level","Individual Contributor","Hybrid","West",2025-06-07,0.36,"Less than 1 year"
"EMP3349","Corporate Services","Sales and Marketing","Senior Professional","Individual Contributor","Hybrid","West",2025-02-10,0.68,"Less than 1 year"
"EMP3350","Corporate Services","Sales and Marketing","Senior Professional","Individual Contributor","Hybrid","Northeast",2023-01-13,2.75,"1-2 years"
"EMP3351","Corporate Services","Sales and Marketing","Professional","Individual Contributor","Hybrid","Midwest",2009-02-17,16.66,"11 or more years"
"EMP3352","Corporate Services","Sales and Marketing","Professional","Individual Contributor","Hybrid","Midwest",2020-10-01,5.04,"3-5 years"
"EMP3353","Corporate Services","Sales and Marketing","Entry Level","Individual Contributor","Hybrid","South",2025-08-30,0.13,"Less than 1 year"
"EMP3354","Corporate Services","Sales and Marketing","Professional","Individual Contributor","Hybrid","Northeast",2023-12-26,1.8,"1-2 years"
"EMP3355","Corporate Services","Sales and Marketing","Entry Level","Individual Contributor","Hybrid","Northeast",2023-05-25,2.39,"1-2 years"
"EMP3356","Corporate Services","Sales and Marketing","Entry Level","Individual Contributor","Hybrid","Midwest",2019-06-30,6.29,"6-10 years"
"EMP3357","Corporate Services","Sales and Marketing","Professional","Individual Contributor","On-site","South",2023-04-06,2.53,"1-2 years"
"EMP3358","Corporate Services","Sales and Marketing","Professional","Individual Contributor","Remote","South",2016-06-16,9.33,"6-10 years"
"EMP3359","Corporate Services","Sales and Marketing","Senior Professional","Individual Contributor","Remote","Midwest",2010-09-04,15.11,"11 or more years"
"EMP3360","Corporate Services","Sales and Marketing","Senior Professional","Individual Contributor","Remote","West",2017-03-06,8.61,"6-10 years"
"EMP3361","Corporate Services","Sales and Marketing","Professional","People Manager","Remote","West",2017-06-24,8.31,"6-10 years"
"EMP3362","Corporate Services","Sales and Marketing","Manager","People Manager","Hybrid","Northeast",2022-11-23,2.89,"1-2 years"
"EMP3363","Corporate Services","Sales and Marketing","Professional","Individual Contributor","On-site","Midwest",2024-11-02,0.95,"Less than 1 year"
"EMP3364","Corporate Services","Sales and Marketing","Professional","Individual Contributor","Hybrid","West",2025-04-07,0.52,"Less than 1 year"
"EMP3365","Corporate Services","Sales and Marketing","Professional","Individual Contributor","Remote","Northeast",2023-04-17,2.5,"1-2 years"
"EMP3366","Corporate Services","Sales and Marketing","Professional","Individual Contributor","Hybrid","Midwest",2024-02-23,1.64,"1-2 years"
"EMP3367","Corporate Services","Sales and Marketing","Professional","Individual Contributor","Remote","South",2025-03-22,0.57,"Less than 1 year"
"EMP3368","Corporate Services","Sales and Marketing","Professional","Individual Contributor","Hybrid","West",2024-07-03,1.28,"1-2 years"
"EMP3369","Corporate Services","Sales and Marketing","Entry Level","Individual Contributor","Hybrid","South",2021-06-19,4.32,"3-5 years"
"EMP3370","Corporate Services","Sales and Marketing","Professional","Individual Contributor","Hybrid","Northeast",2016-10-30,8.96,"6-10 years"
"EMP3371","Corporate Services","Sales and Marketing","Professional","Individual Contributor","Hybrid","Northeast",2016-02-10,9.68,"6-10 years"
"EMP3372","Corporate Services","Sales and Marketing","Professional","Individual Contributor","Hybrid","South",2017-10-08,8.02,"6-10 years"
"EMP3373","Corporate Services","Sales and Marketing","Senior Professional","Individual Contributor","Remote","West",2020-10-17,4.99,"3-5 years"
"EMP3374","Corporate Services","Sales and Marketing","Professional","Individual Contributor","On-site","South",2009-09-28,16.05,"11 or more years"
"EMP3375","Corporate Services","Sales and Marketing","Professional","Individual Contributor","Remote","South",2020-09-14,5.08,"3-5 years"
"EMP3376","Corporate Services","Sales and Marketing","Professional","Individual Contributor","Remote","West",2006-11-12,18.92,"11 or more years"
"EMP3377","Corporate Services","Sales and Marketing","Senior Professional","Individual Contributor","Hybrid","West",2020-08-16,5.16,"3-5 years"
"EMP3378","Corporate Services","Sales and Marketing","Professional","Individual Contributor","On-site","South",2025-04-18,0.49,"Less than 1 year"
"EMP3379","Corporate Services","Sales and Marketing","Senior Professional","Individual Contributor","On-site","Northeast",2018-06-30,7.29,"6-10 years"
"EMP3380","Corporate Services","Sales and Marketing","Professional","Individual Contributor","Remote","Northeast",2018-02-17,7.66,"6-10 years"
"EMP3381","Corporate Services","Sales and Marketing","Senior Professional","Individual Contributor","Hybrid","Midwest",2025-09-11,0.09,"Less than 1 year"
"EMP3382","Corporate Services","Sales and Marketing","Senior Professional","Individual Contributor","Hybrid","South",2020-11-02,4.95,"3-5 years"
"EMP3383","Corporate Services","Sales and Marketing","Senior Professional","Individual Contributor","Remote","South",2021-02-01,4.7,"3-5 years"
"EMP3384","Corporate Services","Sales and Marketing","Entry Level","Individual Contributor","Hybrid","Northeast",2020-11-22,4.9,"3-5 years"
"EMP3385","Corporate Services","Sales and Marketing","Professional","Individual Contributor","Hybrid","West",2022-07-11,3.26,"3-5 years"
"EMP3386","Corporate Services","Sales and Marketing","Director and Above","People Manager","Remote","West",2019-11-06,5.94,"3-5 years"
"EMP3387","Corporate Services","Sales and Marketing","Senior Professional","Individual Contributor","Remote","Northeast",2014-02-12,11.67,"11 or more years"
"EMP3388","Corporate Services","Sales and Marketing","Professional","Individual Contributor","Remote","West",2021-10-24,3.98,"3-5 years"
"EMP3389","Corporate Services","Sales and Marketing","Professional","Individual Contributor","Remote","West",2023-04-07,2.52,"1-2 years"
"EMP3390","Corporate Services","Sales and Marketing","Professional","Individual Contributor","Remote","South",2017-03-10,8.6,"6-10 years"
"EMP3391","Corporate Services","Sales and Marketing","Professional","Individual Contributor","Hybrid","West",2015-04-16,10.5,"6-10 years"
"EMP3392","Corporate Services","Sales and Marketing","Senior Professional","Individual Contributor","Hybrid","Midwest",2020-01-11,5.76,"3-5 years"
"EMP3393","Corporate Services","Sales and Marketing","Senior Professional","Individual Contributor","Hybrid","Midwest",2021-07-06,4.28,"3-5 years"
"EMP3394","Corporate Services","Sales and Marketing","Manager","People Manager","Remote","Northeast",2024-05-05,1.45,"1-2 years"
"EMP3395","Corporate Services","Sales and Marketing","Entry Level","Individual Contributor","Hybrid","South",2024-05-08,1.44,"1-2 years"
"EMP3396","Corporate Services","Sales and Marketing","Manager","People Manager","Hybrid","South",2012-12-16,12.83,"11 or more years"
"EMP3397","Corporate Services","Sales and Marketing","Director and Above","People Manager","Remote","Northeast",2023-03-18,2.58,"1-2 years"
"EMP3398","Corporate Services","Sales and Marketing","Senior Professional","People Manager","Hybrid","Midwest",2015-01-19,10.74,"6-10 years"
"EMP3399","Corporate Services","Sales and Marketing","Entry Level","Individual Contributor","Hybrid","Northeast",2023-09-22,2.06,"1-2 years"
"EMP3400","Corporate Services","Sales and Marketing","Professional","Individual Contributor","Remote","South",2024-02-19,1.65,"1-2 years"
"EMP3401","Corporate Services","Sales and Marketing","Entry Level","Individual Contributor","Hybrid","South",2023-01-19,2.74,"1-2 years"
"EMP3402","Corporate Services","Sales and Marketing","Entry Level","Individual Contributor","Remote","Midwest",2021-03-04,4.62,"3-5 years"
"EMP3403","Corporate Services","Sales and Marketing","Entry Level","Individual Contributor","On-site","West",2023-01-17,2.74,"1-2 years"
"EMP3404","Corporate Services","Sales and Marketing","Professional","Individual Contributor","Remote","South",2020-02-10,5.68,"3-5 years"
"EMP3405","Corporate Services","Sales and Marketing","Manager","People Manager","On-site","South",2022-10-13,3.01,"3-5 years"
"EMP3406","Corporate Services","Sales and Marketing","Professional","Individual Contributor","Remote","South",2020-10-25,4.97,"3-5 years"
"EMP3407","Corporate Services","Sales and Marketing","Manager","People Manager","Remote","Midwest",2005-05-19,20.41,"11 or more years"
"EMP3408","Corporate Services","Sales and Marketing","Professional","Individual Contributor","Hybrid","Northeast",2024-07-13,1.26,"1-2 years"
"EMP3409","Corporate Services","Sales and Marketing","Professional","Individual Contributor","Remote","Northeast",2013-01-12,12.76,"11 or more years"
"EMP3410","Corporate Services","Sales and Marketing","Senior Professional","Individual Contributor","Hybrid","Northeast",2020-05-04,5.45,"3-5 years"
"EMP3411","Corporate Services","Sales and Marketing","Senior Professional","Individual Contributor","Remote","West",2022-07-22,3.23,"3-5 years"
"EMP3412","Corporate Services","Sales and Marketing","Director and Above","People Manager","Remote","Midwest",2015-11-12,9.92,"6-10 years"
"EMP3413","Corporate Services","Sales and Marketing","Senior Professional","Individual Contributor","Remote","West",2023-06-19,2.32,"1-2 years"
"EMP3414","Corporate Services","Sales and Marketing","Senior Professional","Individual Contributor","Remote","West",2025-08-13,0.17,"Less than 1 year"
"EMP3415","Corporate Services","Sales and Marketing","Director and Above","Individual Contributor","Remote","Northeast",2014-01-25,11.72,"11 or more years"
"EMP3416","Corporate Services","Sales and Marketing","Senior Professional","Individual Contributor","Hybrid","Midwest",2018-03-06,7.61,"6-10 years"
"EMP3417","Corporate Services","Sales and Marketing","Professional","Individual Contributor","Hybrid","Midwest",2025-08-14,0.17,"Less than 1 year"
"EMP3418","Corporate Services","Sales and Marketing","Senior Professional","Individual Contributor","Remote","South",2021-10-16,4,"3-5 years"
"EMP3419","Corporate Services","Sales and Marketing","Entry Level","Individual Contributor","Remote","West",2025-06-27,0.3,"Less than 1 year"
"EMP3420","Corporate Services","Sales and Marketing","Professional","Individual Contributor","Hybrid","Midwest",2022-06-28,3.3,"3-5 years"
"EMP3421","Corporate Services","Sales and Marketing","Entry Level","Individual Contributor","Hybrid","Midwest",2022-09-30,3.04,"3-5 years"
"EMP3422","Corporate Services","Sales and Marketing","Senior Professional","Individual Contributor","Hybrid","West",2016-10-01,9.04,"6-10 years"
"EMP3423","Corporate Services","Sales and Marketing","Senior Professional","Individual Contributor","Hybrid","Northeast",2011-11-14,13.92,"11 or more years"
"EMP3424","Corporate Services","Sales and Marketing","Manager","People Manager","Remote","South",2023-05-20,2.41,"1-2 years"
"EMP3425","Corporate Services","Sales and Marketing","Manager","People Manager","On-site","Midwest",2022-08-26,3.14,"3-5 years"
"EMP3426","Corporate Services","Sales and Marketing","Senior Professional","Individual Contributor","On-site","South",2020-05-12,5.43,"3-5 years"
"EMP3427","Corporate Services","Sales and Marketing","Manager","People Manager","Remote","West",2025-06-23,0.31,"Less than 1 year"
"EMP3428","Corporate Services","Sales and Marketing","Senior Professional","Individual Contributor","Hybrid","Northeast",2016-05-06,9.44,"6-10 years"
"EMP3429","Corporate Services","Sales and Marketing","Entry Level","Individual Contributor","On-site","Northeast",2017-02-22,8.64,"6-10 years"
"EMP3430","Corporate Services","Sales and Marketing","Manager","People Manager","Hybrid","Midwest",2016-01-15,9.75,"6-10 years"
"EMP3431","Corporate Services","Sales and Marketing","Senior Professional","Individual Contributor","Remote","South",2023-10-21,1.98,"1-2 years"
"EMP3432","Corporate Services","Sales and Marketing","Professional","Individual Contributor","On-site","Northeast",2023-07-08,2.27,"1-2 years"
"EMP3433","Corporate Services","Sales and Marketing","Professional","Individual Contributor","On-site","South",2023-12-08,1.85,"1-2 years"
"EMP3434","Corporate Services","Sales and Marketing","Senior Professional","Individual Contributor","Hybrid","South",2019-02-17,6.66,"6-10 years"
"EMP3435","Corporate Services","Sales and Marketing","Professional","Individual Contributor","Remote","West",2022-06-08,3.35,"3-5 years"
"EMP3436","Corporate Services","Sales and Marketing","Senior Professional","People Manager","Remote","Midwest",2022-09-04,3.11,"3-5 years"
"EMP3437","Corporate Services","Sales and Marketing","Senior Professional","People Manager","Hybrid","Midwest",2005-01-28,20.71,"11 or more years"
"EMP3438","Corporate Services","Sales and Marketing","Professional","Individual Contributor","Hybrid","Northeast",2011-08-19,14.16,"11 or more years"
"EMP3439","Corporate Services","Sales and Marketing","Entry Level","Individual Contributor","Hybrid","Midwest",2023-02-14,2.67,"1-2 years"
"EMP3440","Corporate Services","Sales and Marketing","Senior Professional","Individual Contributor","Hybrid","Northeast",2022-07-23,3.23,"3-5 years"
"EMP3441","Corporate Services","Sales and Marketing","Manager","People Manager","Hybrid","Northeast",2016-10-17,8.99,"6-10 years"
"EMP3442","Corporate Services","Sales and Marketing","Professional","Individual Contributor","Remote","West",2019-07-21,6.24,"6-10 years"
"EMP3443","Corporate Services","Sales and Marketing","Senior Professional","Individual Contributor","Hybrid","Midwest",2017-12-16,7.83,"6-10 years"
"EMP3444","Corporate Services","Sales and Marketing","Director and Above","People Manager","Remote","Northeast",2023-05-26,2.39,"1-2 years"
"EMP3445","Corporate Services","Sales and Marketing","Entry Level","Individual Contributor","Remote","South",2023-09-08,2.1,"1-2 years"
"EMP3446","Corporate Services","Sales and Marketing","Senior Professional","Individual Contributor","Remote","West",2021-07-01,4.29,"3-5 years"
"EMP3447","Corporate Services","Sales and Marketing","Manager","People Manager","Hybrid","Midwest",2021-02-01,4.7,"3-5 years"
"EMP3448","Corporate Services","Sales and Marketing","Professional","Individual Contributor","Hybrid","South",2024-08-19,1.16,"1-2 years"
"EMP3449","Corporate Services","Sales and Marketing","Professional","Individual Contributor","Hybrid","Midwest",2016-05-13,9.42,"6-10 years"
"EMP3450","Corporate Services","Sales and Marketing","Professional","Individual Contributor","Remote","South",2021-10-26,3.97,"3-5 years"
"EMP3451","Corporate Services","Sales and Marketing","Senior Professional","Individual Contributor","Hybrid","South",2022-03-13,3.59,"3-5 years"
"EMP3452","Corporate Services","Sales and Marketing","Entry Level","Individual Contributor","Hybrid","Northeast",2023-06-19,2.32,"1-2 years"
"EMP3453","Corporate Services","Sales and Marketing","Professional","Individual Contributor","Remote","South",2019-12-25,5.81,"3-5 years"
"EMP3454","Corporate Services","Sales and Marketing","Professional","Individual Contributor","Hybrid","West",2021-01-24,4.72,"3-5 years"
"EMP3455","Corporate Services","Sales and Marketing","Senior Professional","People Manager","Remote","Midwest",2020-05-05,5.45,"3-5 years"
"EMP3456","Corporate Services","Sales and Marketing","Professional","Individual Contributor","Remote","South",2023-06-23,2.31,"1-2 years"
"EMP3457","Corporate Services","Sales and Marketing","Manager","People Manager","Remote","Midwest",2021-12-22,3.81,"3-5 years"
"EMP3458","Corporate Services","Sales and Marketing","Professional","Individual Contributor","Hybrid","West",2015-12-01,9.87,"6-10 years"
"EMP3459","Corporate Services","Sales and Marketing","Professional","Individual Contributor","On-site","Midwest",2023-06-18,2.33,"1-2 years"
"EMP3460","Corporate Services","Sales and Marketing","Professional","Individual Contributor","Remote","West",2022-08-02,3.2,"3-5 years"
"EMP3461","Corporate Services","Sales and Marketing","Director and Above","People Manager","Hybrid","Northeast",2010-11-28,14.88,"11 or more years"
"EMP3462","Corporate Services","Sales and Marketing","Manager","People Manager","On-site","South",2017-10-26,7.97,"6-10 years"
"EMP3463","Corporate Services","Sales and Marketing","Senior Professional","People Manager","Hybrid","Midwest",2020-07-13,5.26,"3-5 years"
"EMP3464","Corporate Services","Sales and Marketing","Professional","Individual Contributor","Hybrid","Northeast",2019-10-31,5.96,"3-5 years"
"EMP3465","Corporate Services","Sales and Marketing","Manager","Individual Contributor","Hybrid","West",2016-12-20,8.82,"6-10 years"
"EMP3466","Corporate Services","Sales and Marketing","Professional","Individual Contributor","Remote","West",2011-02-24,14.64,"11 or more years"
"EMP3467","Corporate Services","Sales and Marketing","Professional","Individual Contributor","Remote","West",2024-12-16,0.83,"Less than 1 year"
"EMP3468","Corporate Services","Sales and Marketing","Entry Level","Individual Contributor","Remote","West",2024-04-27,1.47,"1-2 years"
"EMP3469","Corporate Services","Sales and Marketing","Professional","Individual Contributor","Remote","Northeast",2020-09-21,5.07,"3-5 years"
"EMP3470","Corporate Services","Sales and Marketing","Entry Level","Individual Contributor","Hybrid","West",2020-02-24,5.64,"3-5 years"
"EMP3471","Corporate Services","Sales and Marketing","Professional","Individual Contributor","On-site","South",2024-07-21,1.23,"1-2 years"
"EMP3472","Corporate Services","Sales and Marketing","Manager","People Manager","On-site","West",2023-10-21,1.98,"1-2 years"
"EMP3473","Corporate Services","Sales and Marketing","Professional","Individual Contributor","Hybrid","Northeast",2025-04-20,0.49,"Less than 1 year"
"EMP3474","Corporate Services","Sales and Marketing","Entry Level","Individual Contributor","Hybrid","Midwest",2025-06-21,0.32,"Less than 1 year"
"EMP3475","Corporate Services","Sales and Marketing","Professional","Individual Contributor","On-site","South",2024-06-11,1.34,"1-2 years"
"EMP3476","Corporate Services","Sales and Marketing","Manager","People Manager","Hybrid","Midwest",2018-05-17,7.41,"6-10 years"
"EMP3477","Corporate Services","Sales and Marketing","Senior Professional","Individual Contributor","On-site","Midwest",2024-04-02,1.54,"1-2 years"
"EMP3478","Corporate Services","Sales and Marketing","Entry Level","Individual Contributor","Remote","West",2023-01-18,2.74,"1-2 years"
"EMP3479","Corporate Services","Sales and Marketing","Manager","People Manager","Remote","South",2018-01-27,7.72,"6-10 years"
"EMP3480","Corporate Services","Sales and Marketing","Professional","Individual Contributor","Remote","Northeast",2006-08-29,19.13,"11 or more years"
"EMP3481","Corporate Services","Sales and Marketing","Director and Above","People Manager","Remote","Northeast",2023-12-14,1.84,"1-2 years"
"EMP3482","Corporate Services","Sales and Marketing","Professional","Individual Contributor","Remote","Midwest",2015-05-22,10.4,"6-10 years"
"EMP3483","Corporate Services","Sales and Marketing","Entry Level","Individual Contributor","Remote","Northeast",2019-11-01,5.95,"3-5 years"
"EMP3484","Corporate Services","Sales and Marketing","Professional","Individual Contributor","Remote","Northeast",2024-03-18,1.58,"1-2 years"
"EMP3485","Corporate Services","Sales and Marketing","Professional","Individual Contributor","Remote","Northeast",2023-09-15,2.08,"1-2 years"
"EMP3486","Corporate Services","Sales and Marketing","Senior Professional","Individual Contributor","Remote","Midwest",2021-07-11,4.26,"3-5 years"
"EMP3487","Corporate Services","Sales and Marketing","Senior Professional","Individual Contributor","Remote","West",2008-07-28,17.22,"11 or more years"
"EMP3488","Corporate Services","Sales and Marketing","Professional","Individual Contributor","On-site","Northeast",2025-07-20,0.24,"Less than 1 year"
"EMP3489","Corporate Services","Sales and Marketing","Professional","Individual Contributor","Hybrid","West",2025-06-20,0.32,"Less than 1 year"
"EMP3490","Corporate Services","Sales and Marketing","Manager","Individual Contributor","Hybrid","Midwest",2019-02-20,6.65,"6-10 years"
"EMP3491","Corporate Services","Sales and Marketing","Entry Level","Individual Contributor","Hybrid","West",2021-02-16,4.66,"3-5 years"
"EMP3492","Corporate Services","Sales and Marketing","Professional","Individual Contributor","Remote","Midwest",2021-05-30,4.38,"3-5 years"
"EMP3493","Corporate Services","Sales and Marketing","Senior Professional","Individual Contributor","Hybrid","South",2020-03-20,5.57,"3-5 years"
"EMP3494","Corporate Services","Sales and Marketing","Professional","Individual Contributor","Remote","Midwest",2025-09-07,0.1,"Less than 1 year"
"EMP3495","Corporate Services","Sales and Marketing","Manager","People Manager","Hybrid","South",2024-07-18,1.24,"1-2 years"
"EMP3496","Corporate Services","Sales and Marketing","Senior Professional","Individual Contributor","Remote","West",2025-01-03,0.78,"Less than 1 year"
"EMP3497","Corporate Services","Sales and Marketing","Senior Professional","Individual Contributor","Remote","West",2014-09-18,11.07,"11 or more years"
"EMP3498","Corporate Services","Sales and Marketing","Manager","People Manager","Hybrid","Midwest",2018-03-01,7.62,"6-10 years"
"EMP3499","Corporate Services","Sales and Marketing","Senior Professional","Individual Contributor","Remote","Northeast",2015-06-06,10.36,"6-10 years"
"EMP3500","Corporate Services","Sales and Marketing","Professional","Individual Contributor","On-site","Midwest",2021-08-27,4.13,"3-5 years"
"EMP3501","Corporate Services","Sales and Marketing","Professional","Individual Contributor","Remote","West",2020-08-14,5.17,"3-5 years"
"EMP3502","Corporate Services","Sales and Marketing","Senior Professional","Individual Contributor","Hybrid","Midwest",2024-04-21,1.48,"1-2 years"
"EMP3503","Corporate Services","Sales and Marketing","Professional","Individual Contributor","Hybrid","South",2025-05-10,0.43,"Less than 1 year"
"EMP3504","Corporate Services","Sales and Marketing","Professional","Individual Contributor","Hybrid","Midwest",2023-06-21,2.32,"1-2 years"
"EMP3505","Corporate Services","Sales and Marketing","Director and Above","People Manager","Hybrid","South",2023-04-23,2.48,"1-2 years"
"EMP3506","Corporate Services","Sales and Marketing","Manager","People Manager","Hybrid","West",2018-03-10,7.6,"6-10 years"
"EMP3507","Corporate Services","Sales and Marketing","Professional","Individual Contributor","Remote","Northeast",2022-02-14,3.67,"3-5 years"
"EMP3508","Corporate Services","Sales and Marketing","Professional","Individual Contributor","Hybrid","Midwest",2021-05-06,4.44,"3-5 years"
"EMP3509","Corporate Services","Sales and Marketing","Professional","Individual Contributor","Remote","Midwest",2017-12-02,7.87,"6-10 years"
"EMP3510","Corporate Services","Sales and Marketing","Professional","Individual Contributor","Hybrid","South",2025-01-08,0.77,"Less than 1 year"
"EMP3511","Corporate Services","Sales and Marketing","Professional","Individual Contributor","Remote","South",2011-07-28,14.22,"11 or more years"
"EMP3512","Corporate Services","Sales and Marketing","Entry Level","Individual Contributor","Hybrid","Midwest",2021-03-05,4.61,"3-5 years"
"EMP3513","Corporate Services","Sales and Marketing","Professional","Individual Contributor","Remote","Northeast",2017-05-18,8.41,"6-10 years"
"EMP3514","Corporate Services","Sales and Marketing","Senior Professional","Individual Contributor","Hybrid","Northeast",2023-03-13,2.59,"1-2 years"
"EMP3515","Corporate Services","Sales and Marketing","Professional","Individual Contributor","Remote","Northeast",2015-11-27,9.88,"6-10 years"
"EMP3516","Corporate Services","Sales and Marketing","Senior Professional","Individual Contributor","Hybrid","Northeast",2020-05-15,5.42,"3-5 years"
"EMP3517","Corporate Services","Sales and Marketing","Professional","Individual Contributor","Remote","West",2021-12-21,3.82,"3-5 years"
"EMP3518","Corporate Services","Sales and Marketing","Manager","People Manager","Hybrid","Midwest",2024-09-20,1.07,"1-2 years"
"EMP3519","Corporate Services","Sales and Marketing","Senior Professional","Individual Contributor","Remote","Northeast",2017-03-09,8.6,"6-10 years"
"EMP3520","Corporate Services","Sales and Marketing","Professional","Individual Contributor","Hybrid","West",2022-07-03,3.29,"3-5 years"
"EMP3521","Corporate Services","Sales and Marketing","Professional","Individual Contributor","Hybrid","South",2020-10-04,5.03,"3-5 years"
"EMP3522","Corporate Services","Sales and Marketing","Manager","People Manager","Hybrid","Northeast",2016-05-27,9.39,"6-10 years"
"EMP3523","Corporate Services","Sales and Marketing","Manager","People Manager","Remote","Midwest",2021-12-13,3.84,"3-5 years"
"EMP3524","Corporate Services","Sales and Marketing","Professional","Individual Contributor","On-site","West",2023-10-02,2.04,"1-2 years"
"EMP3525","Corporate Services","Sales and Marketing","Professional","Individual Contributor","Remote","Northeast",2023-12-12,1.84,"1-2 years"
"EMP3526","Corporate Services","Sales and Marketing","Professional","Individual Contributor","Remote","West",2024-04-02,1.54,"1-2 years"
"EMP3527","Corporate Services","Sales and Marketing","Professional","Individual Contributor","Remote","Northeast",2023-03-17,2.58,"1-2 years"
"EMP3528","Corporate Services","Sales and Marketing","Entry Level","Individual Contributor","Hybrid","West",2016-06-14,9.34,"6-10 years"
"EMP3529","Corporate Services","Sales and Marketing","Professional","Individual Contributor","On-site","South",2010-09-20,15.07,"11 or more years"
"EMP3530","Corporate Services","Sales and Marketing","Professional","Individual Contributor","Hybrid","West",2025-07-08,0.27,"Less than 1 year"
"EMP3531","Corporate Services","Sales and Marketing","Senior Professional","Individual Contributor","Hybrid","Northeast",2021-02-27,4.63,"3-5 years"
"EMP3532","Corporate Services","Sales and Marketing","Entry Level","Individual Contributor","Hybrid","Northeast",2024-11-19,0.9,"Less than 1 year"
"EMP3533","Corporate Services","Sales and Marketing","Professional","Individual Contributor","Remote","Northeast",2017-10-12,8.01,"6-10 years"
"EMP3534","Corporate Services","Sales and Marketing","Professional","Individual Contributor","On-site","Midwest",2019-05-11,6.43,"6-10 years"
"EMP3535","Corporate Services","Sales and Marketing","Senior Professional","Individual Contributor","Hybrid","Midwest",2024-11-30,0.87,"Less than 1 year"
"EMP3536","Corporate Services","Sales and Marketing","Entry Level","Individual Contributor","Remote","South",2023-09-08,2.1,"1-2 years"
"EMP3537","Corporate Services","Sales and Marketing","Entry Level","Individual Contributor","Remote","Northeast",2024-11-16,0.91,"Less than 1 year"
"EMP3538","Corporate Services","Sales and Marketing","Senior Professional","Individual Contributor","Remote","South",2022-08-28,3.13,"3-5 years"
"EMP3539","Corporate Services","Sales and Marketing","Professional","Individual Contributor","Hybrid","Northeast",2024-08-07,1.19,"1-2 years"
"EMP3540","Corporate Services","Sales and Marketing","Professional","Individual Contributor","Hybrid","Northeast",2022-02-25,3.64,"3-5 years"
"EMP3541","Corporate Services","Sales and Marketing","Professional","Individual Contributor","Hybrid","Northeast",2020-06-14,5.34,"3-5 years"
"EMP3542","Corporate Services","Sales and Marketing","Professional","Individual Contributor","On-site","West",2013-02-23,12.64,"11 or more years"
"EMP3543","Corporate Services","Sales and Marketing","Professional","Individual Contributor","Remote","South",2024-09-17,1.08,"1-2 years"
"EMP3544","Corporate Services","Sales and Marketing","Entry Level","Individual Contributor","Remote","South",2023-08-18,2.16,"1-2 years"
"EMP3545","Corporate Services","Sales and Marketing","Senior Professional","Individual Contributor","Remote","West",2008-08-15,17.17,"11 or more years"
"EMP3546","Corporate Services","Sales and Marketing","Professional","Individual Contributor","Hybrid","South",2008-03-16,17.58,"11 or more years"
"EMP3547","Corporate Services","Sales and Marketing","Manager","People Manager","Remote","South",2019-05-06,6.44,"6-10 years"
"EMP3548","Corporate Services","Sales and Marketing","Senior Professional","Individual Contributor","Hybrid","Northeast",2025-08-17,0.16,"Less than 1 year"
"EMP3549","Corporate Services","Sales and Marketing","Professional","Individual Contributor","Hybrid","Northeast",2022-08-13,3.17,"3-5 years"
"EMP3550","Corporate Services","Sales and Marketing","Professional","Individual Contributor","Remote","South",2016-03-10,9.6,"6-10 years"
"EMP3551","Corporate Services","Sales and Marketing","Senior Professional","Individual Contributor","Remote","West",2005-12-14,19.84,"11 or more years"
"EMP3552","Corporate Services","Sales and Marketing","Director and Above","People Manager","Hybrid","West",2023-04-04,2.53,"1-2 years"
"EMP3553","Corporate Services","Sales and Marketing","Professional","Individual Contributor","Hybrid","West",2019-03-29,6.55,"6-10 years"
"EMP3554","Corporate Services","Sales and Marketing","Professional","People Manager","Remote","Northeast",2025-01-27,0.71,"Less than 1 year"
"EMP3555","Corporate Services","Sales and Marketing","Professional","Individual Contributor","On-site","Northeast",2023-03-22,2.57,"1-2 years"
"EMP3556","Corporate Services","Sales and Marketing","Entry Level","Individual Contributor","Remote","West",2025-03-05,0.61,"Less than 1 year"
"EMP3557","Corporate Services","Sales and Marketing","Professional","Individual Contributor","Remote","West",2024-03-14,1.59,"1-2 years"
"EMP3558","Corporate Services","Sales and Marketing","Professional","Individual Contributor","Hybrid","Northeast",2021-10-16,4,"3-5 years"
"EMP3559","Corporate Services","Sales and Marketing","Professional","People Manager","Remote","South",2024-02-12,1.67,"1-2 years"
"EMP3560","Corporate Services","Sales and Marketing","Manager","People Manager","Remote","Midwest",2022-11-03,2.95,"1-2 years"
"EMP3561","Corporate Services","Sales and Marketing","Professional","Individual Contributor","Remote","Northeast",2016-09-18,9.07,"6-10 years"
"EMP3562","Corporate Services","Sales and Marketing","Entry Level","Individual Contributor","Hybrid","Northeast",2023-02-12,2.67,"1-2 years"
"EMP3563","Corporate Services","Sales and Marketing","Senior Professional","Individual Contributor","Remote","Midwest",2023-08-26,2.14,"1-2 years"
"EMP3564","Corporate Services","Sales and Marketing","Professional","Individual Contributor","Hybrid","South",2015-01-01,10.79,"6-10 years"
"EMP3565","Corporate Services","Sales and Marketing","Professional","Individual Contributor","Remote","Northeast",2019-08-01,6.21,"6-10 years"
"EMP3566","Corporate Services","Sales and Marketing","Professional","Individual Contributor","Hybrid","Northeast",2007-06-11,18.35,"11 or more years"
"EMP3567","Corporate Services","Sales and Marketing","Professional","Individual Contributor","Hybrid","South",2021-01-29,4.71,"3-5 years"
"EMP3568","Corporate Services","Sales and Marketing","Professional","Individual Contributor","Remote","Northeast",2007-04-28,18.47,"11 or more years"
"EMP3569","Corporate Services","Sales and Marketing","Manager","People Manager","On-site","South",2014-12-23,10.81,"6-10 years"
"EMP3570","Corporate Services","Sales and Marketing","Senior Professional","Individual Contributor","Remote","Northeast",2018-05-27,7.39,"6-10 years"
"EMP3571","Corporate Services","Sales and Marketing","Professional","Individual Contributor","Hybrid","West",2025-08-08,0.19,"Less than 1 year"
"EMP3572","Corporate Services","Sales and Marketing","Professional","Individual Contributor","Hybrid","West",2015-05-10,10.43,"6-10 years"
"EMP3573","Corporate Services","Sales and Marketing","Entry Level","Individual Contributor","Remote","Midwest",2016-07-03,9.28,"6-10 years"
"EMP3574","Corporate Services","Sales and Marketing","Senior Professional","Individual Contributor","Hybrid","Midwest",2012-01-30,13.71,"11 or more years"
"EMP3575","Corporate Services","Sales and Marketing","Entry Level","Individual Contributor","Remote","West",2025-08-12,0.18,"Less than 1 year"
"EMP3576","Corporate Services","Sales and Marketing","Professional","Individual Contributor","Remote","Northeast",2025-07-10,0.27,"Less than 1 year"
"EMP3577","Corporate Services","Sales and Marketing","Professional","Individual Contributor","Remote","South",2022-01-06,3.77,"3-5 years"
"EMP3578","Corporate Services","Sales and Marketing","Senior Professional","Individual Contributor","Remote","South",2020-01-26,5.72,"3-5 years"
"EMP3579","Corporate Services","Sales and Marketing","Senior Professional","Individual Contributor","Hybrid","Northeast",2023-04-12,2.51,"1-2 years"
"EMP3580","Corporate Services","Sales and Marketing","Professional","Individual Contributor","Remote","Midwest",2022-07-07,3.27,"3-5 years"
"EMP3581","Corporate Services","Sales and Marketing","Senior Professional","Individual Contributor","On-site","Northeast",2015-09-11,10.09,"6-10 years"
"EMP3582","Corporate Services","Sales and Marketing","Senior Professional","Individual Contributor","Remote","Northeast",2023-01-04,2.78,"1-2 years"
"EMP3583","Corporate Services","Sales and Marketing","Entry Level","Individual Contributor","Hybrid","Northeast",2020-06-17,5.33,"3-5 years"
"EMP3584","Corporate Services","Sales and Marketing","Professional","Individual Contributor","Hybrid","Midwest",2024-12-20,0.82,"Less than 1 year"
"EMP3585","Corporate Services","Sales and Marketing","Senior Professional","Individual Contributor","Hybrid","Northeast",2010-08-04,15.2,"11 or more years"
"EMP3586","Corporate Services","Sales and Marketing","Senior Professional","Individual Contributor","Remote","Midwest",2020-08-30,5.13,"3-5 years"
"EMP3587","Corporate Services","Sales and Marketing","Manager","People Manager","On-site","Northeast",2020-07-08,5.27,"3-5 years"
"EMP3588","Corporate Services","Sales and Marketing","Entry Level","Individual Contributor","On-site","West",2015-09-04,10.11,"6-10 years"
"EMP3589","Corporate Services","Sales and Marketing","Senior Professional","People Manager","Hybrid","Northeast",2018-08-15,7.17,"6-10 years"
"EMP3590","Corporate Services","Sales and Marketing","Manager","Individual Contributor","Hybrid","Northeast",2022-05-11,3.43,"3-5 years"
"EMP3591","Corporate Services","Sales and Marketing","Professional","Individual Contributor","Remote","South",2017-03-04,8.62,"6-10 years"
"EMP3592","Corporate Services","Sales and Marketing","Professional","Individual Contributor","Remote","Midwest",2016-04-02,9.54,"6-10 years"
"EMP3593","Corporate Services","Sales and Marketing","Entry Level","Individual Contributor","On-site","Northeast",2024-07-08,1.27,"1-2 years"
"EMP3594","Corporate Services","Sales and Marketing","Senior Professional","Individual Contributor","Hybrid","Midwest",2024-02-23,1.64,"1-2 years"
"EMP3595","Corporate Services","Sales and Marketing","Professional","Individual Contributor","Hybrid","South",2023-12-15,1.83,"1-2 years"
"EMP3596","Corporate Services","Sales and Marketing","Senior Professional","Individual Contributor","Hybrid","West",2012-02-02,13.7,"11 or more years"
"EMP3597","Corporate Services","Sales and Marketing","Professional","Individual Contributor","On-site","West",2018-06-27,7.3,"6-10 years"
"EMP3598","Corporate Services","Sales and Marketing","Senior Professional","Individual Contributor","Remote","South",2013-08-04,12.2,"11 or more years"
"EMP3599","Corporate Services","Sales and Marketing","Professional","Individual Contributor","Remote","South",2020-06-21,5.32,"3-5 years"
"EMP3600","Corporate Services","Sales and Marketing","Entry Level","Individual Contributor","Remote","West",2018-12-02,6.87,"6-10 years"
